фраза;букварикс;статья
cpcd30;44;Heli: вилочные погрузчики — модельный ряд и что учесть при покупке
heli cpcd25;27;Heli: вилочные погрузчики — модельный ряд и что учесть при покупке
heli cpd15;29;Heli: вилочные погрузчики — модельный ряд и что учесть при покупке
heli cpcd50;41;Heli: вилочные погрузчики — модельный ряд и что учесть при покупке
cpcd35;27;Heli: вилочные погрузчики — модельный ряд и что учесть при покупке
cpcd30 погрузчик;35;Heli: вилочные погрузчики — модельный ряд и что учесть при покупке
chl cpcd30;27;Heli: вилочные погрузчики — модельный ряд и что учесть при покупке
jac cpcd35;54;Heli: вилочные погрузчики — модельный ряд и что учесть при покупке
cpcd35 heli;43;Heli: вилочные погрузчики — модельный ряд и что учесть при покупке
heli cpcd15;29;Heli: вилочные погрузчики — модельный ряд и что учесть при покупке
heli cpcd30;68;Heli: вилочные погрузчики — модельный ряд и что учесть при покупке
cpcd100;27;Heli: вилочные погрузчики — модельный ряд и что учесть при покупке
liugong cpcd30;66;Heli: вилочные погрузчики — модельный ряд и что учесть при покупке
cpcd15;26;Heli: вилочные погрузчики — модельный ряд и что учесть при покупке
cpcd25 jac;21;Heli: вилочные погрузчики — модельный ряд и что учесть при покупке
jac cpcd30;21;Heli: вилочные погрузчики — модельный ряд и что учесть при покупке
hangcha cpcd30;21;Heli: вилочные погрузчики — модельный ряд и что учесть при покупке
heli cpcd20;21;Heli: вилочные погрузчики — модельный ряд и что учесть при покупке
cpcd50 погрузчик;21;Heli: вилочные погрузчики — модельный ряд и что учесть при покупке
cpcd15 jac;24;Heli: вилочные погрузчики — модельный ряд и что учесть при покупке
cpcd50;22;Heli: вилочные погрузчики — модельный ряд и что учесть при покупке
cpcd50 jac;24;Heli: вилочные погрузчики — модельный ряд и что учесть при покупке
cpcd25;20;Heli: вилочные погрузчики — модельный ряд и что учесть при покупке
heli cpcd70;12;Heli: вилочные погрузчики — модельный ряд и что учесть при покупке
cpcd100 heli;14;Heli: вилочные погрузчики — модельный ряд и что учесть при покупке
cpcd70 jac;15;Heli: вилочные погрузчики — модельный ряд и что учесть при покупке
jac cpcd20;13;Heli: вилочные погрузчики — модельный ряд и что учесть при покупке
cpcd50 hangcha;16;Heli: вилочные погрузчики — модельный ряд и что учесть при покупке
chl cpcd15;13;Heli: вилочные погрузчики — модельный ряд и что учесть при покупке
heli cpd20;18;Heli: вилочные погрузчики — модельный ряд и что учесть при покупке
liugong cpcd25;8;Heli: вилочные погрузчики — модельный ряд и что учесть при покупке
cpcd70;8;Heli: вилочные погрузчики — модельный ряд и что учесть при покупке
chl cpcd50;9;Heli: вилочные погрузчики — модельный ряд и что учесть при покупке
heli cpd25;9;Heli: вилочные погрузчики — модельный ряд и что учесть при покупке
hangcha cpcd20;11;Heli: вилочные погрузчики — модельный ряд и что учесть при покупке
cpcd20;10;Heli: вилочные погрузчики — модельный ряд и что учесть при покупке
dalian cpcd30;9;Heli: вилочные погрузчики — модельный ряд и что учесть при покупке
cpcd15 hangcha;11;Heli: вилочные погрузчики — модельный ряд и что учесть при покупке
hangcha cpcd35;9;Heli: вилочные погрузчики — модельный ряд и что учесть при покупке
kumpan cpcd35;6;Heli: вилочные погрузчики — модельный ряд и что учесть при покупке
liugong cpcd35;7;Heli: вилочные погрузчики — модельный ряд и что учесть при покупке
hangcha cpcd25;7;Heli: вилочные погрузчики — модельный ряд и что учесть при покупке
cpcd35 погрузчик;6;Heli: вилочные погрузчики — модельный ряд и что учесть при покупке
liugong cpcd15;7;Heli: вилочные погрузчики — модельный ряд и что учесть при покупке
cargador cpcd15;6;Heli: вилочные погрузчики — модельный ряд и что учесть при покупке
liugong cpcd50;8;Heli: вилочные погрузчики — модельный ряд и что учесть при покупке
heli cpd30;6;Heli: вилочные погрузчики — модельный ряд и что учесть при покупке
oxlift cpcd30;8;Heli: вилочные погрузчики — модельный ряд и что учесть при покупке
hangcha cpcd30 ag2;53;Heli: вилочные погрузчики — модельный ряд и что учесть при покупке
hangcha cpcd35 ag2;34;Heli: вилочные погрузчики — модельный ряд и что учесть при покупке
hangcha cpcd15 ag2;22;Heli: вилочные погрузчики — модельный ряд и что учесть при покупке
hangcha cpcd25 ag2;21;Heli: вилочные погрузчики — модельный ряд и что учесть при покупке
hangcha cpcd50 axg53;20;Heli: вилочные погрузчики — модельный ряд и что учесть при покупке
cpcd35 вилочный погрузчик;20;Heli: вилочные погрузчики — модельный ряд и что учесть при покупке
chl cpcd30 xc5k2c;18;Heli: вилочные погрузчики — модельный ряд и что учесть при покупке
погрузчик heli cpcd30;16;Heli: вилочные погрузчики — модельный ряд и что учесть при покупке
автопогрузчик jac cpcd35;16;Heli: вилочные погрузчики — модельный ряд и что учесть при покупке
вилочный погрузчик cpcd15;17;Heli: вилочные погрузчики — модельный ряд и что учесть при покупке
heli cpcd15 погрузчик;21;Heli: вилочные погрузчики — модельный ряд и что учесть при покупке
hangcha cpcd50 xrxw76;14;Heli: вилочные погрузчики — модельный ряд и что учесть при покупке
погрузчик heli cpcd35;14;Heli: вилочные погрузчики — модельный ряд и что учесть при покупке
tfn cpcd30 ag2;12;Heli: вилочные погрузчики — модельный ряд и что учесть при покупке
погрузчик jac cpcd35;12;Heli: вилочные погрузчики — модельный ряд и что учесть при покупке
heli cpcd25 погрузчик;14;Heli: вилочные погрузчики — модельный ряд и что учесть при покупке
hangcha cpcd35 xrw55f;9;Heli: вилочные погрузчики — модельный ряд и что учесть при покупке
chl cpcd30 m1k2c;9;Heli: вилочные погрузчики — модельный ряд и что учесть при покупке
погрузчик chl cpcd30;7;Heli: вилочные погрузчики — модельный ряд и что учесть при покупке
автопогрузчик cpcd30 jac;14;Heli: вилочные погрузчики — модельный ряд и что учесть при покупке
tfn cpcd15 ag2;7;Heli: вилочные погрузчики — модельный ряд и что учесть при покупке
tfn cpcd25 ag2;7;Heli: вилочные погрузчики — модельный ряд и что учесть при покупке
погрузчик вилочный cpcd50;7;Heli: вилочные погрузчики — модельный ряд и что учесть при покупке
погрузчик cpcd30 характеристики;7;Heli: вилочные погрузчики — модельный ряд и что учесть при покупке
hangcha cpcd30 xrw10f;6;Heli: вилочные погрузчики — модельный ряд и что учесть при покупке
heli cpcd70 характеристики;6;Heli: вилочные погрузчики — модельный ряд и что учесть при покупке
cpcd30 погрузчик вилочный;7;Heli: вилочные погрузчики — модельный ряд и что учесть при покупке
cpcd вилочный погрузчик;9;Heli: вилочные погрузчики — модельный ряд и что учесть при покупке
погрузчик heli cpcd20;5;Heli: вилочные погрузчики — модельный ряд и что учесть при покупке
heli cpcd35 купить;5;Heli: вилочные погрузчики — модельный ряд и что учесть при покупке
cpcd35 jac запчасти;5;Heli: вилочные погрузчики — модельный ряд и что учесть при покупке
tfn cpcd50 rxw19;5;Heli: вилочные погрузчики — модельный ряд и что учесть при покупке
автопогрузчик jac cpcd50;8;Heli: вилочные погрузчики — модельный ряд и что учесть при покупке
cpcd50 погрузчик hangcha;6;Heli: вилочные погрузчики — модельный ряд и что учесть при покупке
heli cpcd50 погрузчик;7;Heli: вилочные погрузчики — модельный ряд и что учесть при покупке
cpcd30 фильтр воздушный;11;Heli: вилочные погрузчики — модельный ряд и что учесть при покупке
cpcd35 ag2 tfn;8;Heli: вилочные погрузчики — модельный ряд и что учесть при покупке
характеристики dalian cpcd50;6;Heli: вилочные погрузчики — модельный ряд и что учесть при покупке
погрузчик вилочный liugong cpcd30;20;Heli: вилочные погрузчики — модельный ряд и что учесть при покупке
вилочный электропогрузчик heli cpd15;13;Heli: вилочные погрузчики — модельный ряд и что учесть при покупке
heli cpcd30 каталог запчастей;13;Heli: вилочные погрузчики — модельный ряд и что учесть при покупке
вилочный погрузчик heli cpcd30;18;Heli: вилочные погрузчики — модельный ряд и что учесть при покупке
heli cpcd15 технические характеристики;12;Heli: вилочные погрузчики — модельный ряд и что учесть при покупке
heli cpcd30 технические характеристики;12;Heli: вилочные погрузчики — модельный ряд и что учесть при покупке
hangcha cpcd30 ag2 погрузчик;17;Heli: вилочные погрузчики — модельный ряд и что учесть при покупке
вилочный погрузчик liugong cpcd35;13;Heli: вилочные погрузчики — модельный ряд и что учесть при покупке
вилочный погрузчик chl cpcd30;11;Heli: вилочные погрузчики — модельный ряд и что учесть при покупке
погрузчик вилочный heli cpcd35;20;Heli: вилочные погрузчики — модельный ряд и что учесть при покупке
heli cpcd35 технические характеристики;10;Heli: вилочные погрузчики — модельный ряд и что учесть при покупке
погрузчик вилочный jac cpcd35;13;Heli: вилочные погрузчики — модельный ряд и что учесть при покупке
jac cpcd35 каталог запчастей;11;Heli: вилочные погрузчики — модельный ряд и что учесть при покупке
jac cpcd15 технические характеристики;9;Heli: вилочные погрузчики — модельный ряд и что учесть при покупке
вилочный погрузчик chl cpcd35;8;Heli: вилочные погрузчики — модельный ряд и что учесть при покупке
heli cpd15 технические характеристики;8;Heli: вилочные погрузчики — модельный ряд и что учесть при покупке
каталог запчастей heli cpcd15;10;Heli: вилочные погрузчики — модельный ряд и что учесть при покупке
погрузчик jac cpcd 35;7;Heli: вилочные погрузчики — модельный ряд и что учесть при покупке
heli cpcd50 технические характеристики;7;Heli: вилочные погрузчики — модельный ряд и что учесть при покупке
вилочный погрузчик liugong cpcd15;7;Heli: вилочные погрузчики — модельный ряд и что учесть при покупке
вилочный погрузчик tfn cpcd30;7;Heli: вилочные погрузчики — модельный ряд и что учесть при покупке
tfn cpcd30 ag2 цена;7;Heli: вилочные погрузчики — модельный ряд и что учесть при покупке
jac cpcd35 технические характеристики;7;Heli: вилочные погрузчики — модельный ряд и что учесть при покупке
погрузчик jac cpcd 15;6;Heli: вилочные погрузчики — модельный ряд и что учесть при покупке
акб для heli cpd15;6;Heli: вилочные погрузчики — модельный ряд и что учесть при покупке
погрузчик вилочный liugong cpcd50;9;Heli: вилочные погрузчики — модельный ряд и что учесть при покупке
погрузчик jac cpcd 70;5;Heli: вилочные погрузчики — модельный ряд и что учесть при покупке
фильтр воздушный heli cpcd30;6;Heli: вилочные погрузчики — модельный ряд и что учесть при покупке
каталог запчастей jac cpcd50;6;Heli: вилочные погрузчики — модельный ряд и что учесть при покупке
погрузчик вилочный heli cpcd15;6;Heli: вилочные погрузчики — модельный ряд и что учесть при покупке
погрузчик вилочный liugong cpcd20;7;Heli: вилочные погрузчики — модельный ряд и что учесть при покупке
погрузчик вилочный heli cpcd25;9;Heli: вилочные погрузчики — модельный ряд и что учесть при покупке
jac cpcd30 вилочный погрузчик;7;Heli: вилочные погрузчики — модельный ряд и что учесть при покупке
jac 25 погрузчик cpcd;8;Heli: вилочные погрузчики — модельный ряд и что учесть при покупке
автопогрузчик jac cpcd30 цена;5;Heli: вилочные погрузчики — модельный ряд и что учесть при покупке
heli cpcd25 технические характеристики;5;Heli: вилочные погрузчики — модельный ряд и что учесть при покупке
вилочный погрузчик heli cpcd50;16;Heli: вилочные погрузчики — модельный ряд и что учесть при покупке
вилочный погрузчик cpcd15 jac;10;Heli: вилочные погрузчики — модельный ряд и что учесть при покупке
погрузчик вилочный hangcha cpcd;9;Heli: вилочные погрузчики — модельный ряд и что учесть при покупке
вилочный погрузчик heli cpcd35 характеристики;8;Heli: вилочные погрузчики — модельный ряд и что учесть при покупке
вилочный погрузчик heli cpcd15 характеристики;8;Heli: вилочные погрузчики — модельный ряд и что учесть при покупке
характеристики вилочный погрузчик heli cpcd30;12;Heli: вилочные погрузчики — модельный ряд и что учесть при покупке
погрузчик jac cpcd30 технические характеристики;6;Heli: вилочные погрузчики — модельный ряд и что учесть при покупке
погрузчик вилочный jac cpcd 35;7;Heli: вилочные погрузчики — модельный ряд и что учесть при покупке
купить вилочный погрузчик heli cpcd30;5;Heli: вилочные погрузчики — модельный ряд и что учесть при покупке
jac cpcd35 инструкция по эксплуатации;5;Heli: вилочные погрузчики — модельный ряд и что учесть при покупке
вилочный погрузчик heli cpcd50 технические характеристики;13;Heli: вилочные погрузчики — модельный ряд и что учесть при покупке
погрузчик вилочный liugong cpcd30 технические характеристики;7;Heli: вилочные погрузчики — модельный ряд и что учесть при покупке
heli вилочный погрузчик;76;Heli: вилочные погрузчики — модельный ряд и что учесть при покупке
погрузчик вилочный хели;38;Heli: вилочные погрузчики — модельный ряд и что учесть при покупке
вилочный погрузчик heli купить;28;Heli: вилочные погрузчики — модельный ряд и что учесть при покупке
вилочный погрузчик ep cpcd15t8;5;Heli: вилочные погрузчики — модельный ряд и что учесть при покупке
купить погрузчик хели вилочный;5;Heli: вилочные погрузчики — модельный ряд и что учесть при покупке
heli дизельный вилочный погрузчик;6;Heli: вилочные погрузчики — модельный ряд и что учесть при покупке
погрузчик вилочный 3 тонны heli;8;Heli: вилочные погрузчики — модельный ряд и что учесть при покупке
heli запчасти на вилочный погрузчик;14;Heli: вилочные погрузчики — модельный ряд и что учесть при покупке
вилочный погрузчик хели 3 тонны;5;Heli: вилочные погрузчики — модельный ряд и что учесть при покупке
хели вилочный погрузчик страна производитель;6;Heli: вилочные погрузчики — модельный ряд и что учесть при покупке
автопогрузчик heli;27;Heli: вилочные погрузчики — модельный ряд и что учесть при покупке
автопогрузчик dalian cpcd30db;9;Heli: вилочные погрузчики — модельный ряд и что учесть при покупке
автопогрузчик jac cpcd18;8;Heli: вилочные погрузчики — модельный ряд и что учесть при покупке
ep cpcd15t8 автопогрузчик;7;Heli: вилочные погрузчики — модельный ряд и что учесть при покупке
автопогрузчик вилочный heli cpcd18;5;Heli: вилочные погрузчики — модельный ряд и что учесть при покупке
автопогрузчик jac cpcd 35;6;Heli: вилочные погрузчики — модельный ряд и что учесть при покупке
вилочный электропогрузчик heli;6;Heli: вилочные погрузчики — модельный ряд и что учесть при покупке
cpd20 jac;8;JAC: вилочные погрузчики — модельный ряд и что учесть при покупке
вилочный погрузчик jac cpd15;6;JAC: вилочные погрузчики — модельный ряд и что учесть при покупке
jac вилочный погрузчик;70;JAC: вилочные погрузчики — модельный ряд и что учесть при покупке
джак погрузчик вилочный;44;JAC: вилочные погрузчики — модельный ряд и что учесть при покупке
jac вилочный погрузчик купить;16;JAC: вилочные погрузчики — модельный ряд и что учесть при покупке
дизельный погрузчик вилочный jac;7;JAC: вилочные погрузчики — модельный ряд и что учесть при покупке
погрузчик электрический вилочный jac;5;JAC: вилочные погрузчики — модельный ряд и что учесть при покупке
запчасти на вилочный погрузчик jac;9;JAC: вилочные погрузчики — модельный ряд и что учесть при покупке
погрузчик вилочный 5 тонн jac;10;JAC: вилочные погрузчики — модельный ряд и что учесть при покупке
jac вилочный погрузчик официальный сайт;7;JAC: вилочные погрузчики — модельный ряд и что учесть при покупке
погрузчик вилочный jac 3 тонны;10;JAC: вилочные погрузчики — модельный ряд и что учесть при покупке
jac автопогрузчик;9;JAC: вилочные погрузчики — модельный ряд и что учесть при покупке
электропогрузчик jac cpd 16;6;JAC: вилочные погрузчики — модельный ряд и что учесть при покупке
погрузчик вилочный тойота;90;Toyota: вилочные погрузчики — модельный ряд и что учесть при покупке
toyota вилочный погрузчик;36;Toyota: вилочные погрузчики — модельный ряд и что учесть при покупке
погрузчики вилочные тойота краснодар;21;Toyota: вилочные погрузчики — модельный ряд и что учесть при покупке
запчасти вилочные погрузчики toyota;11;Toyota: вилочные погрузчики — модельный ряд и что учесть при покупке
вилочный погрузчик тойота 15;9;Toyota: вилочные погрузчики — модельный ряд и что учесть при покупке
купить вилочный погрузчик тойота;13;Toyota: вилочные погрузчики — модельный ряд и что учесть при покупке
ошибки вилочного погрузчика тойота;5;Toyota: вилочные погрузчики — модельный ряд и что учесть при покупке
вилочный погрузчик тойота 20;6;Toyota: вилочные погрузчики — модельный ряд и что учесть при покупке
электрический вилочный погрузчик тойота;5;Toyota: вилочные погрузчики — модельный ряд и что учесть при покупке
7fb15 toyota вилочный погрузчик;5;Toyota: вилочные погрузчики — модельный ряд и что учесть при покупке
запчасти на вилочный погрузчик тойота;19;Toyota: вилочные погрузчики — модельный ряд и что учесть при покупке
запчасти для погрузчика тойота вилочного;24;Toyota: вилочные погрузчики — модельный ряд и что учесть при покупке
toyota вилочный погрузчик 62 8fd30;14;Toyota: вилочные погрузчики — модельный ряд и что учесть при покупке
погрузчик тойота вилочный 3 тонны;22;Toyota: вилочные погрузчики — модельный ряд и что учесть при покупке
купить вилочный погрузчик тойота бу;11;Toyota: вилочные погрузчики — модельный ряд и что учесть при покупке
вилочный погрузчик тойота 5 тонн;9;Toyota: вилочные погрузчики — модельный ряд и что учесть при покупке
вилочный погрузчик toyota 62 8fd15;6;Toyota: вилочные погрузчики — модельный ряд и что учесть при покупке
купить дизельный вилочный погрузчик тойота;6;Toyota: вилочные погрузчики — модельный ряд и что учесть при покупке
стартер на вилочный погрузчик тойота;5;Toyota: вилочные погрузчики — модельный ряд и что учесть при покупке
купить вилочный погрузчик тойота новый;6;Toyota: вилочные погрузчики — модельный ряд и что учесть при покупке
сколько весит вилочный погрузчик тойота;6;Toyota: вилочные погрузчики — модельный ряд и что учесть при покупке
тойота двигатель на вилочный погрузчик;5;Toyota: вилочные погрузчики — модельный ряд и что учесть при покупке
погрузчик вилочный тойота не заводится;6;Toyota: вилочные погрузчики — модельный ряд и что учесть при покупке
купить сиденье на вилочный погрузчик тойота;7;Toyota: вилочные погрузчики — модельный ряд и что учесть при покупке
автопогрузчик toyota;10;Toyota: вилочные погрузчики — модельный ряд и что учесть при покупке
тойота автопогрузчик;10;Toyota: вилочные погрузчики — модельный ряд и что учесть при покупке
тойота автопогрузчик вилочный;7;Toyota: вилочные погрузчики — модельный ряд и что учесть при покупке
тойота автопогрузчик 62 8fd15;13;Toyota: вилочные погрузчики — модельный ряд и что учесть при покупке
toyota автопогрузчик 62 8fd25;9;Toyota: вилочные погрузчики — модельный ряд и что учесть при покупке
toyota 32 8fg15 автопогрузчик;12;Toyota: вилочные погрузчики — модельный ряд и что учесть при покупке
автопогрузчик toyota 62 8fd30;5;Toyota: вилочные погрузчики — модельный ряд и что учесть при покупке
тойота вилочный электропогрузчик;13;Toyota: вилочные погрузчики — модельный ряд и что учесть при покупке
hangcha cpd20;8;Hangcha: вилочные погрузчики — модельный ряд и что учесть при покупке
hangcha вилочный погрузчик;59;Hangcha: вилочные погрузчики — модельный ряд и что учесть при покупке
ханча погрузчик вилочный;47;Hangcha: вилочные погрузчики — модельный ряд и что учесть при покупке
вилочные погрузчики хангча;11;Hangcha: вилочные погрузчики — модельный ряд и что учесть при покупке
вилочный погрузчик hangcha купить;16;Hangcha: вилочные погрузчики — модельный ряд и что учесть при покупке
вилочный погрузчик hangcha отзывы;7;Hangcha: вилочные погрузчики — модельный ряд и что учесть при покупке
погрузчик вилочный ханча купить;7;Hangcha: вилочные погрузчики — модельный ряд и что учесть при покупке
ханча погрузчик вилочный отзывы владельцев;6;Hangcha: вилочные погрузчики — модельный ряд и что учесть при покупке
автопогрузчик hangcha;14;Hangcha: вилочные погрузчики — модельный ряд и что учесть при покупке
погрузчик вилочный komatsu;60;Komatsu: вилочные погрузчики — модельный ряд и что учесть при покупке
вилочный погрузчик комацу;29;Komatsu: вилочные погрузчики — модельный ряд и что учесть при покупке
вилочный погрузчик комацу 3 тонны;16;Komatsu: вилочные погрузчики — модельный ряд и что учесть при покупке
погрузчик вилочный komatsu fd15t 21;12;Komatsu: вилочные погрузчики — модельный ряд и что учесть при покупке
вилочный погрузчик komatsu fd25t 17;9;Komatsu: вилочные погрузчики — модельный ряд и что учесть при покупке
запчасти на вилочный погрузчик komatsu;9;Komatsu: вилочные погрузчики — модельный ряд и что учесть при покупке
погрузчик вилочный комацу бу купить;14;Komatsu: вилочные погрузчики — модельный ряд и что учесть при покупке
погрузчик вилочный komatsu fd30t 17;5;Komatsu: вилочные погрузчики — модельный ряд и что учесть при покупке
запчасти для погрузчиков вилочных komatsu;14;Komatsu: вилочные погрузчики — модельный ряд и что учесть при покупке
вилочный погрузчик комацу 3 тонны цена;5;Komatsu: вилочные погрузчики — модельный ряд и что учесть при покупке
автопогрузчик komatsu;51;Komatsu: вилочные погрузчики — модельный ряд и что учесть при покупке
автопогрузчик коматсу;9;Komatsu: вилочные погрузчики — модельный ряд и что учесть при покупке
комацу автопогрузчик;8;Komatsu: вилочные погрузчики — модельный ряд и что учесть при покупке
вилочный погрузчик коматсу;58;Komatsu: вилочные погрузчики — модельный ряд и что учесть при покупке
коматсу 25 вилочный погрузчик;8;Komatsu: вилочные погрузчики — модельный ряд и что учесть при покупке
автопогрузчик komatsu fd30t 17;8;Komatsu: вилочные погрузчики — модельный ряд и что учесть при покупке
коматсу погрузчик купить вилочный;16;Komatsu: вилочные погрузчики — модельный ряд и что учесть при покупке
автопогрузчик komatsu fd25t 17;5;Komatsu: вилочные погрузчики — модельный ряд и что учесть при покупке
автопогрузчик комацу fg15t 20;5;Komatsu: вилочные погрузчики — модельный ряд и что учесть при покупке
komatsu автопогрузчик fg15t 20;5;Komatsu: вилочные погрузчики — модельный ряд и что учесть при покупке
автопогрузчик komatsu fd15t 17;7;Komatsu: вилочные погрузчики — модельный ряд и что учесть при покупке
вилочный погрузчик коматсу 15;12;Komatsu: вилочные погрузчики — модельный ряд и что учесть при покупке
тормозная система вилочного погрузчика коматсу;6;Komatsu: вилочные погрузчики — модельный ряд и что учесть при покупке
кабина для вилочного погрузчика коматсу;5;Komatsu: вилочные погрузчики — модельный ряд и что учесть при покупке
погрузчик вилочный львовский;50;Львовский погрузчик: вилочные погрузчики — модельный ряд и что учесть при покупке
погрузчик вилочный львовский завод;36;Львовский погрузчик: вилочные погрузчики — модельный ряд и что учесть при покупке
львовский вилочный погрузчик 5т;10;Львовский погрузчик: вилочные погрузчики — модельный ряд и что учесть при покупке
вилочный погрузчик львовский купить;13;Львовский погрузчик: вилочные погрузчики — модельный ряд и что учесть при покупке
вилочный погрузчик львовский погрузчик;95;Львовский погрузчик: вилочные погрузчики — модельный ряд и что учесть при покупке
львовский вилочный погрузчик вес;5;Львовский погрузчик: вилочные погрузчики — модельный ряд и что учесть при покупке
сколько весит погрузчик вилочный львовский;12;Львовский погрузчик: вилочные погрузчики — модельный ряд и что учесть при покупке
вилочный погрузчик львовский 5т характеристики;11;Львовский погрузчик: вилочные погрузчики — модельный ряд и что учесть при покупке
львовский вилочный погрузчик 10 тонн;6;Львовский погрузчик: вилочные погрузчики — модельный ряд и что учесть при покупке
львовский погрузчик вилочный 5 тонн;9;Львовский погрузчик: вилочные погрузчики — модельный ряд и что учесть при покупке
сколько весит вилочный погрузчик львовский погрузчик;6;Львовский погрузчик: вилочные погрузчики — модельный ряд и что учесть при покупке
купить вилочный погрузчик львовский бу на авито;10;Львовский погрузчик: вилочные погрузчики — модельный ряд и что учесть при покупке
вилочный погрузчик львовский погрузчик лев ап 40814;7;Львовский погрузчик: вилочные погрузчики — модельный ряд и что учесть при покупке
львовский автопогрузчик;59;Львовский погрузчик: вилочные погрузчики — модельный ряд и что учесть при покупке
львовский автопогрузчик 5 тонн;48;Львовский погрузчик: вилочные погрузчики — модельный ряд и что учесть при покупке
стекло лобовое на львовский автопогрузчик;5;Львовский погрузчик: вилочные погрузчики — модельный ряд и что учесть при покупке
liugong погрузчик вилочный;52;LiuGong: вилочные погрузчики — модельный ряд и что учесть при покупке
автопогрузчик лиугонг;8;LiuGong: вилочные погрузчики — модельный ряд и что учесть при покупке
автопогрузчик liugong;6;LiuGong: вилочные погрузчики — модельный ряд и что учесть при покупке
погрузчик вилочный lonking;47;Lonking: вилочные погрузчики — модельный ряд и что учесть при покупке
вилочный погрузчик лонкинг;32;Lonking: вилочные погрузчики — модельный ряд и что учесть при покупке
вилочный погрузчик lonking lg50dt;12;Lonking: вилочные погрузчики — модельный ряд и что учесть при покупке
вилочный погрузчик lonking fd20t;11;Lonking: вилочные погрузчики — модельный ряд и что учесть при покупке
погрузчик вилочный lonking fd15t;11;Lonking: вилочные погрузчики — модельный ряд и что учесть при покупке
вилочный погрузчик lonking lg35dt;9;Lonking: вилочные погрузчики — модельный ряд и что учесть при покупке
вилочный погрузчик lonking fd35t;8;Lonking: вилочные погрузчики — модельный ряд и что учесть при покупке
lonking lg25dt вилочный погрузчик;6;Lonking: вилочные погрузчики — модельный ряд и что учесть при покупке
погрузчик вилочный lonking lg30dt;13;Lonking: вилочные погрузчики — модельный ряд и что учесть при покупке
купить вилочный погрузчик лонкинг;5;Lonking: вилочные погрузчики — модельный ряд и что учесть при покупке
погрузчик вилочный lonking fd30t;5;Lonking: вилочные погрузчики — модельный ряд и что учесть при покупке
погрузчик вилочный lonking lg20dt;5;Lonking: вилочные погрузчики — модельный ряд и что учесть при покупке
лонкинг 3 тонны вилочный погрузчик;11;Lonking: вилочные погрузчики — модельный ряд и что учесть при покупке
автопогрузчик lonking fd15t;8;Lonking: вилочные погрузчики — модельный ряд и что учесть при покупке
zoomlion вилочный погрузчик;62;Zoomlion: вилочные погрузчики — модельный ряд и что учесть при покупке
зумлион погрузчик вилочный;43;Zoomlion: вилочные погрузчики — модельный ряд и что учесть при покупке
вилочный погрузчик zoomlion fd25;18;Zoomlion: вилочные погрузчики — модельный ряд и что учесть при покупке
погрузчик вилочный zoomlion fd30;23;Zoomlion: вилочные погрузчики — модельный ряд и что учесть при покупке
вилочный погрузчик zoomlion fd35;17;Zoomlion: вилочные погрузчики — модельный ряд и что учесть при покупке
zoomlion вилочный погрузчик купить;6;Zoomlion: вилочные погрузчики — модельный ряд и что учесть при покупке
doosan погрузчик вилочный;39;Doosan: вилочные погрузчики — модельный ряд и что учесть при покупке
погрузчик дусан вилочный;28;Doosan: вилочные погрузчики — модельный ряд и что учесть при покупке
doosan вилочный погрузчик запчасти;11;Doosan: вилочные погрузчики — модельный ряд и что учесть при покупке
дусан погрузчик вилочный купить;8;Doosan: вилочные погрузчики — модельный ряд и что учесть при покупке
новый вилочный погрузчик дусан;5;Doosan: вилочные погрузчики — модельный ряд и что учесть при покупке
вилочный погрузчик doosan 7 тонн;6;Doosan: вилочные погрузчики — модельный ряд и что учесть при покупке
автопогрузчик doosan d30s 5;5;Doosan: вилочные погрузчики — модельный ряд и что учесть при покупке
балканкар погрузчик вилочный;37;Балканкар: вилочные погрузчики — модельный ряд и что учесть при покупке
вилочный погрузчик балканкар купить;7;Балканкар: вилочные погрузчики — модельный ряд и что учесть при покупке
запчасти на вилочный погрузчик балканкар;12;Балканкар: вилочные погрузчики — модельный ряд и что учесть при покупке
запчасти для вилочного погрузчика балканкар;9;Балканкар: вилочные погрузчики — модельный ряд и что учесть при покупке
стартер на вилочный погрузчик балканкар;9;Балканкар: вилочные погрузчики — модельный ряд и что учесть при покупке
вилочный погрузчик балканкар бу купить;13;Балканкар: вилочные погрузчики — модельный ряд и что учесть при покупке
вилочный погрузчик балканкар дв 1792;7;Балканкар: вилочные погрузчики — модельный ряд и что учесть при покупке
купить запчасти на вилочный погрузчик балканкар;8;Балканкар: вилочные погрузчики — модельный ряд и что учесть при покупке
автопогрузчик балканкар;8;Балканкар: вилочные погрузчики — модельный ряд и что учесть при покупке
погрузчик твэкс вилочный;10;ТВЭКС: вилочные погрузчики — модельный ряд и что учесть при покупке
вп 05 твэкс вилочный погрузчик;18;ТВЭКС: вилочные погрузчики — модельный ряд и что учесть при покупке
вилочный погрузчик твэкс вп 05 купить;55;ТВЭКС: вилочные погрузчики — модельный ряд и что учесть при покупке
амкодор вилочный погрузчик;48;Амкодор: вилочные погрузчики — модельный ряд и что учесть при покупке
погрузчик вилочный амкодор 451а;10;Амкодор: вилочные погрузчики — модельный ряд и что учесть при покупке
вилочный автопогрузчик амкодор 451а;5;Амкодор: вилочные погрузчики — модельный ряд и что учесть при покупке
погрузчик вилочный nissan;14;Nissan: вилочные погрузчики — модельный ряд и что учесть при покупке
погрузчик вилочный ниссан;24;Nissan: вилочные погрузчики — модельный ряд и что учесть при покупке
запчасти на вилочный погрузчик ниссан;7;Nissan: вилочные погрузчики — модельный ряд и что учесть при покупке
панель приборов вилочного погрузчика ниссан;5;Nissan: вилочные погрузчики — модельный ряд и что учесть при покупке
mitsubishi вилочный погрузчик;13;Mitsubishi: вилочные погрузчики — модельный ряд и что учесть при покупке
погрузчик вилочный mitsubishi fd15nt;7;Mitsubishi: вилочные погрузчики — модельный ряд и что учесть при покупке
мицубиси автопогрузчик;6;Mitsubishi: вилочные погрузчики — модельный ряд и что учесть при покупке
автопогрузчик mitsubishi fd15nt;7;Mitsubishi: вилочные погрузчики — модельный ряд и что учесть при покупке
вилочный погрузчик мицубиси;7;Mitsubishi: вилочные погрузчики — модельный ряд и что учесть при покупке
вилочный погрузчик tcm;39;TCM: вилочные погрузчики — модельный ряд и что учесть при покупке
погрузчик вилочный tcm fd50t9;7;TCM: вилочные погрузчики — модельный ряд и что учесть при покупке
вилочный погрузчик маниту;55;Manitou: вилочные погрузчики — модельный ряд и что учесть при покупке
автопогрузчик кальмар;67;Kalmar: вилочные погрузчики — модельный ряд и что учесть при покупке
кальмар погрузчик вилочный;26;Kalmar: вилочные погрузчики — модельный ряд и что учесть при покупке
shann погрузчик вилочный;41;Shantui: вилочные погрузчики — модельный ряд и что учесть при покупке
вилочный погрузчик still;18;Still: вилочные погрузчики — модельный ряд и что учесть при покупке
погрузчик вилочный still rx 60 25;6;Still: вилочные погрузчики — модельный ряд и что учесть при покупке
вилочный погрузчик linde;13;Linde: вилочные погрузчики — модельный ряд и что учесть при покупке
вилочный погрузчик linde h30d;13;Linde: вилочные погрузчики — модельный ряд и что учесть при покупке
вилочный погрузчик юнгхайнрих;15;Jungheinrich: вилочные погрузчики — модельный ряд и что учесть при покупке
jungheinrich вилочный погрузчик;20;Jungheinrich: вилочные погрузчики — модельный ряд и что учесть при покупке
вилочный электрический погрузчик jungheinrich;10;Jungheinrich: вилочные погрузчики — модельный ряд и что учесть при покупке
погрузчик вилочный jungheinrich dfg 320;10;Jungheinrich: вилочные погрузчики — модельный ряд и что учесть при покупке
погрузчик yale вилочный;16;Yale: вилочные погрузчики — модельный ряд и что учесть при покупке
автопогрузчик yale;11;Yale: вилочные погрузчики — модельный ряд и что учесть при покупке
hyster погрузчик вилочный;24;Hyster: вилочные погрузчики — модельный ряд и что учесть при покупке
погрузчик вилочный кларк;9;Clark: вилочные погрузчики — модельный ряд и что учесть при покупке
автопогрузчик кара;24;Погрузчик «кара» без привязки к марке: что это за техника
вилочный погрузчик кара;71;Погрузчик «кара» без привязки к марке: что это за техника
почему погрузчик называют кара вилочный;18;Погрузчик «кара» без привязки к марке: что это за техника
вилочный погрузчик кара бу купить;12;Погрузчик «кара» без привязки к марке: что это за техника
каретка бокового смещения для вилочного погрузчика;10;Каретка бокового смещения (сайдшифт) для вилочного погрузчика
ротатор на вилочный погрузчик;37;Ротатор и позиционер вил для вилочного погрузчика
ротатор для вилочного погрузчика;36;Ротатор и позиционер вил для вилочного погрузчика
купить ротатор на вилочный погрузчик;12;Ротатор и позиционер вил для вилочного погрузчика
ковш на вилочный погрузчик;72;Ковш на вилочный погрузчик: когда нужен и как подобрать
ковш для вилочного погрузчика;48;Ковш на вилочный погрузчик: когда нужен и как подобрать
погрузчик вилочный с ковшом;15;Ковш на вилочный погрузчик: когда нужен и как подобрать
ковш на вилочный погрузчик купить;14;Ковш на вилочный погрузчик: когда нужен и как подобрать
ковш для вилочного погрузчика купить;6;Ковш на вилочный погрузчик: когда нужен и как подобрать
ковш для вилочного погрузчика ковш;23;Ковш на вилочный погрузчик: когда нужен и как подобрать
купить бу ковш на вилочный погрузчик;10;Ковш на вилочный погрузчик: когда нужен и как подобрать
ковш для снега на погрузчик вилочный;6;Ковш на вилочный погрузчик: когда нужен и как подобрать
ковш для вилочного погрузчика для уборки снега;9;Ковш на вилочный погрузчик: когда нужен и как подобрать
ковш на погрузчик вилочный для уборки снега;19;Ковш на вилочный погрузчик: когда нужен и как подобрать
удлинители для вилочного погрузчика;23;Удлинители вил для вилочного погрузчика
удлинители на вилочный погрузчик;21;Удлинители вил для вилочного погрузчика
удлинитель для погрузчика вилочного;28;Удлинители вил для вилочного погрузчика
удлинитель на погрузчик вилочный;17;Удлинители вил для вилочного погрузчика
удлинители вил для вилочного погрузчика;81;Удлинители вил для вилочного погрузчика
удлинитель вил для вилочного погрузчика;30;Удлинители вил для вилочного погрузчика
удлинители вил на вилочный погрузчик;20;Удлинители вил для вилочного погрузчика
удлинитель вил на вилочный погрузчик;6;Удлинители вил для вилочного погрузчика
удлинители на вилочный погрузчик купить;7;Удлинители вил для вилочного погрузчика
монтажная платформа для вилочного погрузчика;43;Монтажная платформа и корзина для вилочного погрузчика
монтажная корзина для вилочного погрузчика;30;Монтажная платформа и корзина для вилочного погрузчика
щетка на вилочный погрузчик;131;Щётка на вилочный погрузчик
щетка для вилочного погрузчика;26;Щётка на вилочный погрузчик
отвал на вилочный погрузчик;59;Отвал на вилочный погрузчик
отвал для вилочного погрузчика;34;Отвал на вилочный погрузчик
отвал для погрузчика вилочного снегоуборочный;13;Отвал на вилочный погрузчик
отвал на вилочный погрузчик для уборки снега;14;Отвал на вилочный погрузчик
стрела погрузчика вилочного;5;Траверса и стрела для вилочного погрузчика
стрела для вилочного погрузчика;31;Траверса и стрела для вилочного погрузчика
траверса для вилочного погрузчика;27;Траверса и стрела для вилочного погрузчика
стрела на вилочный погрузчик;26;Траверса и стрела для вилочного погрузчика
траверса на вилочный погрузчик;16;Траверса и стрела для вилочного погрузчика
стрела крановая на вилочный погрузчик;10;Траверса и стрела для вилочного погрузчика
стрела крановая для вилочного погрузчика;15;Траверса и стрела для вилочного погрузчика
безблочная стрела на вилочный погрузчик;7;Траверса и стрела для вилочного погрузчика
стрела для погрузчика вилочного погрузчика;25;Траверса и стрела для вилочного погрузчика
захват для вилочного погрузчика;15;Захваты для вилочного погрузчика: бочки, рулоны, кипы
автопогрузчик с вилочным захватом;14;Захваты для вилочного погрузчика: бочки, рулоны, кипы
погрузчик с вилочным захватом;9;Захваты для вилочного погрузчика: бочки, рулоны, кипы
захват на вилочный погрузчик;6;Захваты для вилочного погрузчика: бочки, рулоны, кипы
киповый захват для вилочного погрузчика;31;Захваты для вилочного погрузчика: бочки, рулоны, кипы
захват крюковой для вилочного погрузчика;14;Захваты для вилочного погрузчика: бочки, рулоны, кипы
захват рулонный для вилочного погрузчика;11;Захваты для вилочного погрузчика: бочки, рулоны, кипы
рулонный захват на вилочный погрузчик;9;Захваты для вилочного погрузчика: бочки, рулоны, кипы
погрузчик складской с вилочным захватом;6;Захваты для вилочного погрузчика: бочки, рулоны, кипы
боковой захват для вилочного погрузчика;5;Захваты для вилочного погрузчика: бочки, рулоны, кипы
захват для бочек на вилочный погрузчик;18;Захваты для вилочного погрузчика: бочки, рулоны, кипы
захват для рулонов на вилочный погрузчик;16;Захваты для вилочного погрузчика: бочки, рулоны, кипы
захват для шин на вилочный погрузчик;9;Захваты для вилочного погрузчика: бочки, рулоны, кипы
захват для кип на вилочный погрузчик;5;Захваты для вилочного погрузчика: бочки, рулоны, кипы
вилочный погрузчик с захватом для бочек;5;Захваты для вилочного погрузчика: бочки, рулоны, кипы
захват для биг бэгов на вилочный погрузчик;5;Захваты для вилочного погрузчика: бочки, рулоны, кипы
захваты для бочек 200 л на вилочный погрузчик;19;Захваты для вилочного погрузчика: бочки, рулоны, кипы
захват для бочек 200 литров на вилочный погрузчик;12;Захваты для вилочного погрузчика: бочки, рулоны, кипы
перемещать нагруженный погрузчик с вилочным захватом при спуске под уклон 30 градусов;6;Захваты для вилочного погрузчика: бочки, рулоны, кипы
вилы для вилочного погрузчика;12;Вилы для вилочного погрузчика: какие бывают
вилы на вилочный погрузчик;7;Вилы для вилочного погрузчика: какие бывают
вилы погрузчика вилочного погрузчика;12;Вилы для вилочного погрузчика: какие бывают
купить вилы на вилочный погрузчик;21;Вилы для вилочного погрузчика: какие бывают
вилы для вилочного погрузчика купить;9;Вилы для вилочного погрузчика: какие бывают
каретка вилочного погрузчика;27;Каретка вилочного погрузчика: устройство, класс и расширитель
класс каретки вилочного погрузчика;25;Каретка вилочного погрузчика: устройство, класс и расширитель
каретка для вилочного погрузчика;12;Каретка вилочного погрузчика: устройство, класс и расширитель
класс каретки вилочного погрузчика таблица;5;Каретка вилочного погрузчика: устройство, класс и расширитель
как снять противовес с вилочного погрузчика;9;Противовес вилочного погрузчика
из чего сделан противовес на вилочном погрузчике;5;Противовес вилочного погрузчика
рулевой мост вилочного погрузчика;5;Рама и шасси вилочного погрузчика
цепь для вилочного погрузчика;11;Цепь и ролики мачты вилочного погрузчика
цепь мачты вилочного погрузчика;7;Цепь и ролики мачты вилочного погрузчика
ремонт акпп вилочного погрузчика;5;КПП, гидротрансформатор и редуктор вилочного погрузчика
какое масло заливать в редуктор вилочного погрузчика;7;КПП, гидротрансформатор и редуктор вилочного погрузчика
сиденье автопогрузчика;5;Сиденье и кабина вилочного погрузчика
сиденье для вилочного погрузчика;20;Сиденье и кабина вилочного погрузчика
кабина на вилочный погрузчик;20;Сиденье и кабина вилочного погрузчика
сиденье на вилочный погрузчик;16;Сиденье и кабина вилочного погрузчика
сиденье на вилочный погрузчик купить;45;Сиденье и кабина вилочного погрузчика
сиденье для вилочного погрузчика купить;13;Сиденье и кабина вилочного погрузчика
кабина для вилочного погрузчика купить;11;Сиденье и кабина вилочного погрузчика
масло для вилочного погрузчика;6;Фильтры и масло для вилочного погрузчика
вилочный погрузчик воздушный фильтр;7;Фильтры и масло для вилочного погрузчика
фильтр воздушный для вилочного погрузчика;16;Фильтры и масло для вилочного погрузчика
фильтр масляный для вилочного погрузчика;5;Фильтры и масло для вилочного погрузчика
гидравлическое масло для погрузчика вилочного;21;Фильтры и масло для вилочного погрузчика
воздушный фильтр на вилочный погрузчик;39;Фильтры и масло для вилочного погрузчика
какое масло заливается в вилочный погрузчик;7;Фильтры и масло для вилочного погрузчика
как поменять масло на вилочном погрузчике;5;Фильтры и масло для вилочного погрузчика
какое масло заливать в гидравлику погрузчика вилочного;8;Фильтры и масло для вилочного погрузчика
какое масло заливать в гидравлику погрузчика вилочного погрузчика;5;Фильтры и масло для вилочного погрузчика
тормозные колодки на вилочный погрузчик;14;Тормозная система вилочного погрузчика
главный тормозной цилиндр на вилочный погрузчик;20;Тормозная система вилочного погрузчика
гидроцилиндр вилочного погрузчика;9;Гидроцилиндр и гидронасос вилочного погрузчика
гидроцилиндр для вилочного погрузчика;5;Гидроцилиндр и гидронасос вилочного погрузчика
гидроцилиндр погрузчика вилочного погрузчика;22;Гидроцилиндр и гидронасос вилочного погрузчика
двигатель вилочного погрузчика;8;Двигатель вилочного погрузчика: ресурс и обслуживание
двигатель для вилочного погрузчика;8;Двигатель вилочного погрузчика: ресурс и обслуживание
двигатель на вилочный погрузчик;6;Двигатель вилочного погрузчика: ресурс и обслуживание
электродвигатель для вилочного погрузчика;6;Двигатель вилочного погрузчика: ресурс и обслуживание
электромотор от вилочного погрузчика;7;Двигатель вилочного погрузчика: ресурс и обслуживание
погрузчик вилочный мощность двигателя;7;Двигатель вилочного погрузчика: ресурс и обслуживание
дизельный двигатель на погрузчик вилочный;5;Двигатель вилочного погрузчика: ресурс и обслуживание
шины для вилочных погрузчиков;32;Шины для вилочного погрузчика: какие бывают и как выбрать
шины на вилочный погрузчик;19;Шины для вилочного погрузчика: какие бывают и как выбрать
шины для вилочного погрузчика;13;Шины для вилочного погрузчика: какие бывают и как выбрать
шины на кару вилочный погрузчик;20;Шины для вилочного погрузчика: какие бывают и как выбрать
цельнолитые шины для вилочных погрузчиков;16;Шины для вилочного погрузчика: какие бывают и как выбрать
купить шины на вилочный погрузчик;9;Шины для вилочного погрузчика: какие бывают и как выбрать
купить шины для вилочного погрузчика;5;Шины для вилочного погрузчика: какие бывают и как выбрать
шины цельнолитые для вилочного погрузчика;5;Шины для вилочного погрузчика: какие бывают и как выбрать
зимние шины для погрузчика вилочного;6;Шины для вилочного погрузчика: какие бывают и как выбрать
шины для вилочного погрузчика 28х9 15;10;Шины для вилочного погрузчика: какие бывают и как выбрать
вилочный погрузчик это транспортное средство или машины и оборудование;8;Шины для вилочного погрузчика: какие бывают и как выбрать
ремонт автопогрузчиков;16;Ремонт и диагностика неисправностей вилочного погрузчика
ремонт вилочного погрузчика;58;Ремонт и диагностика неисправностей вилочного погрузчика
ремонт вилочных погрузчиков;45;Ремонт и диагностика неисправностей вилочного погрузчика
ремонт вилочных погрузчиков минск;15;Ремонт и диагностика неисправностей вилочного погрузчика
ремонт вилочных погрузчиков москва;12;Ремонт и диагностика неисправностей вилочного погрузчика
ремонт вилочных погрузчиков киров;6;Ремонт и диагностика неисправностей вилочного погрузчика
ремонт вилочных погрузчиков пермь;6;Ремонт и диагностика неисправностей вилочного погрузчика
ремонт погрузчиков екатеринбург вилочных;6;Ремонт и диагностика неисправностей вилочного погрузчика
ремонт вилочного погрузчика киров;6;Ремонт и диагностика неисправностей вилочного погрузчика
обслуживание и ремонт вилочных погрузчиков;20;Ремонт и диагностика неисправностей вилочного погрузчика
ремонт вилочных погрузчиков в москве;7;Ремонт и диагностика неисправностей вилочного погрузчика
ремонт вилочных погрузчиков нижний новгород;7;Ремонт и диагностика неисправностей вилочного погрузчика
ремонт вилочного погрузчика в саранске;5;Ремонт и диагностика неисправностей вилочного погрузчика
ремонт вилочных погрузчиков в туле;6;Ремонт и диагностика неисправностей вилочного погрузчика
ремонт вилочных погрузчиков ростов на дону;14;Ремонт и диагностика неисправностей вилочного погрузчика
ремонт погрузчиков в москве и московской области вилочных;15;Ремонт и диагностика неисправностей вилочного погрузчика
запчасти для вилочных погрузчиков;98;Запчасти для вилочного погрузчика: что нужно и как выбрать
запчасти на вилочный погрузчик;31;Запчасти для вилочного погрузчика: что нужно и как выбрать
запчасти для вилочного погрузчика;26;Запчасти для вилочного погрузчика: что нужно и как выбрать
запчасти к вилочным погрузчикам;16;Запчасти для вилочного погрузчика: что нужно и как выбрать
запчасти вилочный погрузчик купить;12;Запчасти для вилочного погрузчика: что нужно и как выбрать
запчасти на вилочный погрузчик тсм;7;Запчасти для вилочного погрузчика: что нужно и как выбрать
купить запчасти для вилочного погрузчика;5;Запчасти для вилочного погрузчика: что нужно и как выбрать
купить запчасти к вилочному погрузчику;5;Запчасти для вилочного погрузчика: что нужно и как выбрать
вилочный погрузчик на запчасти купить;9;Запчасти для вилочного погрузчика: что нужно и как выбрать
каталог запчастей погрузчиков вилочных погрузчиков;5;Запчасти для вилочного погрузчика: что нужно и как выбрать
запчасти для вилочных погрузчиков набережные челны;5;Запчасти для вилочного погрузчика: что нужно и как выбрать
мачта вилочного погрузчика;36;Мачта, высота подъёма и габариты вилочного погрузчика
высота погрузчика вилочного;25;Мачта, высота подъёма и габариты вилочного погрузчика
вилочного погрузчика габариты;20;Мачта, высота подъёма и габариты вилочного погрузчика
высота подъема вилочного погрузчика;23;Мачта, высота подъёма и габариты вилочного погрузчика
мачта на вилочный погрузчик;24;Мачта, высота подъёма и габариты вилочного погрузчика
мачта для вилочного погрузчика;7;Мачта, высота подъёма и габариты вилочного погрузчика
габариты вилочного погрузчика 3 тонны;9;Мачта, высота подъёма и габариты вилочного погрузчика
габариты вилочного погрузчика 5 тонн;6;Мачта, высота подъёма и габариты вилочного погрузчика
мачта для погрузчика вилочного погрузчика;5;Мачта, высота подъёма и габариты вилочного погрузчика
вилочный погрузчик 1 тонна;10;Вилочный погрузчик 1 т: характеристики и подбор
дизельный вилочный погрузчик на 1 тонну;19;Вилочный погрузчик 1 т: характеристики и подбор
погрузчик вилочный 2 тонны;29;Вилочный погрузчик 2 т: характеристики и подбор
погрузчик вилочный дизельный 2 тонны;21;Вилочный погрузчик 2 т: характеристики и подбор
электрический вилочный погрузчик 2 тонны;7;Вилочный погрузчик 2 т: характеристики и подбор
вилочный погрузчик 3 тонны;172;Вилочный погрузчик 3 т: характеристики и подбор
аренда вилочного погрузчика 3 тонны;18;Вилочный погрузчик 3 т: характеристики и подбор
размеры вилочного погрузчика 3 тонны;10;Вилочный погрузчик 3 т: характеристики и подбор
высота вилочного погрузчика 3 тонны;9;Вилочный погрузчик 3 т: характеристики и подбор
вилочный погрузчик 3 тонны дизельный;17;Вилочный погрузчик 3 т: характеристики и подбор
погрузчик электрический вилочный 3 тонны;11;Вилочный погрузчик 3 т: характеристики и подбор
тсм погрузчик вилочный дизельный 3 тонны;9;Вилочный погрузчик 3 т: характеристики и подбор
сколько весит вилочный погрузчик грузоподъемностью 3 тонны;11;Вилочный погрузчик 3 т: характеристики и подбор
давление в шинах погрузчика 3 тонны вилочного;23;Вилочный погрузчик 3 т: характеристики и подбор
погрузчик 4 тонны вилочный;11;Вилочный погрузчик 4 т: характеристики и подбор
автопогрузчик 5 тонн;12;Вилочный погрузчик 5 т: характеристики и подбор
вилочный погрузчик 5 тонн;138;Вилочный погрузчик 5 т: характеристики и подбор
автопогрузчик вилочный 5 тонн;14;Вилочный погрузчик 5 т: характеристики и подбор
аренда вилочного погрузчика 5 тонн;46;Вилочный погрузчик 5 т: характеристики и подбор
вилочный погрузчик 5 тонн бу;33;Вилочный погрузчик 5 т: характеристики и подбор
погрузчик вилочный дизельный 5 тонн;33;Вилочный погрузчик 5 т: характеристики и подбор
вилочный погрузчик 1 5 тонны;9;Вилочный погрузчик 5 т: характеристики и подбор
вилочный погрузчик грузоподъемность 5 тонн;8;Вилочный погрузчик 5 т: характеристики и подбор
электрический вилочный погрузчик 5 тонн;9;Вилочный погрузчик 5 т: характеристики и подбор
погрузчик вилочный 5 тонн фото;7;Вилочный погрузчик 5 т: характеристики и подбор
вилочный погрузчик ссср 5 тонн;5;Вилочный погрузчик 5 т: характеристики и подбор
вилочный погрузчик дизельный 3 5 тонны;10;Вилочный погрузчик 5 т: характеристики и подбор
погрузчик вилочный дизельный 1 5 тонн;7;Вилочный погрузчик 5 т: характеристики и подбор
вилочный погрузчик 2 5 тонны с кабиной;5;Вилочный погрузчик 5 т: характеристики и подбор
вилочный электропогрузчик 5 тонн;13;Вилочный погрузчик 5 т: характеристики и подбор
погрузчик 6 тонн вилочный;10;Вилочный погрузчик 6 т: характеристики и подбор
вилочный погрузчик 7 тонн;39;Вилочный погрузчик 7 т: характеристики и подбор
аренда вилочного погрузчика 7 тонн;17;Вилочный погрузчик 7 т: характеристики и подбор
вилочный погрузчик 8 тонн;14;Вилочный погрузчик 8 т: характеристики и подбор
аренда вилочного погрузчика 8 тонн;7;Вилочный погрузчик 8 т: характеристики и подбор
вилочный погрузчик 10 тонн;95;Вилочный погрузчик 10 т: характеристики и подбор
автопогрузчик грузоподъемностью 10 тонн;6;Вилочный погрузчик 10 т: характеристики и подбор
аренда вилочного погрузчика 10 тонн;114;Вилочный погрузчик 10 т: характеристики и подбор
аренда погрузчик вилочный 10 тонн аренда;22;Вилочный погрузчик 10 т: характеристики и подбор
погрузчик вилочный 16 тонн;16;Вилочный погрузчик 16 т: характеристики и подбор
электрический погрузчик ep cpd18f8;10;Электрический вилочный погрузчик: когда выгоднее дизеля
электрический автопогрузчик;9;Электрический вилочный погрузчик: когда выгоднее дизеля
вилочный погрузчик электрический;507;Электрический вилочный погрузчик: когда выгоднее дизеля
электро погрузчик вилочный;105;Электрический вилочный погрузчик: когда выгоднее дизеля
аккумуляторный погрузчик вилочный;35;Электрический вилочный погрузчик: когда выгоднее дизеля
погрузчики вилочные электрические;32;Электрический вилочный погрузчик: когда выгоднее дизеля
электрический погрузчик вилочный 3т;60;Электрический вилочный погрузчик: когда выгоднее дизеля
автопогрузчик и электропогрузчик отличия;13;Электрический вилочный погрузчик: когда выгоднее дизеля
аккумулятор на вилочный погрузчик;14;Электрический вилочный погрузчик: когда выгоднее дизеля
аккумулятор для вилочного погрузчика;8;Электрический вилочный погрузчик: когда выгоднее дизеля
вилочный погрузчик электрический ручной;20;Электрический вилочный погрузчик: когда выгоднее дизеля
электропогрузчик и автопогрузчик разница;6;Электрический вилочный погрузчик: когда выгоднее дизеля
китайский вилочный погрузчик электрический;12;Электрический вилочный погрузчик: когда выгоднее дизеля
погрузчик вилочный электрический 2000 кг;21;Электрический вилочный погрузчик: когда выгоднее дизеля
электрический погрузчик вилочный б у;14;Электрический вилочный погрузчик: когда выгоднее дизеля
тяговый аккумулятор для вилочного погрузчика;8;Электрический вилочный погрузчик: когда выгоднее дизеля
электрический вилочный погрузчик с кабиной;8;Электрический вилочный погрузчик: когда выгоднее дизеля
электрический погрузчик вилочный в аренду;13;Электрический вилочный погрузчик: когда выгоднее дизеля
электрическая схема погрузчика вилочного погрузчика;14;Электрический вилочный погрузчик: когда выгоднее дизеля
электрический вилочный погрузчик код тн вэд;14;Электрический вилочный погрузчик: когда выгоднее дизеля
верный способ работы автопогрузчика и электропогрузчика со стрелой;6;Электрический вилочный погрузчик: когда выгоднее дизеля
при перемещении грузов автопогрузчиками и электропогрузчиками какие требования необходимо соблюдать;5;Электрический вилочный погрузчик: когда выгоднее дизеля
вилочный электропогрузчик;204;Электрический вилочный погрузчик: когда выгоднее дизеля
электропогрузчик вилочный трехопорный;15;Электрический вилочный погрузчик: когда выгоднее дизеля
электропогрузчик вилочный 3т;16;Электрический вилочный погрузчик: когда выгоднее дизеля
электропогрузчик cpd 20;8;Электрический вилочный погрузчик: когда выгоднее дизеля
управление вилочным электропогрузчиком;7;Электрический вилочный погрузчик: когда выгоднее дизеля
электропогрузчик ep cpd18f8;9;Электрический вилочный погрузчик: когда выгоднее дизеля
электропогрузчик вилочный ручной;5;Электрический вилочный погрузчик: когда выгоднее дизеля
электропогрузчик вилочный фото;6;Электрический вилочный погрузчик: когда выгоднее дизеля
вилочный электропогрузчик мини;7;Электрический вилочный погрузчик: когда выгоднее дизеля
водитель вилочного электропогрузчика;5;Электрический вилочный погрузчик: когда выгоднее дизеля
окоф электропогрузчик вилочный;8;Электрический вилочный погрузчик: когда выгоднее дизеля
как управлять вилочным электропогрузчиком;6;Электрический вилочный погрузчик: когда выгоднее дизеля
зарядное устройство для вилочного электропогрузчика;9;Электрический вилочный погрузчик: когда выгоднее дизеля
трогаться с места вилочному электропогрузчику разрешается если;35;Электрический вилочный погрузчик: когда выгоднее дизеля
автопогрузчик дизельный;20;Дизельный вилочный погрузчик: когда нужен именно он
дизельный вилочный погрузчик;188;Дизельный вилочный погрузчик: когда нужен именно он
вилочный дизельный автопогрузчик;9;Дизельный вилочный погрузчик: когда нужен именно он
окоф автопогрузчик дизельный;5;Дизельный вилочный погрузчик: когда нужен именно он
вилочный погрузчик 3т дизельный;7;Дизельный вилочный погрузчик: когда нужен именно он
вилочные погрузчики китайские дизельные;14;Дизельный вилочный погрузчик: когда нужен именно он
китайский вилочный дизельный погрузчик;7;Дизельный вилочный погрузчик: когда нужен именно он
вилочный погрузчик дизельный фото;5;Дизельный вилочный погрузчик: когда нужен именно он
амортизационная группа автопогрузчик дизельный;5;Дизельный вилочный погрузчик: когда нужен именно он
как управлять дизельным погрузчиком вилочным;6;Дизельный вилочный погрузчик: когда нужен именно он
погрузчик вилочный дизельный болгарский погрузчик;21;Дизельный вилочный погрузчик: когда нужен именно он
погрузчик вилочный дизельный амортизационная группа;5;Дизельный вилочный погрузчик: когда нужен именно он
дизельный вилочный погрузчик код тн вэд;10;Дизельный вилочный погрузчик: когда нужен именно он
какие права нужны на дизельный погрузчик вилочный;40;Дизельный вилочный погрузчик: когда нужен именно он
газовый вилочный погрузчик;22;Газобаллонный и бензиновый вилочный погрузчик
погрузчик бензиновый вилочный;59;Газобаллонный и бензиновый вилочный погрузчик
вилочный погрузчик бензин;7;Газобаллонный и бензиновый вилочный погрузчик
погрузчик вилочный газ 52;9;Газобаллонный и бензиновый вилочный погрузчик
полноприводный вилочный погрузчик;63;Полноприводный вилочный погрузчик
боковой вилочный погрузчик;44;Боковой вилочный погрузчик
вилочный погрузчик внедорожный;43;Внедорожный вилочный погрузчик повышенной проходимости
погрузчик повышенной проходимости вилочный;14;Внедорожный вилочный погрузчик повышенной проходимости
купить внедорожный вилочный погрузчик;11;Внедорожный вилочный погрузчик повышенной проходимости
управление вилочным погрузчиком;65;Устройство вилочного погрузчика и принцип управления
устройство вилочного погрузчика;50;Устройство вилочного погрузчика и принцип управления
как управлять вилочным погрузчиком;51;Устройство вилочного погрузчика и принцип управления
как управлять вилочным погрузчиком карой;20;Устройство вилочного погрузчика и принцип управления
управление вилочным автопогрузчиком осуществляется с помощью;6;Устройство вилочного погрузчика и принцип управления
что запрещено делать при работе автопогрузчика;68;Безопасность при работе на вилочном погрузчике: что запрещено
автопогрузчик это;129;Вилочный погрузчик и автопогрузчик — в чём разница с рохлей и штабелёром
ручной вилочный погрузчик;149;Вилочный погрузчик и автопогрузчик — в чём разница с рохлей и штабелёром
автопогрузчик что это;11;Вилочный погрузчик и автопогрузчик — в чём разница с рохлей и штабелёром
погрузчик вилочный ручной гидравлический;69;Вилочный погрузчик и автопогрузчик — в чём разница с рохлей и штабелёром
автопогрузчик это транспортное средство;16;Вилочный погрузчик и автопогрузчик — в чём разница с рохлей и штабелёром
вилочный погрузчик что это;10;Вилочный погрузчик и автопогрузчик — в чём разница с рохлей и штабелёром
ручной вилочный погрузчик для складов;6;Вилочный погрузчик и автопогрузчик — в чём разница с рохлей и штабелёром
вилочный погрузчик это транспортное средство;6;Вилочный погрузчик и автопогрузчик — в чём разница с рохлей и штабелёром
автопогрузчик это транспортное средство или оборудование;55;Вилочный погрузчик и автопогрузчик — в чём разница с рохлей и штабелёром
автопогрузчик это самоходная машина или нет;6;Вилочный погрузчик и автопогрузчик — в чём разница с рохлей и штабелёром
погрузчик вилочный ручной гидравлический с поднимающимися вилами;10;Вилочный погрузчик и автопогрузчик — в чём разница с рохлей и штабелёром
грузоподъемность вилочного погрузчика;46;Как выбрать вилочный погрузчик: грузоподъёмность, высота подъёма, тип привода
вес вилочного погрузчика;37;Как выбрать вилочный погрузчик: грузоподъёмность, высота подъёма, тип привода
сколько весит погрузчик вилочный;73;Как выбрать вилочный погрузчик: грузоподъёмность, высота подъёма, тип привода
остаточная грузоподъемность вилочного погрузчика;8;Как выбрать вилочный погрузчик: грузоподъёмность, высота подъёма, тип привода
погрузчик вилочный как выбрать;6;Как выбрать вилочный погрузчик: грузоподъёмность, высота подъёма, тип привода
сколько весит погрузчик вилочный 3т;8;Как выбрать вилочный погрузчик: грузоподъёмность, высота подъёма, тип привода
рейтинг вилочных погрузчиков по надежности и качеству;9;Как выбрать вилочный погрузчик: грузоподъёмность, высота подъёма, тип привода
погрузчики вилочные avito;41;Вилочный погрузчик на Авито: как не купить проблемный
авито вилочный погрузчик;71;Вилочный погрузчик на Авито: как не купить проблемный
авито купить вилочный погрузчик;40;Вилочный погрузчик на Авито: как не купить проблемный
погрузчик вилочный авито пермь;13;Вилочный погрузчик на Авито: как не купить проблемный
вилочный погрузчик на авито;5;Вилочный погрузчик на Авито: как не купить проблемный
авито вилочный погрузчик б у;57;Вилочный погрузчик на Авито: как не купить проблемный
купить вилочный погрузчик на авито;26;Вилочный погрузчик на Авито: как не купить проблемный
авито тверь купить вилочный погрузчик;9;Вилочный погрузчик на Авито: как не купить проблемный
вилочный погрузчик купить бу на авито;129;Вилочный погрузчик на Авито: как не купить проблемный
купить вилочный погрузчик б у авито;22;Вилочный погрузчик на Авито: как не купить проблемный
погрузчик вилочный б у купить на авито;26;Вилочный погрузчик на Авито: как не купить проблемный
вилочный автопогрузчик купить б у на авито;8;Вилочный погрузчик на Авито: как не купить проблемный
купить вилочный погрузчик бу купить на авито;21;Вилочный погрузчик на Авито: как не купить проблемный
купить на авито вилочный погрузчик бу на авито;17;Вилочный погрузчик на Авито: как не купить проблемный
автопогрузчик цена;17;Из чего складывается цена вилочного погрузчика
автопогрузчик стоимость;5;Из чего складывается цена вилочного погрузчика
погрузчик вилочный цена;65;Из чего складывается цена вилочного погрузчика
вилочный погрузчик стоимость;15;Из чего складывается цена вилочного погрузчика
сколько стоит автопогрузчик;5;Из чего складывается цена вилочного погрузчика
сколько стоит погрузчик вилочный;24;Из чего складывается цена вилочного погрузчика
купить автопогрузчик вилочный цена;11;Из чего складывается цена вилочного погрузчика
дизельный вилочный погрузчик цена;6;Из чего складывается цена вилочного погрузчика
цена электрический вилочный погрузчик;16;Из чего складывается цена вилочного погрузчика
вилочные погрузчики электрические цена;9;Из чего складывается цена вилочного погрузчика
цена новый вилочный погрузчик;5;Из чего складывается цена вилочного погрузчика
стоимость погрузчика вилочного погрузчика;18;Из чего складывается цена вилочного погрузчика
стартер на вилочный погрузчик цена;8;Из чего складывается цена вилочного погрузчика
погрузчик 5 тонн цена вилочный;20;Из чего складывается цена вилочного погрузчика
дизельный вилочный погрузчик 5т цена;6;Из чего складывается цена вилочного погрузчика
сколько стоит вилочный погрузчик новый;5;Из чего складывается цена вилочного погрузчика
вилочный погрузчик 3 тонны цена;6;Из чего складывается цена вилочного погрузчика
вилочный погрузчик сколько стоит цена;5;Из чего складывается цена вилочного погрузчика
услуги погрузчика вилочного цена за час;26;Из чего складывается цена вилочного погрузчика
погрузчик вилочный 5 тонн купить цена;7;Из чего складывается цена вилочного погрузчика
вилочный электропогрузчик цена;8;Из чего складывается цена вилочного погрузчика
купить автопогрузчик новый;7;Новый вилочный погрузчик: когда есть смысл переплачивать
купить погрузчик вилочный новый;41;Новый вилочный погрузчик: когда есть смысл переплачивать
купить погрузчик вилочный бензиновый;19;Новый вилочный погрузчик: когда есть смысл переплачивать
купить автопогрузчик новый дизельный;6;Новый вилочный погрузчик: когда есть смысл переплачивать
электрический вилочный погрузчик купить новый;20;Новый вилочный погрузчик: когда есть смысл переплачивать
вилочный погрузчик китайский купить новый;7;Новый вилочный погрузчик: когда есть смысл переплачивать
купить дизельный вилочный погрузчик новый;8;Новый вилочный погрузчик: когда есть смысл переплачивать
купить погрузчик вилочный новый купить в;7;Новый вилочный погрузчик: когда есть смысл переплачивать
купить вилочный погрузчик 3 тонны новый дизельный все цены;7;Новый вилочный погрузчик: когда есть смысл переплачивать
вилочный электропогрузчик купить новый;21;Новый вилочный погрузчик: когда есть смысл переплачивать
автопогрузчик бу;22;Вилочный погрузчик б/у: на что смотреть при покупке и как проверить перед сделкой
погрузчик вилочный бу;126;Вилочный погрузчик б/у: на что смотреть при покупке и как проверить перед сделкой
продам погрузчик вилочный;48;Вилочный погрузчик б/у: на что смотреть при покупке и как проверить перед сделкой
автопогрузчик бу купить;43;Вилочный погрузчик б/у: на что смотреть при покупке и как проверить перед сделкой
вилочный погрузчик продажа;8;Вилочный погрузчик б/у: на что смотреть при покупке и как проверить перед сделкой
вилочных погрузчиков продажа;20;Вилочный погрузчик б/у: на что смотреть при покупке и как проверить перед сделкой
екатеринбург вилочный погрузчик;7;Вилочный погрузчик б/у: на что смотреть при покупке и как проверить перед сделкой
вилочный погрузчик купить бу;252;Вилочный погрузчик б/у: на что смотреть при покупке и как проверить перед сделкой
продам вилочный погрузчик бу;44;Вилочный погрузчик б/у: на что смотреть при покупке и как проверить перед сделкой
вилочные погрузчики б у;70;Вилочный погрузчик б/у: на что смотреть при покупке и как проверить перед сделкой
продажа автопогрузчиков б у;30;Вилочный погрузчик б/у: на что смотреть при покупке и как проверить перед сделкой
аренда вилочного погрузчика екатеринбург;23;Вилочный погрузчик б/у: на что смотреть при покупке и как проверить перед сделкой
купить автопогрузчик б у;23;Вилочный погрузчик б/у: на что смотреть при покупке и как проверить перед сделкой
вилочный погрузчик купить екатеринбург;15;Вилочный погрузчик б/у: на что смотреть при покупке и как проверить перед сделкой
погрузчик вилочный санкт петербург;10;Вилочный погрузчик б/у: на что смотреть при покупке и как проверить перед сделкой
куплю вилочный погрузчик бу;13;Вилочный погрузчик б/у: на что смотреть при покупке и как проверить перед сделкой
продажа погрузчиков вилочных погрузчиков;22;Вилочный погрузчик б/у: на что смотреть при покупке и как проверить перед сделкой
продам погрузчик вилочный б у;27;Вилочный погрузчик б/у: на что смотреть при покупке и как проверить перед сделкой
купить б у погрузчик вилочный;66;Вилочный погрузчик б/у: на что смотреть при покупке и как проверить перед сделкой
автопогрузчик вилочный б у купить;34;Вилочный погрузчик б/у: на что смотреть при покупке и как проверить перед сделкой
купить вилочный погрузчик в екатеринбурге;18;Вилочный погрузчик б/у: на что смотреть при покупке и как проверить перед сделкой
погрузчик вилочный купить цена бу;13;Вилочный погрузчик б/у: на что смотреть при покупке и как проверить перед сделкой
продать вилочный погрузчик б у;13;Вилочный погрузчик б/у: на что смотреть при покупке и как проверить перед сделкой
продажа вилочных погрузчиков в москве;8;Вилочный погрузчик б/у: на что смотреть при покупке и как проверить перед сделкой
аренда вилочного погрузчика санкт петербург;10;Вилочный погрузчик б/у: на что смотреть при покупке и как проверить перед сделкой
вилочный погрузчик в санкт петербурге;5;Вилочный погрузчик б/у: на что смотреть при покупке и как проверить перед сделкой
электрический погрузчик вилочный бу купить;13;Вилочный погрузчик б/у: на что смотреть при покупке и как проверить перед сделкой
продажа б у погрузчиков вилочных;5;Вилочный погрузчик б/у: на что смотреть при покупке и как проверить перед сделкой
купить бу вилочный погрузчик дизельный;10;Вилочный погрузчик б/у: на что смотреть при покупке и как проверить перед сделкой
погрузчик вилочный купить бу красноярск;10;Вилочный погрузчик б/у: на что смотреть при покупке и как проверить перед сделкой
погрузчик вилочный купить в беларуси бу;22;Вилочный погрузчик б/у: на что смотреть при покупке и как проверить перед сделкой
купить вилочный погрузчик 3 тонны бу;15;Вилочный погрузчик б/у: на что смотреть при покупке и как проверить перед сделкой
купить б у электрический вилочный погрузчик;16;Вилочный погрузчик б/у: на что смотреть при покупке и как проверить перед сделкой
вилочный погрузчик купить в санкт петербурге;12;Вилочный погрузчик б/у: на что смотреть при покупке и как проверить перед сделкой
купить погрузчик в екатеринбурге бу вилочный;13;Вилочный погрузчик б/у: на что смотреть при покупке и как проверить перед сделкой
погрузчик вилочный 3т б у купить;12;Вилочный погрузчик б/у: на что смотреть при покупке и как проверить перед сделкой
аренда вилочного погрузчика в санкт петербурге;8;Вилочный погрузчик б/у: на что смотреть при покупке и как проверить перед сделкой
купить дизельный вилочный погрузчик б у;9;Вилочный погрузчик б/у: на что смотреть при покупке и как проверить перед сделкой
вилочный погрузчик бу 5 тонн купить;7;Вилочный погрузчик б/у: на что смотреть при покупке и как проверить перед сделкой
купить погрузчик вилочный бу цена дизель;5;Вилочный погрузчик б/у: на что смотреть при покупке и как проверить перед сделкой
погрузчик вилочный бу купить в москве;6;Вилочный погрузчик б/у: на что смотреть при покупке и как проверить перед сделкой
погрузчик вилочный купить бу в новосибирске;5;Вилочный погрузчик б/у: на что смотреть при покупке и как проверить перед сделкой
погрузчик вилочный 10 тонн бу купить;5;Вилочный погрузчик б/у: на что смотреть при покупке и как проверить перед сделкой
вилочный погрузчик купить в рб бу;6;Вилочный погрузчик б/у: на что смотреть при покупке и как проверить перед сделкой
погрузчик вилочный газ бензин бу купить;6;Вилочный погрузчик б/у: на что смотреть при покупке и как проверить перед сделкой
погрузчик вилочный 5 тонн б у купить;23;Вилочный погрузчик б/у: на что смотреть при покупке и как проверить перед сделкой
купить вилочный погрузчик в новосибирске б у;20;Вилочный погрузчик б/у: на что смотреть при покупке и как проверить перед сделкой
купить погрузчик вилочный бу в свердловской области;12;Вилочный погрузчик б/у: на что смотреть при покупке и как проверить перед сделкой
погрузчик вилочный б у купить в беларуси;9;Вилочный погрузчик б/у: на что смотреть при покупке и как проверить перед сделкой
вилочный погрузчик бу купить москва и область;5;Вилочный погрузчик б/у: на что смотреть при покупке и как проверить перед сделкой
купить вилочный погрузчик в москве б у;6;Вилочный погрузчик б/у: на что смотреть при покупке и как проверить перед сделкой
вилочный погрузчик б у купить в спб;5;Вилочный погрузчик б/у: на что смотреть при покупке и как проверить перед сделкой
купить вилочный погрузчик 5 тонн дизельный бу;5;Вилочный погрузчик б/у: на что смотреть при покупке и как проверить перед сделкой
купить погрузчик вилочный б у в волгограде;7;Вилочный погрузчик б/у: на что смотреть при покупке и как проверить перед сделкой
купить вилочный погрузчик в ростове на дону бу;6;Вилочный погрузчик б/у: на что смотреть при покупке и как проверить перед сделкой
купить вилочный погрузчик бу в москве и московской области;10;Вилочный погрузчик б/у: на что смотреть при покупке и как проверить перед сделкой
купить б у погрузчик вилочный купить в санкт петербурге;5;Вилочный погрузчик б/у: на что смотреть при покупке и как проверить перед сделкой
купить вилочный электропогрузчик бу;22;Вилочный погрузчик б/у: на что смотреть при покупке и как проверить перед сделкой
электропогрузчик вилочный б у купить;31;Вилочный погрузчик б/у: на что смотреть при покупке и как проверить перед сделкой
вилочный электропогрузчик купить в екатеринбурге;5;Вилочный погрузчик б/у: на что смотреть при покупке и как проверить перед сделкой
купить автопогрузчик;75;Купить вилочный погрузчик: как устроена сделка и на что уходит время
вилочный погрузчик купить;1080;Купить вилочный погрузчик: как устроена сделка и на что уходит время
вилочный автопогрузчик купить;44;Купить вилочный погрузчик: как устроена сделка и на что уходит время
вилочный погрузчик дизельный купить;65;Купить вилочный погрузчик: как устроена сделка и на что уходит время
купить электрический вилочный погрузчик;107;Купить вилочный погрузчик: как устроена сделка и на что уходит время
вилочный погрузчик купить спб;22;Купить вилочный погрузчик: как устроена сделка и на что уходит время
электро вилочный погрузчик купить;16;Купить вилочный погрузчик: как устроена сделка и на что уходит время
купить вилочный погрузчик тула;11;Купить вилочный погрузчик: как устроена сделка и на что уходит время
купить вилочный погрузчик хендай;10;Купить вилочный погрузчик: как устроена сделка и на что уходит время
купить болгарский вилочный погрузчик;6;Купить вилочный погрузчик: как устроена сделка и на что уходит время
погрузчик купить вилочный японский;9;Купить вилочный погрузчик: как устроена сделка и на что уходит время
электрические вилочные погрузчики купить;6;Купить вилочный погрузчик: как устроена сделка и на что уходит время
купить вилочный погрузчик chl;7;Купить вилочный погрузчик: как устроена сделка и на что уходит время
погрузчик вилочный крым купить;9;Купить вилочный погрузчик: как устроена сделка и на что уходит время
купить камеру на автопогрузчик;5;Купить вилочный погрузчик: как устроена сделка и на что уходит время
вилочный погрузчик красноярск купить;7;Купить вилочный погрузчик: как устроена сделка и на что уходит время
погрузчик вилочный мини купить;14;Купить вилочный погрузчик: как устроена сделка и на что уходит время
купить вилочный боковой погрузчик;13;Купить вилочный погрузчик: как устроена сделка и на что уходит время
вилочный погрузчик 3т купить;12;Купить вилочный погрузчик: как устроена сделка и на что уходит время
купить китайский вилочный погрузчик;5;Купить вилочный погрузчик: как устроена сделка и на что уходит время
купить вилочный погрузчик 10т;7;Купить вилочный погрузчик: как устроена сделка и на что уходит время
купить вилочный погрузчик симферополь;5;Купить вилочный погрузчик: как устроена сделка и на что уходит время
вилочный погрузчик ростов купить;7;Купить вилочный погрузчик: как устроена сделка и на что уходит время
вилочный погрузчик купить волгоград;5;Купить вилочный погрузчик: как устроена сделка и на что уходит время
владивосток купить вилочный погрузчик;6;Купить вилочный погрузчик: как устроена сделка и на что уходит время
вилочный погрузчик уличный купить;5;Купить вилочный погрузчик: как устроена сделка и на что уходит время
погрузчик вилочный купить иркутск;5;Купить вилочный погрузчик: как устроена сделка и на что уходит время
погрузчик вилочный ярославль купить;12;Купить вилочный погрузчик: как устроена сделка и на что уходит время
аккумуляторный вилочный погрузчик купить;6;Купить вилочный погрузчик: как устроена сделка и на что уходит время
купить вилочный ручной погрузчик;5;Купить вилочный погрузчик: как устроена сделка и на что уходит время
погрузчик вилочный 5 тонн купить;280;Купить вилочный погрузчик: как устроена сделка и на что уходит время
вилочный погрузчик купить в новосибирске;34;Купить вилочный погрузчик: как устроена сделка и на что уходит время
вилочный погрузчик купить в москве;38;Купить вилочный погрузчик: как устроена сделка и на что уходит время
вилочный погрузчик купить в краснодаре;43;Купить вилочный погрузчик: как устроена сделка и на что уходит время
погрузчик вилочный 3 тонны купить;39;Купить вилочный погрузчик: как устроена сделка и на что уходит время
погрузчик вилочный 7 тонн купить;33;Купить вилочный погрузчик: как устроена сделка и на что уходит время
купить вилочный погрузчик в луганске;17;Купить вилочный погрузчик: как устроена сделка и на что уходит время
вилочный погрузчик в воронеже купить;17;Купить вилочный погрузчик: как устроена сделка и на что уходит время
вилочный погрузчик купить в беларуси;17;Купить вилочный погрузчик: как устроена сделка и на что уходит время
вилочный погрузчик 10 тонн купить;19;Купить вилочный погрузчик: как устроена сделка и на что уходит время
купить китайский вилочный погрузчик электрический;17;Купить вилочный погрузчик: как устроена сделка и на что уходит время
вилочный погрузчик в саратове купить;17;Купить вилочный погрузчик: как устроена сделка и на что уходит время
вилочный погрузчик купить в спб;27;Купить вилочный погрузчик: как устроена сделка и на что уходит время
купить вилочный погрузчик в белгороде;12;Купить вилочный погрузчик: как устроена сделка и на что уходит время
купить вилочный погрузчик в барнауле;11;Купить вилочный погрузчик: как устроена сделка и на что уходит время
купить вилочный погрузчик в хабаровске;15;Купить вилочный погрузчик: как устроена сделка и на что уходит время
погрузчик вилочный купить в лизинг;17;Купить вилочный погрузчик: как устроена сделка и на что уходит время
нижний новгород купить вилочный погрузчик;14;Купить вилочный погрузчик: как устроена сделка и на что уходит время
вилочный погрузчик в ростове купить;13;Купить вилочный погрузчик: как устроена сделка и на что уходит время
вилочный погрузчик купить в минске;10;Купить вилочный погрузчик: как устроена сделка и на что уходит время
аккумулятор для вилочного погрузчика купить;8;Купить вилочный погрузчик: как устроена сделка и на что уходит время
купить погрузчик в челябинске вилочный;14;Купить вилочный погрузчик: как устроена сделка и на что уходит время
погрузчик вилочный в омске купить;8;Купить вилочный погрузчик: как устроена сделка и на что уходит время
погрузчик вилочный купить в крыму;13;Купить вилочный погрузчик: как устроена сделка и на что уходит время
погрузчик вилочный 16 тонн купить;7;Купить вилочный погрузчик: как устроена сделка и на что уходит время
купить кабину на вилочный погрузчик;5;Купить вилочный погрузчик: как устроена сделка и на что уходит время
купить вилочный погрузчик во владивостоке;9;Купить вилочный погрузчик: как устроена сделка и на что уходит время
вилочный погрузчик купить в казани;8;Купить вилочный погрузчик: как устроена сделка и на что уходит время
вилочный погрузчик в твери купить;5;Купить вилочный погрузчик: как устроена сделка и на что уходит время
купить погрузчик вилочный 2 тонны;9;Купить вилочный погрузчик: как устроена сделка и на что уходит время
вилочный погрузчик в красноярске купить;7;Купить вилочный погрузчик: как устроена сделка и на что уходит время
купить на вилочный погрузчик резину;7;Купить вилочный погрузчик: как устроена сделка и на что уходит время
вилочный погрузчик купить в китае;16;Купить вилочный погрузчик: как устроена сделка и на что уходит время
купить погрузчик в самаре вилочный;14;Купить вилочный погрузчик: как устроена сделка и на что уходит время
погрузчик вилочный купить в тюмени;11;Купить вилочный погрузчик: как устроена сделка и на что уходит время
вилочный погрузчик в уфе купить;10;Купить вилочный погрузчик: как устроена сделка и на что уходит время
купить погрузчик в иркутске вилочный;6;Купить вилочный погрузчик: как устроена сделка и на что уходит время
вилочный погрузчик купить в ижевске;5;Купить вилочный погрузчик: как устроена сделка и на что уходит время
погрузчик вилочный 6 тонн купить;7;Купить вилочный погрузчик: как устроена сделка и на что уходит время
купить погрузчик вилочный в астрахани;23;Купить вилочный погрузчик: как устроена сделка и на что уходит время
купить погрузчик китайский вилочный погрузчик;22;Купить вилочный погрузчик: как устроена сделка и на что уходит время
погрузчик вилочный купить в волгограде;7;Купить вилочный погрузчик: как устроена сделка и на что уходит время
кран для вилочного погрузчика купить;7;Купить вилочный погрузчик: как устроена сделка и на что уходит время
погрузчик вилочный купить в екб;5;Купить вилочный погрузчик: как устроена сделка и на что уходит время
псм на вилочный погрузчик купить;5;Купить вилочный погрузчик: как устроена сделка и на что уходит время
погрузчик вилочный 3т электрический купить;5;Купить вилочный погрузчик: как устроена сделка и на что уходит время
вилочный погрузчик 3 тонны дизельный купить;56;Купить вилочный погрузчик: как устроена сделка и на что уходит время
вилочный погрузчик 5 тонн дизельный купить;43;Купить вилочный погрузчик: как устроена сделка и на что уходит время
купить вилочный погрузчик в нижнем новгороде;26;Купить вилочный погрузчик: как устроена сделка и на что уходит время
погрузчик электрический вилочный купить в москве;12;Купить вилочный погрузчик: как устроена сделка и на что уходит время
купить вилочный погрузчик в приморском крае;12;Купить вилочный погрузчик: как устроена сделка и на что уходит время
какой вилочный погрузчик лучше купить отзывы;5;Купить вилочный погрузчик: как устроена сделка и на что уходит время
погрузчик вилочный купить в краснодарском крае;5;Купить вилочный погрузчик: как устроена сделка и на что уходит время
купить вилочный дизельный погрузчик в москве;7;Купить вилочный погрузчик: как устроена сделка и на что уходит время
купить вилочный погрузчик 3 тонны электрический;7;Купить вилочный погрузчик: как устроена сделка и на что уходит время
вилочный погрузчик купить в ростове на дону;28;Купить вилочный погрузчик: как устроена сделка и на что уходит время
вилочный электропогрузчик купить;111;Купить вилочный погрузчик: как устроена сделка и на что уходит время
регистрация вилочного погрузчика;6;Регистрация вилочного погрузчика в Гостехнадзоре: что нужно знать владельцу
вилочный погрузчик какие права нужны;9;Регистрация вилочного погрузчика в Гостехнадзоре: что нужно знать владельцу
какие права нужны на автопогрузчик;8;Регистрация вилочного погрузчика в Гостехнадзоре: что нужно знать владельцу
регистрация вилочного погрузчика в гостехнадзоре;6;Регистрация вилочного погрузчика в Гостехнадзоре: что нужно знать владельцу
постановка вилочного погрузчика на учет;9;Регистрация вилочного погрузчика в Гостехнадзоре: что нужно знать владельцу
где ставить на учет автопогрузчик;5;Регистрация вилочного погрузчика в Гостехнадзоре: что нужно знать владельцу
какие права нужны на вилочный погрузчик;119;Регистрация вилочного погрузчика в Гостехнадзоре: что нужно знать владельцу
какие права нужны для вилочного погрузчика;37;Регистрация вилочного погрузчика в Гостехнадзоре: что нужно знать владельцу
как поставить на учет вилочный погрузчик;27;Регистрация вилочного погрузчика в Гостехнадзоре: что нужно знать владельцу
автопогрузчик нужно ли ставить на учет;8;Регистрация вилочного погрузчика в Гостехнадзоре: что нужно знать владельцу
где поставить на учет вилочный погрузчик;5;Регистрация вилочного погрузчика в Гостехнадзоре: что нужно знать владельцу
как снять с учета вилочный погрузчик;7;Регистрация вилочного погрузчика в Гостехнадзоре: что нужно знать владельцу
к какой группе ос относится вилочный погрузчик;70;Регистрация вилочного погрузчика в Гостехнадзоре: что нужно знать владельцу
какие права нужны на кару вилочный погрузчик;27;Регистрация вилочного погрузчика в Гостехнадзоре: что нужно знать владельцу
нужно ли ставить на учет вилочный погрузчик;12;Регистрация вилочного погрузчика в Гостехнадзоре: что нужно знать владельцу
постановка на учет вилочного погрузчика в ростехнадзоре;8;Регистрация вилочного погрузчика в Гостехнадзоре: что нужно знать владельцу
нужно ли регистрировать погрузчик в гостехнадзоре вилочный;8;Регистрация вилочного погрузчика в Гостехнадзоре: что нужно знать владельцу
какие права нужны для управления погрузчиком вилочным;25;Регистрация вилочного погрузчика в Гостехнадзоре: что нужно знать владельцу
как поставить вилочный погрузчик на учет в гостехнадзоре;16;Регистрация вилочного погрузчика в Гостехнадзоре: что нужно знать владельцу
какие права нужны на вилочный погрузчик на складе;23;Регистрация вилочного погрузчика в Гостехнадзоре: что нужно знать владельцу
какие права нужны на погрузчик на складе вилочный погрузчик;5;Регистрация вилочного погрузчика в Гостехнадзоре: что нужно знать владельцу
аренда автопогрузчика;12;Аренда вилочного погрузчика: когда выгоднее покупки
аренда вилочного погрузчика;270;Аренда вилочного погрузчика: когда выгоднее покупки
аренда вилочных погрузчиков;57;Аренда вилочного погрузчика: когда выгоднее покупки
цена автопогрузчика аренда;5;Аренда вилочного погрузчика: когда выгоднее покупки
аренда погрузчика вилочного цена;65;Аренда вилочного погрузчика: когда выгоднее покупки
аренда вилочного погрузчика спб;44;Аренда вилочного погрузчика: когда выгоднее покупки
аренда погрузчика вилочного москва;42;Аренда вилочного погрузчика: когда выгоднее покупки
погрузчик вилочный в аренду;64;Аренда вилочного погрузчика: когда выгоднее покупки
аренда вилочного погрузчика воронеж;20;Аренда вилочного погрузчика: когда выгоднее покупки
аренда вилочного погрузчика пермь;19;Аренда вилочного погрузчика: когда выгоднее покупки
аренда автопогрузчика с водителем;17;Аренда вилочного погрузчика: когда выгоднее покупки
аренда вилочного погрузчика ярославль;11;Аренда вилочного погрузчика: когда выгоднее покупки
аренда погрузчик дизельный вилочный;14;Аренда вилочного погрузчика: когда выгоднее покупки
аренда вилочного погрузчика стоимость;8;Аренда вилочного погрузчика: когда выгоднее покупки
краснодар аренда вилочного погрузчика;8;Аренда вилочного погрузчика: когда выгоднее покупки
аренда вилочного погрузчика рязань;6;Аренда вилочного погрузчика: когда выгоднее покупки
аренда вилочного погрузчика тюмень;6;Аренда вилочного погрузчика: когда выгоднее покупки
аренда вилочного погрузчика минск;7;Аренда вилочного погрузчика: когда выгоднее покупки
вилочный погрузчик аренда пенза;6;Аренда вилочного погрузчика: когда выгоднее покупки
аренда вилочного погрузчика новосибирск;5;Аренда вилочного погрузчика: когда выгоднее покупки
аренда вилочного погрузчика казань;5;Аренда вилочного погрузчика: когда выгоднее покупки
омск аренда вилочного погрузчика;8;Аренда вилочного погрузчика: когда выгоднее покупки
аренда вилочного погрузчика севастополь;5;Аренда вилочного погрузчика: когда выгоднее покупки
аренда вилочного погрузчика уфа;5;Аренда вилочного погрузчика: когда выгоднее покупки
аренда погрузчика челябинск вилочного;8;Аренда вилочного погрузчика: когда выгоднее покупки
аренда вилочного погрузчика домодедово;6;Аренда вилочного погрузчика: когда выгоднее покупки
погрузчик вилочный аренда гомель;5;Аренда вилочного погрузчика: когда выгоднее покупки
аренда погрузчика вилочного в спб;49;Аренда вилочного погрузчика: когда выгоднее покупки
аренда вилочных погрузчиков в москве;34;Аренда вилочного погрузчика: когда выгоднее покупки
аренда вилочного погрузчика с оператором;31;Аренда вилочного погрузчика: когда выгоднее покупки
аренда вилочного погрузчика в новосибирске;27;Аренда вилочного погрузчика: когда выгоднее покупки
аренда вилочного погрузчика в твери;27;Аренда вилочного погрузчика: когда выгоднее покупки
аренда вилочного погрузчика в рязани;25;Аренда вилочного погрузчика: когда выгоднее покупки
аренда вилочного погрузчика в краснодаре;25;Аренда вилочного погрузчика: когда выгоднее покупки
аренда вилочных погрузчиков в спб;21;Аренда вилочного погрузчика: когда выгоднее покупки
аренда вилочного погрузчика в саратове;21;Аренда вилочного погрузчика: когда выгоднее покупки
вилочный погрузчик аренда нижний новгород;21;Аренда вилочного погрузчика: когда выгоднее покупки
аренда погрузчика в самаре вилочного;22;Аренда вилочного погрузчика: когда выгоднее покупки
аренда вилочного погрузчика без водителя;17;Аренда вилочного погрузчика: когда выгоднее покупки
аренда вилочного погрузчика в воронеже;16;Аренда вилочного погрузчика: когда выгоднее покупки
аренда вилочного погрузчика с водителем;15;Аренда вилочного погрузчика: когда выгоднее покупки
аренда вилочного погрузчика в москве;12;Аренда вилочного погрузчика: когда выгоднее покупки
погрузчик вилочный взять в аренду;15;Аренда вилочного погрузчика: когда выгоднее покупки
аренда вилочного погрузчика в мурманске;11;Аренда вилочного погрузчика: когда выгоднее покупки
аренда вилочного погрузчика во владимире;11;Аренда вилочного погрузчика: когда выгоднее покупки
аренда вилочного погрузчика в уфе;10;Аренда вилочного погрузчика: когда выгоднее покупки
аренда вилочного погрузчика в туле;10;Аренда вилочного погрузчика: когда выгоднее покупки
аренда вилочного погрузчика в череповце;9;Аренда вилочного погрузчика: когда выгоднее покупки
сдать в аренду вилочный погрузчик;9;Аренда вилочного погрузчика: когда выгоднее покупки
аренда вилочного погрузчика в волгограде;7;Аренда вилочного погрузчика: когда выгоднее покупки
аренда вилочного погрузчика в липецке;6;Аренда вилочного погрузчика: когда выгоднее покупки
аренда вилочного погрузчика в красноярске;5;Аренда вилочного погрузчика: когда выгоднее покупки
аренда вилочного погрузчика в ульяновске;5;Аренда вилочного погрузчика: когда выгоднее покупки
аренда погрузчика в подольске вилочного;9;Аренда вилочного погрузчика: когда выгоднее покупки
аренда вилочных погрузчиков в орле;5;Аренда вилочного погрузчика: когда выгоднее покупки
аренда вилочного погрузчика с водителем цена;21;Аренда вилочного погрузчика: когда выгоднее покупки
вилочный погрузчик в аренду в спб;18;Аренда вилочного погрузчика: когда выгоднее покупки
вилочный погрузчик с водителем в аренду;12;Аренда вилочного погрузчика: когда выгоднее покупки
аренда вилочного погрузчика в нижнем новгороде;12;Аренда вилочного погрузчика: когда выгоднее покупки
погрузчик в аренду вилочный в москве;18;Аренда вилочного погрузчика: когда выгоднее покупки
вилочный погрузчик в аренду в твери;6;Аренда вилочного погрузчика: когда выгоднее покупки
аренда навесного оборудования для вилочного погрузчика;5;Аренда вилочного погрузчика: когда выгоднее покупки
аренда вилочного погрузчика спб с водителем;5;Аренда вилочного погрузчика: когда выгоднее покупки
погрузчик вилочный в аренду в новосибирске;5;Аренда вилочного погрузчика: когда выгоднее покупки
аренда вилочного погрузчика в ростове на дону;24;Аренда вилочного погрузчика: когда выгоднее покупки
аренда погрузчика вилочного в москве с водителем;18;Аренда вилочного погрузчика: когда выгоднее покупки
аренда вилочных погрузчиков в москве и московской области;35;Аренда вилочного погрузчика: когда выгоднее покупки
аренда погрузчика вилочного без водителя на месяц цена;25;Аренда вилочного погрузчика: когда выгоднее покупки
аренда вилочного погрузчика 5 тонн с водителем цена;23;Аренда вилочного погрузчика: когда выгоднее покупки
аренда электропогрузчика вилочного;13;Аренда вилочного погрузчика: когда выгоднее покупки
автопогрузчики ссср;6;Советские и постсоветские вилочные погрузчики: обзор марок
советские автопогрузчики;6;Советские и постсоветские вилочные погрузчики: обзор марок
погрузчик вилочный советский;76;Советские и постсоветские вилочные погрузчики: обзор марок
погрузчик вилочный ссср;39;Советские и постсоветские вилочные погрузчики: обзор марок
советские вилочные погрузчики;8;Советские и постсоветские вилочные погрузчики: обзор марок
ссср погрузчик вилочный погрузчик;7;Советские и постсоветские вилочные погрузчики: обзор марок
вилочный погрузчик жак;13;Вилочный погрузчик: виды, характеристики, как устроен подбор
ep вилочный погрузчик;12;Вилочный погрузчик: виды, характеристики, как устроен подбор
maximal вилочный погрузчик;10;Вилочный погрузчик: виды, характеристики, как устроен подбор
вилочный погрузчик sany;14;Вилочный погрузчик: виды, характеристики, как устроен подбор
вилочный погрузчик максимал;9;Вилочный погрузчик: виды, характеристики, как устроен подбор
вилочный погрузчик ep equipment;8;Вилочный погрузчик: виды, характеристики, как устроен подбор
вилочный погрузчик balkancar record дв 1792;5;Вилочный погрузчик: виды, характеристики, как устроен подбор
автопогрузчик;609;Вилочный погрузчик: виды, характеристики, как устроен подбор
автопогрузчик вилочный;168;Вилочный погрузчик: виды, характеристики, как устроен подбор
вилочный погрузчик;4234;Вилочный погрузчик: виды, характеристики, как устроен подбор
автопогрузчик 41015;21;Вилочный погрузчик: виды, характеристики, как устроен подбор
окоф автопогрузчик;21;Вилочный погрузчик: виды, характеристики, как устроен подбор
автопогрузчик 41030;25;Вилочный погрузчик: виды, характеристики, как устроен подбор
автопогрузчик фото;56;Вилочный погрузчик: виды, характеристики, как устроен подбор
автопогрузчик jcb;33;Вилочный погрузчик: виды, характеристики, как устроен подбор
автопогрузчик 40814;21;Вилочный погрузчик: виды, характеристики, как устроен подбор
автопогрузчик 40810;15;Вилочный погрузчик: виды, характеристики, как устроен подбор
автопогрузчик 4045м;12;Вилочный погрузчик: виды, характеристики, как устроен подбор
услуги автопогрузчика;15;Вилочный погрузчик: виды, характеристики, как устроен подбор
автопогрузчика работа;9;Вилочный погрузчик: виды, характеристики, как устроен подбор
автопогрузчик 4046;9;Вилочный погрузчик: виды, характеристики, как устроен подбор
машинист автопогрузчика;10;Вилочный погрузчик: виды, характеристики, как устроен подбор
оператор автопогрузчика;8;Вилочный погрузчик: виды, характеристики, как устроен подбор
управление автопогрузчиком;6;Вилочный погрузчик: виды, характеристики, как устроен подбор
dalian автопогрузчик;8;Вилочный погрузчик: виды, характеристики, как устроен подбор
виды автопогрузчиков;7;Вилочный погрузчик: виды, характеристики, как устроен подбор
автопогрузчик псков;7;Вилочный погрузчик: виды, характеристики, как устроен подбор
автопогрузчик хендай;8;Вилочный погрузчик: виды, характеристики, как устроен подбор
автопогрузчик 4081;8;Вилочный погрузчик: виды, характеристики, как устроен подбор
тележка автопогрузчик;7;Вилочный погрузчик: виды, характеристики, как устроен подбор
автопогрузчик рекорд;6;Вилочный погрузчик: виды, характеристики, как устроен подбор
4045 автопогрузчик;8;Вилочный погрузчик: виды, характеристики, как устроен подбор
автопогрузчик рязань;6;Вилочный погрузчик: виды, характеристики, как устроен подбор
автопогрузчик 40810мф;6;Вилочный погрузчик: виды, характеристики, как устроен подбор
автопогрузчик 4014;6;Вилочный погрузчик: виды, характеристики, как устроен подбор
устройство автопогрузчика;5;Вилочный погрузчик: виды, характеристики, как устроен подбор
автопогрузчик 4075;6;Вилочный погрузчик: виды, характеристики, как устроен подбор
автопогрузчик 4008м;5;Вилочный погрузчик: виды, характеристики, как устроен подбор
4008 автопогрузчик;6;Вилочный погрузчик: виды, характеристики, как устроен подбор
совок автопогрузчика;5;Вилочный погрузчик: виды, характеристики, как устроен подбор
автопогрузчик 4045р;5;Вилочный погрузчик: виды, характеристики, как устроен подбор
картинка автопогрузчик;5;Вилочный погрузчик: виды, характеристики, как устроен подбор
плакаты автопогрузчик;9;Вилочный погрузчик: виды, характеристики, как устроен подбор
челябинск автопогрузчик;7;Вилочный погрузчик: виды, характеристики, как устроен подбор
вилочный погрузчик фото;179;Вилочный погрузчик: виды, характеристики, как устроен подбор
самодельный вилочный погрузчик;53;Вилочный погрузчик: виды, характеристики, как устроен подбор
вилочный погрузчик размеры;38;Вилочный погрузчик: виды, характеристики, как устроен подбор
trf вилочный погрузчик;36;Вилочный погрузчик: виды, характеристики, как устроен подбор
вилочный погрузчик управление;21;Вилочный погрузчик: виды, характеристики, как устроен подбор
четырех вилочный погрузчик;21;Вилочный погрузчик: виды, характеристики, как устроен подбор
вилочный погрузчик многоходовой;22;Вилочный погрузчик: виды, характеристики, как устроен подбор
вилочный погрузчик хендай;38;Вилочный погрузчик: виды, характеристики, как устроен подбор
4х4 вилочный погрузчик;24;Вилочный погрузчик: виды, характеристики, как устроен подбор
вилочный погрузчик caterpillar;22;Вилочный погрузчик: виды, характеристики, как устроен подбор
вилочный погрузчик chl;30;Вилочный погрузчик: виды, характеристики, как устроен подбор
вилочный погрузчик штиль;19;Вилочный погрузчик: виды, характеристики, как устроен подбор
вилочный погрузчик 10т;21;Вилочный погрузчик: виды, характеристики, как устроен подбор
вилочный погрузчик tfn;24;Вилочный погрузчик: виды, характеристики, как устроен подбор
jcb вилочный погрузчик;30;Вилочный погрузчик: виды, характеристики, как устроен подбор
вилочный погрузчик dwg;13;Вилочный погрузчик: виды, характеристики, как устроен подбор
вилочный погрузчик челябинск;12;Вилочный погрузчик: виды, характеристики, как устроен подбор
вилочный погрузчик 3т;22;Вилочный погрузчик: виды, характеристики, как устроен подбор
вилочный погрузчик маленький;20;Вилочный погрузчик: виды, характеристики, как устроен подбор
автопогрузчик вилочный работа;21;Вилочный погрузчик: виды, характеристики, как устроен подбор
автопогрузчик код окоф;20;Вилочный погрузчик: виды, характеристики, как устроен подбор
вилочный погрузчик робот;19;Вилочный погрузчик: виды, характеристики, как устроен подбор
вилочный погрузчик jtc;16;Вилочный погрузчик: виды, характеристики, как устроен подбор
4 вилочный погрузчик;17;Вилочный погрузчик: виды, характеристики, как устроен подбор
вилочный погрузчик hyundai;12;Вилочный погрузчик: виды, характеристики, как устроен подбор
большой вилочный погрузчик;18;Вилочный погрузчик: виды, характеристики, как устроен подбор
вилочный погрузчик китайский;38;Вилочный погрузчик: виды, характеристики, как устроен подбор
вилочный погрузчик aurora;11;Вилочный погрузчик: виды, характеристики, как устроен подбор
знак внимание автопогрузчик;15;Вилочный погрузчик: виды, характеристики, как устроен подбор
складской вилочный погрузчик;18;Вилочный погрузчик: виды, характеристики, как устроен подбор
вилочный погрузчик далиан;22;Вилочный погрузчик: виды, характеристики, как устроен подбор
ап 4045 автопогрузчик;12;Вилочный погрузчик: виды, характеристики, как устроен подбор
вилочный погрузчик тюмень;14;Вилочный погрузчик: виды, характеристики, как устроен подбор
вилочный погрузчик хустер;8;Вилочный погрузчик: виды, характеристики, как устроен подбор
как выглядит автопогрузчик;9;Вилочный погрузчик: виды, характеристики, как устроен подбор
шантуй вилочный погрузчик;11;Вилочный погрузчик: виды, характеристики, как устроен подбор
вилочный погрузчик права;19;Вилочный погрузчик: виды, характеристики, как устроен подбор
кар вилочный погрузчик;15;Вилочный погрузчик: виды, характеристики, как устроен подбор
вилочный погрузчик митсубиси;16;Вилочный погрузчик: виды, характеристики, как устроен подбор
вилочный погрузчик уфа;7;Вилочный погрузчик: виды, характеристики, как устроен подбор
автопогрузчики 5 т;7;Вилочный погрузчик: виды, характеристики, как устроен подбор
старый вилочный погрузчик;13;Вилочный погрузчик: виды, характеристики, как устроен подбор
bull вилочный погрузчик;8;Вилочный погрузчик: виды, характеристики, как устроен подбор
автопогрузчик дв 1792;7;Вилочный погрузчик: виды, характеристики, как устроен подбор
автопогрузчик вп 05;7;Вилочный погрузчик: виды, характеристики, как устроен подбор
конструктор вилочный погрузчик;7;Вилочный погрузчик: виды, характеристики, как устроен подбор
автопогрузчик вилочный фото;8;Вилочный погрузчик: виды, характеристики, как устроен подбор
автопогрузчик ап 4014;9;Вилочный погрузчик: виды, характеристики, как устроен подбор
автопогрузчик d30s 5;7;Вилочный погрузчик: виды, характеристики, как устроен подбор
как оприходовать автопогрузчик;9;Вилочный погрузчик: виды, характеристики, как устроен подбор
вилочный погрузчик виды;6;Вилочный погрузчик: виды, характеристики, как устроен подбор
вилочный погрузчик пермь;6;Вилочный погрузчик: виды, характеристики, как устроен подбор
вилочный погрузчик лизинг;11;Вилочный погрузчик: виды, характеристики, как устроен подбор
амортизационная группа автопогрузчик;10;Вилочный погрузчик: виды, характеристики, как устроен подбор
автопогрузчик вилочный окоф;10;Вилочный погрузчик: виды, характеристики, как устроен подбор
вилочный погрузчик 4wd;7;Вилочный погрузчик: виды, характеристики, как устроен подбор
небольшой вилочный погрузчик;6;Вилочный погрузчик: виды, характеристики, как устроен подбор
вилочный погрузчик костанай;6;Вилочный погрузчик: виды, характеристики, как устроен подбор
двери для автопогрузчиков;6;Вилочный погрузчик: виды, характеристики, как устроен подбор
армянский вилочный погрузчик;6;Вилочный погрузчик: виды, характеристики, как устроен подбор
характеристики вилочный погрузчик;15;Вилочный погрузчик: виды, характеристики, как устроен подбор
гидравлический вилочный погрузчик;7;Вилочный погрузчик: виды, характеристики, как устроен подбор
вилочный погрузчик китай;7;Вилочный погрузчик: виды, характеристики, как устроен подбор
болгарский вилочный погрузчик;7;Вилочный погрузчик: виды, характеристики, как устроен подбор
вилочный погрузчик мтз;7;Вилочный погрузчик: виды, характеристики, как устроен подбор
вилочный погрузчик тфн;9;Вилочный погрузчик: виды, характеристики, как устроен подбор
вилочный погрузчик хундай;5;Вилочный погрузчик: виды, характеристики, как устроен подбор
вилочный погрузчик трехопорный;10;Вилочный погрузчик: виды, характеристики, как устроен подбор
вилочный погрузчик комбилифт;5;Вилочный погрузчик: виды, характеристики, как устроен подбор
вилочный погрузчик тюнинг;5;Вилочный погрузчик: виды, характеристики, как устроен подбор
как управлять автопогрузчиком;5;Вилочный погрузчик: виды, характеристики, как устроен подбор
окз машинист автопогрузчика;7;Вилочный погрузчик: виды, характеристики, как устроен подбор
вилочный погрузчик цены;6;Вилочный погрузчик: виды, характеристики, как устроен подбор
вилочный погрузчик самоходный;8;Вилочный погрузчик: виды, характеристики, как устроен подбор
вилочный погрузчик рейтинг;6;Вилочный погрузчик: виды, характеристики, как устроен подбор
вилочный погрузчик японский;10;Вилочный погрузчик: виды, характеристики, как устроен подбор
вилочный погрузчик волжский;8;Вилочный погрузчик: виды, характеристики, как устроен подбор
вилочный погрузчик 2т;5;Вилочный погрузчик: виды, характеристики, как устроен подбор
un вилочный погрузчик;5;Вилочный погрузчик: виды, характеристики, как устроен подбор
вилочный погрузчик xilin;7;Вилочный погрузчик: виды, характеристики, как устроен подбор
вилочный погрузчик ер;5;Вилочный погрузчик: виды, характеристики, как устроен подбор
вилочный погрузчик газ;5;Вилочный погрузчик: виды, характеристики, как устроен подбор
вилочный погрузчик навесной;9;Вилочный погрузчик: виды, характеристики, как устроен подбор
вилочный погрузчик омск;5;Вилочный погрузчик: виды, характеристики, как устроен подбор
forklift вилочный погрузчик;5;Вилочный погрузчик: виды, характеристики, как устроен подбор
катерпиллер вилочный погрузчик;5;Вилочный погрузчик: виды, характеристики, как устроен подбор
вилочный погрузчик благовещенск;5;Вилочный погрузчик: виды, характеристики, как устроен подбор
hc вилочный погрузчик;5;Вилочный погрузчик: виды, характеристики, как устроен подбор
отечественный вилочный погрузчик;6;Вилочный погрузчик: виды, характеристики, как устроен подбор
вилочный погрузчик колесный;12;Вилочный погрузчик: виды, характеристики, как устроен подбор
чита вилочный погрузчик;5;Вилочный погрузчик: виды, характеристики, как устроен подбор
чебоксары вилочный погрузчик;6;Вилочный погрузчик: виды, характеристики, как устроен подбор
jak вилочный погрузчик;5;Вилочный погрузчик: виды, характеристики, как устроен подбор
типы вилочных автопогрузчиков;8;Вилочный погрузчик: виды, характеристики, как устроен подбор
автопогрузчики должны быть оснащены;30;Вилочный погрузчик: виды, характеристики, как устроен подбор
колеса на вилочный погрузчик;39;Вилочный погрузчик: виды, характеристики, как устроен подбор
кран на вилочный погрузчик;32;Вилочный погрузчик: виды, характеристики, как устроен подбор
вилочный погрузчик со стрелой;24;Вилочный погрузчик: виды, характеристики, как устроен подбор
весы на вилочный погрузчик;28;Вилочный погрузчик: виды, характеристики, как устроен подбор
акб на вилочный погрузчик;21;Вилочный погрузчик: виды, характеристики, как устроен подбор
вилочный погрузчик на радиоуправлении;16;Вилочный погрузчик: виды, характеристики, как устроен подбор
вилочный погрузчик на английском;16;Вилочный погрузчик: виды, характеристики, как устроен подбор
вилочный погрузчик производство россия;14;Вилочный погрузчик: виды, характеристики, как устроен подбор
учеба на вилочный погрузчик;17;Вилочный погрузчик: виды, характеристики, как устроен подбор
вилочный погрузчик из китая;12;Вилочный погрузчик: виды, характеристики, как устроен подбор
вилочный погрузчик штиль дизель;12;Вилочный погрузчик: виды, характеристики, как устроен подбор
снегоуборщик на вилочный погрузчик;12;Вилочный погрузчик: виды, характеристики, как устроен подбор
радиатор на вилочный погрузчик;12;Вилочный погрузчик: виды, характеристики, как устроен подбор
чехол на вилочный погрузчик;21;Вилочный погрузчик: виды, характеристики, как устроен подбор
гбо на вилочный погрузчик;11;Вилочный погрузчик: виды, характеристики, как устроен подбор
насадка на вилочный погрузчик;11;Вилочный погрузчик: виды, характеристики, как устроен подбор
вилочный погрузчик лонг кинг;11;Вилочный погрузчик: виды, характеристики, как устроен подбор
вилочный погрузчик для склада;11;Вилочный погрузчик: виды, характеристики, как устроен подбор
вилочный погрузчик 15 тонн;12;Вилочный погрузчик: виды, характеристики, как устроен подбор
документы на вилочный погрузчик;14;Вилочный погрузчик: виды, характеристики, как устроен подбор
покрышки на вилочный погрузчик;9;Вилочный погрузчик: виды, характеристики, как устроен подбор
автопогрузчик код тн вэд;15;Вилочный погрузчик: виды, характеристики, как устроен подбор
как перевезти вилочный погрузчик;9;Вилочный погрузчик: виды, характеристики, как устроен подбор
грузовичок лева вилочный погрузчик;9;Вилочный погрузчик: виды, характеристики, как устроен подбор
окпд 2 вилочный погрузчик;21;Вилочный погрузчик: виды, характеристики, как устроен подбор
опрокидыватель на вилочный погрузчик;8;Вилочный погрузчик: виды, характеристики, как устроен подбор
вилочный погрузчик 30 тонн;8;Вилочный погрузчик: виды, характеристики, как устроен подбор
отучиться на вилочный погрузчик;7;Вилочный погрузчик: виды, характеристики, как устроен подбор
вилочный погрузчик категории с;7;Вилочный погрузчик: виды, характеристики, как устроен подбор
вилочный погрузчик в лизинг;18;Вилочный погрузчик: виды, характеристики, как устроен подбор
автопогрузчик срок полезного использования;8;Вилочный погрузчик: виды, характеристики, как устроен подбор
вилочный погрузчик рычаги управления;10;Вилочный погрузчик: виды, характеристики, как устроен подбор
автопогрузчик и погрузчик разница;7;Вилочный погрузчик: виды, характеристики, как устроен подбор
вилочный погрузчик из японии;9;Вилочный погрузчик: виды, характеристики, как устроен подбор
вилочный автопогрузчик geka d50;13;Вилочный погрузчик: виды, характеристики, как устроен подбор
вилочный погрузчик в автокаде;7;Вилочный погрузчик: виды, характеристики, как устроен подбор
автопогрузчик hyundai 50d 7ae;7;Вилочный погрузчик: виды, характеристики, как устроен подбор
стекло на вилочный погрузчик;13;Вилочный погрузчик: виды, характеристики, как устроен подбор
генератор на вилочный погрузчик;6;Вилочный погрузчик: виды, характеристики, как устроен подбор
навесное на вилочный погрузчик;7;Вилочный погрузчик: виды, характеристики, как устроен подбор
вилочный погрузчик 1 43;6;Вилочный погрузчик: виды, характеристики, как устроен подбор
крюк на вилочный погрузчик;7;Вилочный погрузчик: виды, характеристики, как устроен подбор
программа стажировки водителя автопогрузчика;6;Вилочный погрузчик: виды, характеристики, как устроен подбор
как поддомкратить вилочный погрузчик;6;Вилочный погрузчик: виды, характеристики, как устроен подбор
рулевое управление вилочный погрузчик;5;Вилочный погрузчик: виды, характеристики, как устроен подбор
вилочный погрузчик в уфе;5;Вилочный погрузчик: виды, характеристики, как устроен подбор
выучиться на вилочный погрузчик;5;Вилочный погрузчик: виды, характеристики, как устроен подбор
на мтз вилочный погрузчик;9;Вилочный погрузчик: виды, характеристики, как устроен подбор
ступица на вилочный погрузчик;5;Вилочный погрузчик: виды, характеристики, как устроен подбор
сколько поднимает вилочный погрузчик;12;Вилочный погрузчик: виды, характеристики, как устроен подбор
карбюратор на вилочный погрузчик;5;Вилочный погрузчик: виды, характеристики, как устроен подбор
вилочный погрузчик 3т дизель;12;Вилочный погрузчик: виды, характеристики, как устроен подбор
транспортный налог на автопогрузчики;5;Вилочный погрузчик: виды, характеристики, как устроен подбор
вилочный погрузчик код тнвэд;5;Вилочный погрузчик: виды, характеристики, как устроен подбор
паспорт на вилочный погрузчик;7;Вилочный погрузчик: виды, характеристики, как устроен подбор
вилочный погрузчик управление джойстиком;5;Вилочный погрузчик: виды, характеристики, как устроен подбор
вилочный погрузчик вп 5;5;Вилочный погрузчик: виды, характеристики, как устроен подбор
акт приема передачи автопогрузчика;5;Вилочный погрузчик: виды, характеристики, как устроен подбор
вилочный погрузчик chl отзывы;7;Вилочный погрузчик: виды, характеристики, как устроен подбор
отличие автопогрузчика от погрузчика;7;Вилочный погрузчик: виды, характеристики, как устроен подбор
автопогрузчик 4014м технические характеристики;5;Вилочный погрузчик: виды, характеристики, как устроен подбор
автопогрузчик 40810 технические характеристики;5;Вилочный погрузчик: виды, характеристики, как устроен подбор
вилочный погрузчик 5 т;5;Вилочный погрузчик: виды, характеристики, как устроен подбор
вилочный погрузчик с кабиной;12;Вилочный погрузчик: виды, характеристики, как устроен подбор
вилочный погрузчик не заводится;7;Вилочный погрузчик: виды, характеристики, как устроен подбор
вилочный погрузчик транспортный налог;5;Вилочный погрузчик: виды, характеристики, как устроен подбор
вилочный погрузчик 1 5т;7;Вилочный погрузчик: виды, характеристики, как устроен подбор
вилочный погрузчик митсубиси fg15;7;Вилочный погрузчик: виды, характеристики, как устроен подбор
вилочный погрузчик teu fd30t;5;Вилочный погрузчик: виды, характеристики, как устроен подбор
вилочный погрузчик 40 тонн;5;Вилочный погрузчик: виды, характеристики, как устроен подбор
самый мощный вилочный погрузчик;5;Вилочный погрузчик: виды, характеристики, как устроен подбор
вилочный погрузчик 3 5;9;Вилочный погрузчик: виды, характеристики, как устроен подбор
цепи на вилочный погрузчик;7;Вилочный погрузчик: виды, характеристики, как устроен подбор
код по окоф автопогрузчик;5;Вилочный погрузчик: виды, характеристики, как устроен подбор
технические характеристики автопогрузчик 40814;5;Вилочный погрузчик: виды, характеристики, как устроен подбор
вилочный погрузчик 3 т;12;Вилочный погрузчик: виды, характеристики, как устроен подбор
вилочный погрузчик в гродно;6;Вилочный погрузчик: виды, характеристики, как устроен подбор
вилочный погрузчик geka d35;5;Вилочный погрузчик: виды, характеристики, как устроен подбор
вилочный погрузчик боковой погрузчик;20;Вилочный погрузчик: виды, характеристики, как устроен подбор
вилочный погрузчик волжский погрузчик;9;Вилочный погрузчик: виды, характеристики, как устроен подбор
вилочный погрузчик как устроен;8;Вилочный погрузчик: виды, характеристики, как устроен подбор
geka d35 автопогрузчик вилочный;9;Вилочный погрузчик: виды, характеристики, как устроен подбор
услуги вилочный погрузчик новосибирск;7;Вилочный погрузчик: виды, характеристики, как устроен подбор
john deere вилочный погрузчик;5;Вилочный погрузчик: виды, характеристики, как устроен подбор
вилочный погрузчик услуги тамбов;6;Вилочный погрузчик: виды, характеристики, как устроен подбор
навесное оборудование на вилочный погрузчик;44;Вилочный погрузчик: виды, характеристики, как устроен подбор
вилочный погрузчик код тн вэд;43;Вилочный погрузчик: виды, характеристики, как устроен подбор
кран балка на вилочный погрузчик;21;Вилочный погрузчик: виды, характеристики, как устроен подбор
резина на вилочный погрузчик зимняя;22;Вилочный погрузчик: виды, характеристики, как устроен подбор
опрокидыватель контейнеров на вилочный погрузчик;17;Вилочный погрузчик: виды, характеристики, как устроен подбор
автопогрузчик вилочный окоф амортизационная группа;16;Вилочный погрузчик: виды, характеристики, как устроен подбор
вилочный погрузчик на гусеничном ходу;15;Вилочный погрузчик: виды, характеристики, как устроен подбор
лобовое стекло на вилочный погрузчик;14;Вилочный погрузчик: виды, характеристики, как устроен подбор
код окоф амортизационная группа автопогрузчик;15;Вилочный погрузчик: виды, характеристики, как устроен подбор
вилочный погрузчик 1 5 т;21;Вилочный погрузчик: виды, характеристики, как устроен подбор
вилочный погрузчик с поворотными вилами;11;Вилочный погрузчик: виды, характеристики, как устроен подбор
вилочный погрузчик нужны ли права;10;Вилочный погрузчик: виды, характеристики, как устроен подбор
шипованная резина на вилочный погрузчик;13;Вилочный погрузчик: виды, характеристики, как устроен подбор
вилочный погрузчик нужно ли регистрировать;11;Вилочный погрузчик: виды, характеристики, как устроен подбор
срок полезного использования автопогрузчика вилочного;8;Вилочный погрузчик: виды, характеристики, как устроен подбор
почему не заводится вилочный погрузчик;8;Вилочный погрузчик: виды, характеристики, как устроен подбор
контейнер самоопрокидывающийся под вилочный погрузчик;8;Вилочный погрузчик: виды, характеристики, как устроен подбор
договор купли продажи автопогрузчика образец;8;Вилочный погрузчик: виды, характеристики, как устроен подбор
утилизационный сбор на вилочный погрузчик;7;Вилочный погрузчик: виды, характеристики, как устроен подбор
автопогрузчик ап 40814 технические характеристики;7;Вилочный погрузчик: виды, характеристики, как устроен подбор
вилочный погрузчик не едет вперед;6;Вилочный погрузчик: виды, характеристики, как устроен подбор
получение прав на вилочный погрузчик;6;Вилочный погрузчик: виды, характеристики, как устроен подбор
ищу работу на вилочный погрузчик;5;Вилочный погрузчик: виды, характеристики, как устроен подбор
налог на вилочный погрузчик транспортный;10;Вилочный погрузчик: виды, характеристики, как устроен подбор
крановая установка на вилочный погрузчик;5;Вилочный погрузчик: виды, характеристики, как устроен подбор
вилочный погрузчик на кун мтз;5;Вилочный погрузчик: виды, характеристики, как устроен подбор
вилочный погрузчик hyundai 30df 7;8;Вилочный погрузчик: виды, характеристики, как устроен подбор
замок зажигания на вилочный погрузчик;21;Вилочный погрузчик: виды, характеристики, как устроен подбор
вилочный погрузчик из чего состоит;6;Вилочный погрузчик: виды, характеристики, как устроен подбор
как называется вилочный погрузчик правильно;13;Вилочный погрузчик: виды, характеристики, как устроен подбор
насадка на вилочный погрузчик кран;5;Вилочный погрузчик: виды, характеристики, как устроен подбор
найти работу водителем автопогрузчика в москве;16;Вилочный погрузчик: виды, характеристики, как устроен подбор
автопогрузчик транспортный налог надо ли платить;15;Вилочный погрузчик: виды, характеристики, как устроен подбор
вилочный погрузчик чза 40912 01 характеристики;14;Вилочный погрузчик: виды, характеристики, как устроен подбор
самый большой вилочный погрузчик в мире;11;Вилочный погрузчик: виды, характеристики, как устроен подбор
срок службы автопогрузчика для начисления амортизации;10;Вилочный погрузчик: виды, характеристики, как устроен подбор
вилочный погрузчик вп 05 технические характеристики;9;Вилочный погрузчик: виды, характеристики, как устроен подбор
штырь для рулонов на вилочный погрузчик;8;Вилочный погрузчик: виды, характеристики, как устроен подбор
погрузчик и автопогрузчик в чем разница;6;Вилочный погрузчик: виды, характеристики, как устроен подбор
нужно ли осаго на вилочный погрузчик;5;Вилочный погрузчик: виды, характеристики, как устроен подбор
какие категории нужны на вилочный погрузчик;6;Вилочный погрузчик: виды, характеристики, как устроен подбор
весы на вилочный погрузчик для взвешивания грузов;21;Вилочный погрузчик: виды, характеристики, как устроен подбор
как рассчитать транспортный налог на вилочный погрузчик;15;Вилочный погрузчик: виды, характеристики, как устроен подбор
к какому виду транспорта относится вилочный погрузчик;9;Вилочный погрузчик: виды, характеристики, как устроен подбор
чем должны быть оборудованы автопогрузчики с механической системой подъема груза;10;Вилочный погрузчик: виды, характеристики, как устроен подбор
гост 16215 80 автопогрузчики вилочные общего назначения общие технические условия;5;Вилочный погрузчик: виды, характеристики, как устроен подбор
скорость движения автопогрузчика в затрудненных местах и при движении задним ходом должна составлять;5;Вилочный погрузчик: виды, характеристики, как устроен подбор
