фраза;точная;широкая;техника;интент;урал;словоформ
рохля;15995;98185;рохля;прочее;0;7
штабелер;7538;79535;штабелёр;прочее;0;9
вилочный погрузчик;4234;95594;вилочный;прочее;0;10
гидравлическая рохля;4040;17268;рохля;прочее;0;7
ричтрак;3489;21421;ричтрак;прочее;0;1
электроштабелер;2860;16828;штабелёр;прочее;0;8
рохля это;2194;4219;рохля;прочее;0;5
гидравлическая тележка;1744;25911;рохля;прочее;0;11
электрическая рохля;1655;5274;рохля;прочее;0;10
электро рохля;1555;4482;рохля;прочее;0;7
электротележка;1455;11060;электротележка;прочее;0;6
вилочный погрузчик купить;1080;8992;вилочный;коммерческий;0;20
штабелер электрический;1023;8550;штабелёр;прочее;0;9
самоходная тележка;977;10260;электротележка;прочее;0;8
ручной гидравлический штабелер;880;3840;штабелёр;прочее;0;15
ричстакер;825;4748;ричтрак;прочее;0;1
ручной штабелер;742;7361;штабелёр;прочее;0;10
штабелер электрический купить;736;1694;штабелёр;коммерческий;0;5
рохля гидравлическая купить;715;4420;рохля;коммерческий;0;4
купить штабелер;635;6084;штабелёр;коммерческий;0;8
автопогрузчик;609;26287;вилочный;прочее;0;6
рохля купить;598;13447;рохля;коммерческий;0;5
штабелер самоходный;543;8690;штабелёр;прочее;0;12
штабелер электрический самоходный;527;2657;штабелёр;прочее;0;10
вилочный погрузчик электрический;507;3074;вилочный;прочее;0;10
электроштабелер купить;499;1236;штабелёр;коммерческий;0;5
тележка самоходная электрическая;497;1878;электротележка;прочее;0;8
штабелер гидравлический;447;6976;штабелёр;прочее;0;8
штабелер это;431;1830;штабелёр;прочее;0;6
ричтрак фото;423;916;ричтрак;прочее;0;1
купить штабелер ручной гидравлический;409;788;штабелёр;коммерческий;0;4
гидравлическая тележка рохля;404;3303;рохля;прочее;0;17
как правильно называется рохля;377;479;рохля;прочее;0;2
электроштабелеры для складов;353;546;штабелёр;прочее;0;3
ричтрак что это;344;946;ричтрак;запчасти и сервис;0;2
рохля что это;344;1119;рохля;запчасти и сервис;0;7
рохля цена;331;2875;рохля;коммерческий;0;8
штабелер самоходный электрический купить;329;570;штабелёр;коммерческий;0;3
штабелер что это такое;312;424;штабелёр;запчасти и сервис;0;4
рохля что это такое;311;467;рохля;запчасти и сервис;0;7
штабелер с электроподъемом купить;308;428;штабелёр;коммерческий;0;3
электроштабелер самоходный;301;1026;штабелёр;прочее;0;8
сколько стоит рохля;288;1086;рохля;прочее;0;8
погрузчик вилочный 5 тонн купить;280;583;вилочный;коммерческий;0;7
тележка рохля;273;4879;рохля;прочее;0;9
аренда вилочного погрузчика;270;3905;вилочный;аренда;0;24
рохля это человек;269;375;рохля;запчасти и сервис;0;2
рохля электрическая с подъемным механизмом;268;578;рохля;прочее;0;2
ричтрак что это такое;263;402;ричтрак;запчасти и сервис;0;1
водитель штабелера;259;3901;штабелёр;прочее;0;5
гидравлическая рохля с подъемным механизмом;257;560;рохля;прочее;0;3
ричтрак купить;253;783;ричтрак;коммерческий;0;2
вилочный погрузчик купить бу;252;1133;вилочный;коммерческий;0;19
ручная рохля;246;1687;рохля;прочее;0;8
купить рохлю гидравлическую;246;4600;рохля;коммерческий;0;1
электротележка для склада;243;426;электротележка;прочее;0;3
электро рохля с подъемным механизмом;241;369;рохля;прочее;0;1
рохля гидравлическая купить в москве;235;427;рохля;коммерческий;0;2
штабелер механический;230;608;штабелёр;прочее;0;3
садовая тележка самоходная;225;962;электротележка;прочее;0;11
ричтрак это;224;1319;ричтрак;прочее;0;1
тележка гидравлическая рохля купить;224;668;рохля;коммерческий;0;3
самоходный штабелер купить;223;1061;штабелёр;коммерческий;0;7
штабелер фото;222;1036;штабелёр;прочее;0;9
водитель электроштабелера;222;1878;штабелёр;прочее;0;2
рохля с весами;221;1318;рохля;прочее;0;4
колеса для рохли купить;219;485;рохля;коммерческий;0;6
самоходная электрическая рохля;213;501;рохля;прочее;0;5
кран штабелер;211;2098;штабелёр;прочее;0;24
электроштабелер фото;210;367;штабелёр;прочее;0;10
узкопроходный штабелер;209;637;штабелёр;прочее;0;10
запчасти для рохли;207;655;рохля;запчасти и сервис;0;3
штабелер цена;206;1635;штабелёр;коммерческий;0;7
штабелер высотный;206;1024;штабелёр;прочее;0;8
вилочный электропогрузчик;204;2227;вилочный;прочее;0;7
водитель вилочного погрузчика;201;6034;вилочный;прочее;0;6
ремонт рохли;198;1551;рохля;запчасти и сервис;0;6
рохли гидравлические с подъемом тележки;197;249;рохля;прочее;0;2
колеса для рохли;195;1639;рохля;прочее;0;6
штабелер погрузчик;193;2073;штабелёр;прочее;0;15
дизельный вилочный погрузчик;188;3058;вилочный;прочее;0;17
штабелер электрический цена;187;396;штабелёр;коммерческий;0;6
штабелер ручной купить;185;1125;штабелёр;коммерческий;0;9
какую максимальную высоту подъема груза должны обеспечивать тележки штабелеры;181;288;штабелёр;прочее;0;1
вилочный погрузчик фото;179;699;вилочный;прочее;0;16
как правильно рохля или рохля;175;263;рохля;прочее;0;7
штабелер что это;173;868;штабелёр;запчасти и сервис;0;9
вилочный погрузчик 3 тонны;172;1308;вилочный;прочее;0;10
автопогрузчик вилочный;168;2940;вилочный;прочее;0;12
рохля электрическая купить;163;472;рохля;коммерческий;0;6
ролики для рохли;161;887;рохля;прочее;0;5
рохля размеры;159;821;рохля;характеристики;0;7
штабелер для склада;154;959;штабелёр;прочее;0;4
штабелер ручной цена;152;299;штабелёр;коммерческий;0;7
рохли гидравлические купить;152;4420;рохля;коммерческий;0;1
ручной вилочный погрузчик;149;453;вилочный;прочее;0;14
электротележка для перевозки грузов;149;317;электротележка;прочее;0;2
ручной штабелер гидравлический 2 тонны;149;202;штабелёр;прочее;0;2
штабелер с электроподъемом;147;1563;штабелёр;прочее;0;3
самоходная тележка 7 букв;147;343;электротележка;прочее;0;2
самоходная тележка тс 350;147;381;электротележка;прочее;0;7
какой тормозной путь должен быть у автопогрузчика при скорости движения 10 км ч;146;226;вилочный;выбор;0;2
грузоподъемность рохли;144;912;рохля;характеристики;0;5
сколько весит рохля;141;359;рохля;прочее;0;2
вилочный погрузчик 5 тонн;138;1836;вилочный;прочее;0;18
поводковый штабелер;138;417;штабелёр;прочее;0;6
аренда рохли;137;1910;рохля;аренда;0;7
ричтрак электрический;136;566;ричтрак;прочее;0;2
greenworks тележка самоходная;136;721;электротележка;прочее;0;4
ричстакер что это такое;136;147;ричтрак;запчасти и сервис;0;2
сколько стоит рохля гидравлическая цена;136;224;рохля;коммерческий;0;1
рохля подъемная гидравлическая;134;771;рохля;прочее;0;3
электрическая рохля цена;134;263;рохля;коммерческий;0;5
рохля с подъемным механизмом;134;1789;рохля;прочее;0;3
купить рохля бу;133;968;рохля;коммерческий;0;7
подъемник рохля;132;519;рохля;прочее;0;7
садовая электротележка;132;247;электротележка;прочее;0;4
щетка на вилочный погрузчик;131;203;вилочный;прочее;0;1
тележка гидравлическая ас 25;131;299;рохля;прочее;0;3
рохли электрические;130;5157;рохля;прочее;0;4
купить штабелер гидравлический;130;1076;штабелёр;коммерческий;0;7
автопогрузчик это;129;526;вилочный;прочее;0;5
вилочный погрузчик купить бу на авито;129;212;вилочный;коммерческий;0;9
электро штабелеры для склада;127;292;штабелёр;прочее;0;2
погрузчик вилочный бу;126;1686;вилочный;прочее;0;11
штабелер электрический фото;125;146;штабелёр;прочее;0;2
складской штабелер;123;404;штабелёр;прочее;0;3
вес рохли;122;725;рохля;характеристики;0;2
гидравлическая рохля цена;122;1078;рохля;коммерческий;0;2
тележка гидравлическая купить;122;1920;рохля;коммерческий;0;10
как пользоваться рохлей на складе;122;132;рохля;прочее;0;1
подъемная рохля;120;2492;рохля;прочее;0;6
штабелер ричтрак;120;1250;штабелёр;прочее;0;17
как правильно рокла или рохля;120;162;рохля;прочее;0;9
какие права нужны на вилочный погрузчик;119;317;вилочный;прочее;0;6
авито рохля;118;893;рохля;запчасти и сервис;0;4
погрузчик рохля;117;452;рохля;прочее;0;15
электроштабелер цена;116;274;штабелёр;коммерческий;0;5
рохля человек;115;699;рохля;прочее;0;3
рохля купить в спб;115;507;рохля;коммерческий;0;6
водитель автопогрузчика;114;2574;вилочный;прочее;0;5
аренда вилочного погрузчика 10 тонн;114;194;вилочный;аренда;0;9
штабелер сколько стоит;113;340;штабелёр;прочее;0;2
самоходная тележка 7 букв сканворд;113;133;электротележка;прочее;0;3
рохля гидравлическая с подъемным механизмом цена;113;135;рохля;коммерческий;0;1
рохля механическая;112;347;рохля;прочее;0;4
ручная гидравлическая тележка рохля;112;236;рохля;прочее;0;2
вилочный электропогрузчик купить;111;297;вилочный;коммерческий;0;9
рохля гидравлическая фото;110;145;рохля;прочее;0;2
рохли купить в москве;110;766;рохля;коммерческий;0;13
гидравлические рохли;109;17281;рохля;прочее;0;2
самоходный штабелер с противовесом;109;242;штабелёр;прочее;0;4
рохля почему так называется;109;131;рохля;прочее;0;2
самоподъемный штабелер;108;234;штабелёр;прочее;0;3
рохля короткая;108;529;рохля;прочее;0;2
купить электрический вилочный погрузчик;107;396;вилочный;коммерческий;0;7
рохля бу;107;1275;рохля;прочее;0;5
гидравлическая тележка фото;107;190;рохля;прочее;0;7
электро погрузчик вилочный;105;411;вилочный;прочее;0;12
колеса на рохлю;104;1024;рохля;прочее;0;7
как пользоваться рохлей;104;362;рохля;прочее;0;4
электроштабелер ручной;103;166;штабелёр;прочее;0;6
штабелер 1500;103;1193;штабелёр;прочее;0;2
ричстакер для контейнеров;102;263;ричтрак;прочее;0;2
сколько стоит рохля гидравлическая;102;361;рохля;прочее;0;1
ричстакер это;101;382;ричтрак;прочее;0;1
гринворкс самоходная тележка;100;166;электротележка;прочее;0;3
гидравлическая тележка с подъемом;100;762;рохля;прочее;0;1
тележка гидравлическая с весами;100;1117;рохля;прочее;0;10
запчасти для вилочных погрузчиков;98;616;вилочный;запчасти и сервис;0;5
электротележка купить;98;776;электротележка;коммерческий;0;4
погрузчик ричтрак;97;1323;ричтрак;прочее;0;15
вилочный погрузчик львовский погрузчик;95;477;вилочный;прочее;0;1
вилочный погрузчик 10 тонн;95;473;вилочный;прочее;0;8
ручной штабелер 1025;94;129;штабелёр;прочее;0;2
высотный штабелер фото;94;103;штабелёр;прочее;0;6
рохла или рохля;94;119;рохля;прочее;0;6
гидравлическая тележка с ножничным подъемом;94;252;рохля;прочее;0;3
штабелер рохля;92;497;рохля;прочее;0;12
вес рохли ручной;92;154;рохля;характеристики;0;3
штабелер ручной гидравлический цена;92;118;штабелёр;коммерческий;0;1
рохли габариты;91;264;рохля;характеристики;0;6
jungheinrich штабелер;91;658;штабелёр;прочее;0;7
штабелер с платформой;91;583;штабелёр;прочее;0;2
авито рохля б у купить;91;150;рохля;запчасти и сервис;0;2
погрузчик вилочный тойота;90;2305;вилочный;прочее;0;15
jungheinrich ричтрак;90;516;ричтрак;прочее;0;2
штабелер поводковый электрический;90;159;штабелёр;прочее;0;4
укажите верный способ работы автопогрузчика и электропогрузчика со стрелой;89;122;вилочный;прочее;0;1
купить бу штабелер;89;283;штабелёр;коммерческий;0;10
погрузчик ричтрак фото;88;129;ричтрак;прочее;0;7
самоходная тележка бензиновая;88;199;электротележка;прочее;0;8
ручная рохля с подъемом;87;143;рохля;прочее;0;1
мини рохля;86;371;рохля;прочее;0;4
штабелер 1516;85;554;штабелёр;прочее;0;2
гидравлический штабелер цена;85;211;штабелёр;коммерческий;0;4
тележка гидравлическая рохля цена;85;190;рохля;коммерческий;0;5
рохля с весами гидравлические цена;85;96;рохля;коммерческий;0;2
рохля гидравлическая аренда;84;236;рохля;аренда;0;4
гидравлические тележки рохли купить;84;534;рохля;коммерческий;0;3
купить ролики для рохли;84;189;рохля;коммерческий;0;5
штабелер стоимость;83;228;штабелёр;коммерческий;0;4
ширина рохли;83;332;рохля;прочее;0;3
рохля гидравлическая купить бу;83;232;рохля;коммерческий;0;2
купить мотомул самоходная тележка;82;98;электротележка;коммерческий;0;1
рохля гидравлическая купить в спб;82;209;рохля;коммерческий;0;1
удлинители вил для вилочного погрузчика;81;185;вилочный;навесное;0;1
штабелер самоходный sdr;81;202;штабелёр;прочее;0;1
рохля размеры вил;81;108;рохля;характеристики;0;5
тележка гидравлическая рохля 2500 кг;81;310;рохля;прочее;0;2
электро рохля купить;80;316;рохля;коммерческий;0;5
ручной штабелер электрический;80;159;штабелёр;прочее;0;4
электроштабелер это;79;405;штабелёр;прочее;0;6
купить рохлю гидравлическую б у;79;155;рохля;коммерческий;0;1
heli вилочный погрузчик;76;1384;вилочный;прочее;0;10
погрузчик вилочный советский;76;153;вилочный;прочее;0;5
электронная рохля;76;299;рохля;прочее;0;13
рохля высота подъема;76;267;рохля;характеристики;0;3
рохля с высоким подъемом;76;109;рохля;прочее;0;2
штабелер ручной гидравлический 1000 кг;76;189;штабелёр;прочее;0;3
купить автопогрузчик;75;1098;вилочный;коммерческий;0;7
колесо для штабелера;74;753;штабелёр;прочее;0;6
рохля погрузчик ручной;74;93;рохля;прочее;0;6
штабелер ручной механический;74;166;штабелёр;прочее;0;2
сколько весит погрузчик вилочный;73;285;вилочный;прочее;0;3
рохля маленькая;73;273;рохля;прочее;0;2
длинная рохля;73;279;рохля;прочее;0;5
гидравлические тележки рохли;73;3311;рохля;прочее;0;8
рохли ручные гидравлические;73;485;рохля;прочее;0;2
самоходная тележка купить;73;781;электротележка;коммерческий;0;5
купить рохлю на авито;73;300;рохля;коммерческий;0;5
штабелеры для склада электро самоходные;73;87;штабелёр;прочее;0;3
ковш на вилочный погрузчик;72;212;вилочный;навесное;0;6
самоходная рохля;72;726;рохля;прочее;0;4
noblelift штабелер;72;796;штабелёр;прочее;0;4
штабелер электрический самоходный цена;72;128;штабелёр;коммерческий;0;1
электроштабелер с подъемным механизмом;72;94;штабелёр;прочее;0;1
рохля гидравлическая с подъемным цена;72;208;рохля;коммерческий;0;1
авито вилочный погрузчик;71;1055;вилочный;запчасти и сервис;0;7
вилочный погрузчик кара;71;540;вилочный;прочее;0;5
длина рохли;71;418;рохля;прочее;0;2
штабелер боковой;71;215;штабелёр;прочее;0;9
рохля штабелер гидравлическая;71;175;рохля;прочее;0;6
jac вилочный погрузчик;70;1140;вилочный;прочее;0;10
вилочные погрузчики б у;70;806;вилочный;коммерческий;0;12
к какой группе ос относится вилочный погрузчик;70;71;вилочный;выбор;0;2
весовая рохля;70;486;рохля;прочее;0;7
штабелер самоходный бу;70;113;штабелёр;прочее;0;5
погрузчик вилочный ручной гидравлический;69;133;вилочный;прочее;0;2
стоимость рохли;69;289;рохля;коммерческий;0;3
гидравлическая тележка цена;69;492;рохля;коммерческий;0;7
штабелер электрический самоходный 2 тонны;69;97;штабелёр;прочее;0;1
heli cpcd30;68;510;вилочный;прочее;0;1
что запрещено делать при работе автопогрузчика;68;134;вилочный;запчасти и сервис;0;1
jac штабелер;68;431;штабелёр;прочее;0;5
штабелер тор;68;292;штабелёр;прочее;0;4
масло для рохли;68;271;рохля;запчасти и сервис;0;4
рохля купить в екатеринбурге;68;184;рохля;коммерческий;1;7
рохля гидравлическая 3 тонны;68;176;рохля;прочее;0;2
запчасти для рохли гидравлических тележек;68;121;рохля;запчасти и сервис;0;3
автопогрузчик кальмар;67;81;вилочный;прочее;0;7
штабелер электро;67;684;штабелёр;прочее;0;7
штабелер самоходный цена;67;269;штабелёр;коммерческий;0;7
колеса на рохлю купить;67;165;рохля;коммерческий;0;7
купить рохлю на авито бу;67;155;рохля;запчасти и сервис;0;7
liugong cpcd30;66;250;вилочный;прочее;0;1
купить б у погрузчик вилочный;66;501;вилочный;коммерческий;0;17
штабелер yale;66;229;штабелёр;прочее;0;6
linde ричтрак;66;145;ричтрак;прочее;0;2
штабелер с противовесом;66;505;штабелёр;прочее;0;2
какое масло заливать в рохлю;66;163;рохля;запчасти и сервис;0;3
штабелер с противовесом без опорных лап;66;88;штабелёр;прочее;0;1
управление вилочным погрузчиком;65;1060;вилочный;прочее;0;3
погрузчик вилочный цена;65;1240;вилочный;коммерческий;0;14
аренда погрузчика вилочного цена;65;201;вилочный;аренда;0;15
вилочный погрузчик дизельный купить;65;497;вилочный;коммерческий;0;14
погрузчик вилочный в аренду;64;1189;вилочный;аренда;0;13
аккумуляторная рохля;64;236;рохля;запчасти и сервис;0;5
электроштабелер что это;64;220;штабелёр;запчасти и сервис;0;6
как рохля работает;64;298;рохля;прочее;0;6
водитель электроштабелера какие права нужны;64;75;штабелёр;прочее;0;1
полноприводный вилочный погрузчик;63;191;вилочный;прочее;0;13
электротележка цена;63;203;электротележка;коммерческий;0;3
штабелер 2016;63;177;штабелёр;прочее;0;1
электроштабелеры электрические самоходные;63;79;штабелёр;прочее;0;1
гидравлическая тележка ас25;63;141;рохля;прочее;0;3
электроштабелер самоходный купить;63;142;штабелёр;коммерческий;0;4
рохля с весами гидравлические;63;596;рохля;прочее;0;4
рохля с весами цена;63;184;рохля;коммерческий;0;4
тележка гидравлическая окпд 2;63;158;рохля;прочее;0;4
zoomlion вилочный погрузчик;62;485;вилочный;прочее;0;7
удлиненная рохля;62;133;рохля;прочее;0;4
грузоподъемность рохли ручной;62;89;рохля;характеристики;0;3
водитель погрузчика ричтрака;62;338;ричтрак;прочее;0;3
гидравлический штабелер с электроподъемом;62;284;штабелёр;прочее;0;2
гидравлическая тележка gigant jhpt3000;62;126;рохля;прочее;0;4
lema рохля;61;168;рохля;прочее;0;5
рокла или рохля;61;203;рохля;прочее;0;5
рохли электрические самоходные с подъемом;61;70;рохля;прочее;0;1
погрузчик вилочный komatsu;60;702;вилочный;прочее;0;16
электрический погрузчик вилочный 3т;60;100;вилочный;прочее;0;2
какие действия запрещены при работе автопогрузчика и электропогрузчика;60;104;вилочный;прочее;0;1
аренда штабелера;60;693;штабелёр;аренда;0;7
аренда рохли цена;60;74;рохля;аренда;0;3
купить рохлю в челябинске бу;60;60;рохля;коммерческий;1;6
гидравлическая тележка купить в москве;60;81;рохля;коммерческий;0;2
hangcha вилочный погрузчик;59;737;вилочный;прочее;0;7
львовский автопогрузчик;59;435;вилочный;прочее;0;7
погрузчик бензиновый вилочный;59;417;вилочный;коммерческий;0;11
отвал на вилочный погрузчик;59;124;вилочный;прочее;0;3
упш штабелер;59;120;штабелёр;прочее;0;2
штабелер ручной prolift;59;290;штабелёр;прочее;0;2
самоходная тележка аккумуляторная;59;274;электротележка;запчасти и сервис;0;9
гидравлическая тележка рохля аренда;59;72;рохля;аренда;0;7
ремонт вилочного погрузчика;58;1177;вилочный;запчасти и сервис;0;12
вилочный погрузчик коматсу;58;926;вилочный;прочее;0;13
штабелер юхандрик;58;100;штабелёр;прочее;0;3
купить рохлю гидравлическую в москве;58;419;рохля;коммерческий;0;1
аренда вилочных погрузчиков;57;3905;вилочный;аренда;0;9
авито вилочный погрузчик б у;57;161;вилочный;запчасти и сервис;0;7
удлинитель вил штабелера;57;144;штабелёр;навесное;0;1
грузовая самоходная тележка;57;284;электротележка;прочее;0;12
электро рохли для склада;57;63;рохля;прочее;0;1
электрическая рохля в аренду;57;111;рохля;аренда;0;2
рохля гидравлическая цена купить;57;78;рохля;коммерческий;0;2
гидравлическая тележка gigant jhpt2500;57;278;рохля;прочее;0;3
как залить масло в рохлю и прокачать правильно;57;59;рохля;запчасти и сервис;0;1
автопогрузчик фото;56;181;вилочный;прочее;0;9
вилочный погрузчик 3 тонны дизельный купить;56;114;вилочный;коммерческий;0;4
ксилин штабелеры;56;78;штабелёр;прочее;0;4
погрузчик штабелер электрический;56;130;штабелёр;прочее;0;5
электроштабелер что это такое фото;56;56;штабелёр;запчасти и сервис;0;1
рохля электрическая с подъемным механизмом самоходная;56;70;рохля;прочее;0;1
xilin штабелер;55;816;штабелёр;прочее;0;4
вилочный погрузчик маниту;55;134;вилочный;прочее;0;13
вилочный погрузчик твэкс вп 05 купить;55;73;вилочный;коммерческий;0;1
автопогрузчик это транспортное средство или оборудование;55;73;вилочный;запчасти и сервис;0;1
jac cpcd35;54;372;вилочный;прочее;0;2
рохля это оборудование;54;81;рохля;запчасти и сервис;0;2
электротележка эт 2054;54;100;электротележка;прочее;0;3
купить рохлю электрическую;54;473;рохля;коммерческий;0;2
гусеничная тележка самоходная;54;129;электротележка;прочее;0;8
рохля б у купить;54;454;рохля;коммерческий;0;10
рохля электрическая с подъемным механизмом цена;54;72;рохля;коммерческий;0;2
hangcha cpcd30 ag2;53;285;вилочный;прочее;0;1
самодельный вилочный погрузчик;53;91;вилочный;прочее;0;7
что необходимо выполнить при захвате груза вилами автопогрузчика или электропогрузчика;53;73;вилочный;запчасти и сервис;0;1
рохля ударение;53;139;рохля;прочее;0;4
высотный штабелер ричтрак;53;85;штабелёр;прочее;0;7
электроштабелер бу купить;53;78;штабелёр;коммерческий;0;4
штабелер ручной гидравлический 1016;53;144;штабелёр;прочее;0;1
liugong погрузчик вилочный;52;498;вилочный;прочее;0;6
погрузчик вилочный это;52;531;вилочный;прочее;0;5
услуги вилочного погрузчика;52;319;вилочный;прочее;0;15
поводковый электроштабелер;52;104;штабелёр;прочее;0;5
штабелер sdr;52;526;штабелёр;прочее;0;2
полуэлектрический штабелер;52;188;штабелёр;прочее;0;3
рохля лема;52;103;рохля;прочее;0;4
водитель штабелера ричтрака;52;198;штабелёр;прочее;0;3
гидравлический подъемник рохля;52;91;рохля;прочее;0;5
eurolifter тележка гидравлическая;52;84;рохля;прочее;0;2
мини рохля для квартиры;52;68;рохля;прочее;0;1
мини рохля для дома;52;60;рохля;прочее;0;1
сколько стоит штабелер электрический;52;74;штабелёр;прочее;0;2
автопогрузчик komatsu;51;415;вилочный;прочее;0;4
как управлять вилочным погрузчиком;51;191;вилочный;прочее;0;2
штабелер сопровождаемый;51;340;штабелёр;прочее;0;4
водитель электротележки;51;466;электротележка;прочее;0;2
низкопрофильная рохля;51;157;рохля;прочее;0;5
рохля купить цена;51;316;рохля;коммерческий;0;5
рохля для поддонов;51;188;рохля;прочее;0;2
рохля гидравлическая 2 5;51;201;рохля;прочее;0;2
погрузчик вилочный львовский;50;449;вилочный;прочее;0;13
устройство вилочного погрузчика;50;445;вилочный;прочее;0;17
рохля в аренду;50;752;рохля;аренда;0;7
штабелер электрический гидравлический;50;135;штабелёр;прочее;0;2
аренда погрузчика вилочного в спб;49;126;вилочный;аренда;0;16
tor штабелер;49;1817;штабелёр;прочее;0;5
рохля машина;49;323;рохля;прочее;0;4
штабелеры для подъема;49;238;штабелёр;прочее;0;1
рохля купить в новосибирске;49;206;рохля;коммерческий;0;8
амкодор вилочный погрузчик;48;217;вилочный;прочее;0;10
продам погрузчик вилочный;48;266;вилочный;прочее;0;5
львовский автопогрузчик 5 тонн;48;75;вилочный;прочее;0;3
ковш для вилочного погрузчика;48;152;вилочный;навесное;0;6
высокая рохля;48;328;рохля;прочее;0;2
вахта водитель электроштабелера;48;88;штабелёр;прочее;0;3
сколько поднимает рохля;48;140;рохля;прочее;0;3
тяговый аккумулятор для штабелера;48;137;штабелёр;запчасти и сервис;0;8
тифон запчасти для рохли;48;48;рохля;запчасти и сервис;0;2
масло гидравлическое для рохли;48;93;рохля;запчасти и сервис;0;6
рохля по другому как называется;48;60;рохля;прочее;0;4
ханча погрузчик вилочный;47;282;вилочный;прочее;0;5
погрузчик вилочный lonking;47;563;вилочный;прочее;0;8
штабелер 1525;47;140;штабелёр;прочее;0;1
удлинители вил штабелера;47;144;штабелёр;навесное;0;2
рохля гидравлическая мини;47;61;рохля;прочее;0;2
гидравлическая тележка низкопрофильная;47;139;рохля;прочее;0;3
рохля купить в москве цена;47;57;рохля;коммерческий;0;6
не поднимает рохля гидравлическая причина;47;60;рохля;прочее;0;2
грузоподъемность вилочного погрузчика;46;886;вилочный;характеристики;0;10
погрузчик вилочный механический;46;139;вилочный;прочее;0;4
аренда вилочного погрузчика 5 тонн;46;183;вилочный;аренда;0;9
штабелер 3м;46;176;штабелёр;прочее;0;1
рохля на складе;46;709;рохля;прочее;0;5
погрузчик штабелер фото;46;86;штабелёр;прочее;0;7
штабелер sdf 1516;46;91;штабелёр;прочее;0;1
ричтрак что это такое фото;46;48;ричтрак;запчасти и сервис;0;1
колесо для рохли 200 мм;46;70;рохля;прочее;0;2
ремонт вилочных погрузчиков;45;1177;вилочный;запчасти и сервис;0;4
сиденье на вилочный погрузчик купить;45;78;вилочный;коммерческий;0;3
платформенная электротележка;45;272;электротележка;прочее;0;7
ричтрак электроштабелер;45;332;штабелёр;прочее;0;12
оператор штабелера;45;612;штабелёр;прочее;0;4
штабелер 2 тонны;45;399;штабелёр;прочее;0;3
штабелер sdr 1225;45;76;штабелёр;прочее;0;2
гидравлическая тележка tor;45;1432;рохля;прочее;0;2
рохля 8 букв сканворд;45;50;рохля;прочее;0;2
cpcd30;44;3233;вилочный;прочее;0;1
джак погрузчик вилочный;44;228;вилочный;прочее;0;7
вилочный автопогрузчик купить;44;261;вилочный;коммерческий;0;7
боковой вилочный погрузчик;44;316;вилочный;прочее;0;12
продам вилочный погрузчик бу;44;97;вилочный;прочее;0;4
аренда вилочного погрузчика спб;44;238;вилочный;аренда;0;14
навесное оборудование на вилочный погрузчик;44;69;вилочный;навесное;0;3
стоимость рохли 2500кг;44;46;рохля;коммерческий;0;1
ремкомплект для рохли гидравлической;44;79;рохля;прочее;0;1
купить рохлю в пскове;44;44;рохля;коммерческий;0;2
штабелер механический с ручным приводом;44;51;штабелёр;прочее;0;1
cpcd35 heli;43;350;вилочный;прочее;0;2
зумлион погрузчик вилочный;43;170;вилочный;прочее;0;7
автопогрузчик бу купить;43;121;вилочный;коммерческий;0;7
вилочный погрузчик внедорожный;43;172;вилочный;прочее;0;8
монтажная платформа для вилочного погрузчика;43;100;вилочный;прочее;0;2
вилочный погрузчик код тн вэд;43;111;вилочный;импорт;0;9
вилочный погрузчик купить в краснодаре;43;74;вилочный;коммерческий;0;8
вилочный погрузчик 5 тонн дизельный купить;43;95;вилочный;коммерческий;0;2
узкопроходный ричтрак;43;85;ричтрак;прочее;0;3
prolift штабелер;43;965;штабелёр;прочее;0;4
длина вил рохли;43;194;рохля;прочее;0;3
рохля гидравлическая электрическая;43;91;рохля;прочее;0;3
рохля на больших колесах;43;82;рохля;прочее;0;1
тележка гидравлическая 1 т;43;98;рохля;прочее;0;2
аренда погрузчика вилочного москва;42;254;вилочный;аренда;0;13
высота штабелей пиломатериалов укладываемых автопогрузчиками не должна превышать;42;47;штабелёр;прочее;0;1
sdj1000 штабелер;42;77;штабелёр;прочее;0;3
весы рохля;42;2161;рохля;прочее;0;5
робот штабелер;42;191;штабелёр;прочее;0;7
гидравлическая тележка prolift;42;852;рохля;прочее;0;4
рохля 2 тонны;42;605;рохля;прочее;0;4
ричстакер что это;42;205;ричтрак;запчасти и сервис;0;1
самоходный штабелер 1500 кг;42;455;штабелёр;прочее;0;2
рохля гидравлическая с весами;42;415;рохля;прочее;0;2
heli cpcd50;41;354;вилочный;прочее;0;1
погрузчики вилочные avito;41;56;вилочный;прочее;0;5
shann погрузчик вилочный;41;188;вилочный;прочее;0;1
купить погрузчик вилочный новый;41;252;вилочный;коммерческий;0;6
рохля складская;41;215;рохля;прочее;0;2
tisel штабелер;41;192;штабелёр;прочее;0;4
рохля это человек который;41;41;рохля;запчасти и сервис;0;1
ручной штабелер 1000 кг;41;273;штабелёр;прочее;0;1
гидравлическая тележка prolift jc 20;41;74;рохля;прочее;0;3
рохля гидравлическая купить в нижнем новгороде;41;102;рохля;коммерческий;1;1
авито купить вилочный погрузчик;40;525;вилочный;запчасти и сервис;0;4
вилочные погрузчики в ростове на дону;40;168;вилочный;прочее;0;4
какие права нужны на дизельный погрузчик вилочный;40;42;вилочный;прочее;0;4
рохля noblelift;40;165;рохля;прочее;0;3
штабелер мини;40;247;штабелёр;прочее;0;4
аккумуляторный штабелер;40;292;штабелёр;запчасти и сервис;0;5
рохля автоматическая;40;109;рохля;прочее;0;2
штабелер 1 т;40;1413;штабелёр;прочее;0;1
штабелер 1500 кг;40;914;штабелёр;прочее;0;2
сколько весит штабелер;40;116;штабелёр;прочее;0;3
короткая рохля купить;40;160;рохля;коммерческий;0;2
электрическая рохля с подъемным;40;606;рохля;прочее;0;2
рохля гидравлическая купить в воронеже;40;56;рохля;коммерческий;0;1
doosan погрузчик вилочный;39;403;вилочный;прочее;0;12
вилочный погрузчик tcm;39;301;вилочный;прочее;0;8
погрузчик вилочный ссср;39;94;вилочный;прочее;0;9
вилочный погрузчик 7 тонн;39;222;вилочный;прочее;0;12
колеса на вилочный погрузчик;39;601;вилочный;прочее;0;5
погрузчик вилочный 3 тонны купить;39;280;вилочный;коммерческий;0;6
воздушный фильтр на вилочный погрузчик;39;145;вилочный;запчасти и сервис;0;2
прокат рохли;39;242;рохля;аренда;0;4
рохля eurolifter;39;56;рохля;прочее;0;2
гидравлическая рохля высокая;39;76;рохля;прочее;0;4
гидравлический штабелер 1500 кг;39;199;штабелёр;прочее;0;2
рохля с короткими вилами;39;85;рохля;прочее;0;2
купить штабелер для склада;39;120;штабелёр;коммерческий;0;5
купить рохлю гидравлическую 2 тонны;39;173;рохля;коммерческий;0;1
тележка рохля гидравлическая 2 тн цена;39;39;рохля;коммерческий;0;1
погрузчик вилочный хели;38;377;вилочный;прочее;0;7
вилочный погрузчик размеры;38;477;вилочный;характеристики;0;11
вилочный погрузчик хендай;38;287;вилочный;прочее;0;12
вилочный погрузчик китайский;38;614;вилочный;прочее;0;9
вилочный погрузчик купить в москве;38;198;вилочный;коммерческий;0;15
ричтрак yale;38;125;ричтрак;прочее;0;1
штабелеры гидравлические;38;6976;штабелёр;прочее;0;4
ручная рохля цена;38;82;рохля;коммерческий;0;8
гидравлическая тележка электрическая;38;224;рохля;прочее;0;5
купить электро рохлю цена;38;51;рохля;коммерческий;0;4
штабелер купить в краснодаре;38;63;штабелёр;коммерческий;0;6
электрическая рохля как называется;38;65;рохля;прочее;0;2
балканкар погрузчик вилочный;37;835;вилочный;прочее;0;7
вес вилочного погрузчика;37;545;вилочный;характеристики;0;7
ротатор на вилочный погрузчик;37;69;вилочный;навесное;0;3
какие права нужны для вилочного погрузчика;37;139;вилочный;прочее;0;2
купить ричстакер;37;154;ричтрак;коммерческий;0;2
штабелер 3 м;37;664;штабелёр;прочее;0;1
гидравлическая тележка noblelift;37;298;рохля;прочее;0;2
электрический штабелер с противовесом;37;52;штабелёр;прочее;0;1
сколько весит рохля гидравлическая ручная;37;79;рохля;прочее;0;1
штабелер электрический самоходный 1500 кг купить;37;48;штабелёр;коммерческий;0;1
toyota вилочный погрузчик;36;1196;вилочный;прочее;0;12
погрузчик вилочный львовский завод;36;38;вилочный;прочее;0;4
мачта вилочного погрузчика;36;680;вилочный;запчасти и сервис;0;8
trf вилочный погрузчик;36;517;вилочный;прочее;0;2
тсм погрузчик вилочный;36;402;вилочный;прочее;0;11
ротатор для вилочного погрузчика;36;67;вилочный;навесное;0;3
навесное оборудование для вилочного погрузчика;36;119;вилочный;навесное;0;6
автопогрузчики с механической системой подъема груза должны быть оборудованы;36;62;вилочный;прочее;0;1
как собрать рохлю;36;142;рохля;прочее;0;2
кран штабелер мостовой;36;352;штабелёр;прочее;0;12
рохля 2 тонны купить;36;263;рохля;коммерческий;0;5
штабелер самоходный с электроподъемом;36;92;штабелёр;прочее;0;6
рохля 2500 кг цена купить;36;42;рохля;коммерческий;0;1
колеса для рохли купить в москве;36;36;рохля;коммерческий;0;3
рохля не поднимает в чем причина и ремонт;36;36;рохля;запчасти и сервис;0;1
cpcd30 погрузчик;35;1034;вилочный;прочее;0;2
аккумуляторный погрузчик вилочный;35;276;вилочный;запчасти и сервис;0;10
аренда вилочных погрузчиков в москве и московской области;35;36;вилочный;аренда;0;1
виды штабелеров;35;248;штабелёр;прочее;0;6
штабелер 1т;35;124;штабелёр;прочее;0;1
heli штабелер;35;281;штабелёр;прочее;0;4
рохля внедорожная;35;63;рохля;прочее;0;1
запчасти на рохлю;35;195;рохля;запчасти и сервис;0;4
электротележка с кабиной;35;128;электротележка;прочее;0;2
штабелер узкопроходный купить;35;54;штабелёр;коммерческий;0;5
сколько стоит рохля цена;35;277;рохля;коммерческий;0;4
тележка гидравлическая 2500 кг;35;1896;рохля;прочее;0;2
сколько стоит электрическая рохля;35;70;рохля;прочее;0;3
gigant гидравлическая тележка jhpt2000;35;97;рохля;прочее;0;4
купить электроштабелер в спб;35;55;штабелёр;коммерческий;0;4
грузовая самоходная тележка 7 букв;35;64;электротележка;прочее;0;2
купить рохлю гидравлическую в нижнем новгороде;35;115;рохля;коммерческий;1;2
трогаться с места вилочному электропогрузчику разрешается если;35;50;вилочный;прочее;0;1
hangcha cpcd35 ag2;34;136;вилочный;прочее;0;1
отвал для вилочного погрузчика;34;129;вилочный;прочее;0;3
аренда вилочных погрузчиков в москве;34;137;вилочный;аренда;0;2
вилочный погрузчик купить в новосибирске;34;81;вилочный;коммерческий;0;7
автопогрузчик вилочный б у купить;34;65;вилочный;коммерческий;0;5
грузовая электротележка;34;245;электротележка;прочее;0;8
ричстакер кальмар;34;166;ричтрак;прочее;0;2
рохля для склада;34;267;рохля;прочее;0;3
высотный погрузчик ричтрак;34;35;ричтрак;прочее;0;2
гидравлическая тележка xilin;34;301;рохля;прочее;0;3
кран штабелер стеллажный;34;232;штабелёр;прочее;0;12
электроштабелер сколько стоит;34;75;штабелёр;прочее;0;3
рохля купить в ростове;34;133;рохля;коммерческий;0;9
водитель штабелера что это;34;60;штабелёр;запчасти и сервис;0;3
рохля купить в красноярске;34;87;рохля;коммерческий;0;8
рохля купить в краснодаре;34;113;рохля;коммерческий;0;9
ведущее колесо для штабелера;34;176;штабелёр;прочее;0;2
штабелер на больших колесах ленмар эш1516;34;34;штабелёр;прочее;0;1
xilin штабелер купить;33;58;штабелёр;коммерческий;0;4
погрузчик вилочный dalian;33;233;вилочный;прочее;0;9
автопогрузчик jcb;33;74;вилочный;прочее;0;2
вилочный погрузчик 5 тонн бу;33;65;вилочный;прочее;0;3
погрузчик вилочный 7 тонн купить;33;47;вилочный;коммерческий;0;5
погрузчик вилочный дизельный 5 тонн;33;212;вилочный;прочее;0;13
можно ли на вилочном погрузчике ездить по дорогам общего пользования;33;37;вилочный;прочее;0;2
электропогрузчик штабелер;33;152;штабелёр;прочее;0;6
sany ричстакер;33;410;ричтрак;прочее;0;2
аренда штабелера в москве;33;56;штабелёр;аренда;0;5
сколько стоит электро рохля;33;67;рохля;прочее;0;3
электротележка для склада фото;33;33;электротележка;прочее;0;2
купить бу рохлю в москве;33;46;рохля;коммерческий;0;15
тележка гидравлическая 2 5 т;33;220;рохля;прочее;0;1
самоходная тележка тс 350 на авито;33;44;электротележка;прочее;0;1
вилочный погрузчик лонкинг;32;251;вилочный;прочее;0;9
погрузчики вилочные электрические;32;3238;вилочный;прочее;0;8
шины для вилочных погрузчиков;32;535;вилочный;запчасти и сервис;0;3
кран на вилочный погрузчик;32;142;вилочный;прочее;0;2
электроштабелеры электрические;32;159;штабелёр;прочее;0;1
продажа рохли;32;115;рохля;коммерческий;0;8
штабелер атлет;32;117;штабелёр;прочее;0;4
запчасти для штабелеров;32;270;штабелёр;запчасти и сервис;0;4
кран штабелер это;32;101;штабелёр;прочее;0;8
электро рохля фото;32;53;рохля;прочее;0;4
гидравлическая тележка грузовая;32;144;рохля;прочее;0;4
рохля весовая купить;32;93;рохля;коммерческий;0;4
подшипник опорный для рохли;32;63;рохля;запчасти и сервис;0;3
штабелер что это такое фото;32;47;штабелёр;запчасти и сервис;0;1
ричтрак и штабелер в чем разница;32;34;штабелёр;прочее;0;3
гидравлическая тележка 2500 кг gigant 1150x550 мм полиуретановые колеса jhpt2500;32;37;рохля;прочее;0;1
стрела для вилочного погрузчика;31;106;вилочный;прочее;0;1
запчасти на вилочный погрузчик;31;557;вилочный;запчасти и сервис;0;10
вахта водитель вилочного погрузчика;31;288;вилочный;прочее;0;5
аренда вилочного погрузчика с оператором;31;100;вилочный;аренда;0;2
киповый захват для вилочного погрузчика;31;38;вилочный;навесное;0;1
штабелер oxlift;31;1084;штабелёр;прочее;0;3
штабелер в аренду;31;314;штабелёр;аренда;0;3
тележка гидравлическая самоходная;31;266;рохля;прочее;0;5
садовая электротележка купить;31;81;электротележка;коммерческий;0;2
тележка гидравлическая окоф;31;125;рохля;прочее;0;4
штабелер с выдвижной мачтой;31;106;штабелёр;прочее;0;2
рохля гидравлическая купить в челябинске;31;33;рохля;коммерческий;1;1
ручная гидравлическая тележка рохля цена;31;31;рохля;коммерческий;0;5
электропогрузчик вилочный б у купить;31;60;вилочный;коммерческий;0;5
тс 350 самоходная тележка купить;31;51;электротележка;коммерческий;0;5
рохля гидравлическая с подъемным механизмом купить;31;37;рохля;коммерческий;0;1
вилочный погрузчик chl;30;558;вилочный;прочее;0;5
силант погрузчик вилочный;30;91;вилочный;прочее;0;2
jcb вилочный погрузчик;30;228;вилочный;прочее;0;14
автопогрузчики должны быть оснащены;30;68;вилочный;прочее;0;1
продажа автопогрузчиков б у;30;32;вилочный;коммерческий;0;10
удлинитель вил для вилочного погрузчика;30;185;вилочный;навесное;0;1
монтажная корзина для вилочного погрузчика;30;60;вилочный;прочее;0;2
погрузчик вилочный окоф амортизационная группа;30;37;вилочный;прочее;0;1
автоматический штабелер;30;165;штабелёр;прочее;0;2
электротележка самоходная;30;208;электротележка;прочее;0;4
электротележка заводская;30;42;электротележка;прочее;0;2
электротележка для дачи;30;54;электротележка;прочее;0;2
тележка рохля купить;30;768;рохля;коммерческий;0;9
штабелер electric stacker;30;130;штабелёр;прочее;0;2
значение слова рохля;30;52;рохля;прочее;0;7
штабелеры гидравлические 1000 кг;30;236;штабелёр;прочее;0;1
штабелеры электрические самоходные цена;30;128;штабелёр;коммерческий;0;4
штабелер на больших колесах;30;90;штабелёр;прочее;0;2
электроштабелер купить в москве;30;51;штабелёр;коммерческий;0;3
ручной штабелер с электроподъемом;30;95;штабелёр;прочее;0;5
купить штабелер в москве;30;133;штабелёр;коммерческий;0;6
ремонт рохли в нижнем новгороде;30;36;рохля;запчасти и сервис;1;4
рохля что это такое в человеке;30;30;рохля;запчасти и сервис;0;1
heli cpd15;29;373;вилочный;прочее;0;1
heli cpcd15;29;453;вилочный;прочее;0;1
вилочный погрузчик комацу;29;468;вилочный;прочее;0;13
водитель вилочного погрузчика уфа;29;45;вилочный;прочее;1;1
погрузчик вилочный 2 тонны;29;428;вилочный;прочее;0;7
ремонт штабелера;29;540;штабелёр;запчасти и сервис;0;7
штабелеры spn;29;275;штабелёр;прочее;0;3
электротележка складская;29;81;электротележка;прочее;0;2
рохля синоним;29;53;рохля;прочее;0;5
рохля 5 тонн;29;492;рохля;прочее;0;6
рохля с паллетом;29;216;рохля;прочее;0;3
рохля ручная гидравлическая;29;483;рохля;прочее;0;4
как выглядит рохля;29;75;рохля;прочее;0;2
штабелер цена купить;29;60;штабелёр;коммерческий;0;5
гидравлические рохли для склада;29;48;рохля;прочее;0;1
штабелер б у купить;29;194;штабелёр;коммерческий;0;8
купить рохля в тюмени;29;45;рохля;коммерческий;1;5
рохли электрические для склада;29;55;рохля;прочее;0;2
почему не опускается рохля;29;65;рохля;прочее;0;2
купить тележку гидравлическую рохлю;29;636;рохля;коммерческий;0;7
сколько весит электрический штабелер;29;38;штабелёр;прочее;0;2
рохля гидравлическая купить в екатеринбурге;29;42;рохля;коммерческий;1;2
штабелер ручной гидравлический купить в спб;29;37;штабелёр;коммерческий;0;2
ручная гидравлическая тележка oxlift ac25 2500 кг 701002;29;50;рохля;прочее;0;1
вилочник погрузчик;29;89;вилочный;прочее;0;2
вилочный погрузчик heli купить;28;141;вилочный;коммерческий;0;8
погрузчик дусан вилочный;28;150;вилочный;прочее;0;10
весы на вилочный погрузчик;28;89;вилочный;прочее;0;3
удлинитель для погрузчика вилочного;28;293;вилочный;навесное;0;2
вилочный погрузчик купить в ростове на дону;28;62;вилочный;коммерческий;0;7
рохля фотография;28;45;рохля;прочее;0;6
ножничная рохля;28;154;рохля;прочее;0;7
линда ричтрак;28;104;ричтрак;прочее;0;4
штабелер вилочный;28;349;штабелёр;прочее;0;6
рохля для бездорожья;28;106;рохля;прочее;0;3
купить электротележку грузовую;28;57;электротележка;коммерческий;0;1
рохля гидравлическая запчасти;28;238;рохля;запчасти и сервис;0;2
рохли гидравлические с подъемом;28;248;рохля;прочее;0;1
купить запчасти на рохлю;28;49;рохля;запчасти и сервис;0;5
как выглядит погрузчик ричтрак;28;33;ричтрак;прочее;0;3
садовая тележка самоходная greenworks 40v;28;149;электротележка;прочее;0;1
ричтрак от штабелера чем отличается;28;45;штабелёр;выбор;0;7
рохля не опускается в чем причина;28;30;рохля;прочее;0;1
heli cpcd25;27;259;вилочный;прочее;0;1
cpcd35;27;1978;вилочный;прочее;0;1
chl cpcd30;27;338;вилочный;прочее;0;1
cpcd100;27;382;вилочный;прочее;0;1
автопогрузчик heli;27;409;вилочный;прочее;0;4
каретка вилочного погрузчика;27;538;вилочный;запчасти и сервис;0;6
траверса для вилочного погрузчика;27;64;вилочный;навесное;0;2
погрузчик вилочный вп 05;27;287;вилочный;прочее;0;9
аренда вилочного погрузчика в новосибирске;27;38;вилочный;аренда;0;12
продам погрузчик вилочный б у;27;49;вилочный;коммерческий;0;4
аренда вилочного погрузчика в твери;27;35;вилочный;аренда;0;6
вилочный погрузчик купить в спб;27;96;вилочный;коммерческий;0;7
как поставить на учет вилочный погрузчик;27;48;вилочный;документы;0;3
какие права нужны на кару вилочный погрузчик;27;32;вилочный;прочее;0;1
ричтрак цена;27;245;ричтрак;коммерческий;0;1
тойота ричтрак;27;149;ричтрак;прочее;0;2
ремонт штабелера электрического;27;68;штабелёр;запчасти и сервис;0;4
гидравлическая тележка df25;27;95;рохля;прочее;0;4
рохля гидравлическая 2500 кг;27;331;рохля;прочее;0;1
штабелер грузоподъемностью 1500 кг;27;94;штабелёр;характеристики;0;3
штабелер гидравлический ручной 1516;27;108;штабелёр;прочее;0;1
ричтрак что это фото;27;91;ричтрак;запчасти и сервис;0;1
как управлять электро рохлей;27;35;рохля;прочее;0;1
рохля купить в барнауле;27;36;рохля;коммерческий;0;6
гидравлическая тележка 5 т;27;312;рохля;прочее;0;2
запчасти для рохли купить;27;50;рохля;запчасти и сервис;0;3
тележка гидравлическая ac 25;27;345;рохля;прочее;0;4
тележка гидравлическая код окпд 2;27;38;рохля;прочее;0;4
гидроузел для рохли купить в сборе;27;38;рохля;коммерческий;0;1
тележка гидравлическая 2000 кг 1150 мм полиуретановые колеса tor db;27;41;рохля;прочее;0;2
cpcd15;26;1705;вилочный;прочее;0;1
кальмар погрузчик вилочный;26;73;вилочный;прочее;0;10
запчасти для вилочного погрузчика;26;616;вилочный;запчасти и сервис;0;2
стрела на вилочный погрузчик;26;140;вилочный;прочее;0;2
щетка для вилочного погрузчика;26;97;вилочный;прочее;0;3
купить вилочный погрузчик на авито;26;337;вилочный;коммерческий;0;6
как ездить на погрузчике вилочном;26;67;вилочный;прочее;0;2
услуги погрузчика вилочного цена за час;26;30;вилочный;коммерческий;0;2
купить вилочный погрузчик в нижнем новгороде;26;58;вилочный;коммерческий;1;8
погрузчик вилочный б у купить на авито;26;51;вилочный;коммерческий;0;10
складские штабелеры;26;404;штабелёр;прочее;0;2
муравей электротележка;26;43;электротележка;прочее;0;3
tor рохля;26;435;рохля;прочее;0;4
штабелер crown;26;141;штабелёр;прочее;0;4
рохля 3 тонны;26;359;рохля;прочее;0;4
клапан на рохлю;26;80;рохля;прочее;0;1
штабелер ленмар эш1516;26;65;штабелёр;прочее;0;1
все инструменты рохля;26;91;рохля;прочее;0;3
тележка гидравлическая это;26;154;рохля;прочее;0;5
гидравлическая рохля ремонт;26;174;рохля;запчасти и сервис;0;6
штабелер электрический мини;26;53;штабелёр;прочее;0;1
рохля грузоподъемностью 2 т;26;77;рохля;характеристики;0;2
рохля купить в ульяновске;26;42;рохля;коммерческий;0;8
виды рохли какие бывают;26;37;рохля;прочее;0;4
штабелер jungheinrich ejc 214;26;56;штабелёр;прочее;0;4
купить рохля с весами;26;210;рохля;коммерческий;0;6
самоходный штабелер амортизационная группа;26;79;штабелёр;прочее;0;4
механическая рохля с подъемом;26;46;рохля;прочее;0;2
аренда штабелер ручной гидравлический;26;73;штабелёр;аренда;0;11
электрический самоходный штабелер окоф;26;59;штабелёр;прочее;0;7
штабелер самоходный что это;26;54;штабелёр;запчасти и сервис;0;4
электрический штабелер с электроподъемом самоходный;26;39;штабелёр;прочее;0;2
купить электро штабелеры для склада;26;50;штабелёр;коммерческий;0;1
оператор штабелера что это такое;26;26;штабелёр;запчасти и сервис;0;2
штабелер бу купить ручной гидравлический;26;54;штабелёр;коммерческий;0;15
рохля штабелер гидравлическая с подъемным механизмом;26;32;рохля;прочее;0;1
какое масло заливать в рохлю и сколько;26;31;рохля;запчасти и сервис;0;1
погрузчик вилочный линда;25;208;вилочный;прочее;0;15
автопогрузчик 41030;25;77;вилочный;прочее;0;4
высота погрузчика вилочного;25;555;вилочный;прочее;0;5
класс каретки вилочного погрузчика;25;49;вилочный;прочее;0;4
аренда вилочного погрузчика в рязани;25;27;вилочный;аренда;0;6
аренда вилочного погрузчика в краснодаре;25;28;вилочный;аренда;0;10
стрела для погрузчика вилочного погрузчика;25;106;вилочный;прочее;0;1
какие права нужны для управления погрузчиком вилочным;25;53;вилочный;прочее;0;3
аренда погрузчика вилочного без водителя на месяц цена;25;28;вилочный;аренда;0;3
какой тормозной путь должен быть у автопогрузчика при скорости движения 10 километров в час;25;29;вилочный;выбор;0;2
электротележка фото;25;131;электротележка;прочее;0;4
ричтрак ру;25;52;ричтрак;прочее;0;1
строительная рохля;25;70;рохля;прочее;0;6
весы для рохли;25;136;рохля;прочее;0;1
как разобрать рохлю;25;107;рохля;прочее;0;4
штабелер для бочек;25;116;штабелёр;прочее;0;2
рохля гидравлическая короткая;25;92;рохля;прочее;0;2
как управлять штабелером;25;60;штабелёр;прочее;0;4
ричтрак весит сколько;25;60;ричтрак;прочее;0;2
штабелер ручной 1016;25;268;штабелёр;прочее;0;2
tor 2000 рохля;25;55;рохля;прочее;0;2
рохля купить в самаре;25;105;рохля;коммерческий;0;10
без опыта водитель штабелера;25;52;штабелёр;прочее;0;2
масло в рохлю куда заливать;25;53;рохля;запчасти и сервис;0;3
тележка гидравлическая prolift ac 30;25;56;рохля;прочее;0;3
рохля не поднимает в чем причина;25;57;рохля;прочее;0;1
гидравлическая тележка 3000 кг gigant 1150x550 мм полиуретановые колеса jhpt3000;25;38;рохля;прочее;0;1
cpcd15 jac;24;189;вилочный;прочее;0;2
cpcd50 jac;24;197;вилочный;прочее;0;2
hyster погрузчик вилочный;24;157;вилочный;прочее;0;7
запчасти для погрузчика тойота вилочного;24;48;вилочный;запчасти и сервис;0;3
автопогрузчик кара;24;64;вилочный;прочее;0;3
4х4 вилочный погрузчик;24;47;вилочный;прочее;0;5
вилочный погрузчик tfn;24;254;вилочный;прочее;0;8
погрузчик вилочный ниссан;24;732;вилочный;прочее;0;11
кран для вилочного погрузчика;24;115;вилочный;прочее;0;3
вилочные погрузчики российского производства;24;72;вилочный;прочее;0;6
вилочный погрузчик со стрелой;24;49;вилочный;прочее;0;3
сколько стоит погрузчик вилочный;24;275;вилочный;прочее;0;2
мачта на вилочный погрузчик;24;178;вилочный;запчасти и сервис;0;3
как прокачать тормоза на вилочном погрузчике;24;58;вилочный;прочее;0;2
аренда вилочного погрузчика в ростове на дону;24;26;вилочный;аренда;0;5
штабелер бу;24;501;штабелёр;прочее;0;4
штабелер бочкокантователь;24;140;штабелёр;навесное;0;1
узкая рохля;24;126;рохля;прочее;0;2
самоходная тележка 7;24;404;электротележка;прочее;0;2
ремонт рохли спб;24;75;рохля;запчасти и сервис;0;5
штабелеры гидравлические самоходные;24;74;штабелёр;прочее;0;6
сарапульский завод электротележек;24;55;электротележка;прочее;0;1
рохля с электроприводом;24;51;рохля;прочее;0;2
водитель штабелера высотного;24;125;штабелёр;прочее;0;2
jungheinrich купить ричтрак;24;45;ричтрак;коммерческий;0;5
штабелер механический купить;24;39;штабелёр;коммерческий;0;4
гидравлическая тележка штабелер;24;145;рохля;прочее;0;10
рохля 3 тонны купить;24;126;рохля;коммерческий;0;5
рохля купить в минске;24;63;рохля;коммерческий;0;8
гидравлическая тележка с подъемником;24;70;рохля;прочее;0;2
водитель электроштабелера без опыта;24;41;штабелёр;прочее;0;1
рохля купить в саратове;24;35;рохля;коммерческий;0;8
штабелер 12 метров высотный;24;47;штабелёр;прочее;0;4
почему не поднимает рохля;24;90;рохля;прочее;0;2
штабелер для склада электрический;24;58;штабелёр;прочее;0;2
как пишется штабелер правильно;24;34;штабелёр;прочее;0;3
штабелер купить в спб;24;111;штабелёр;коммерческий;0;5
штабелер купить в екатеринбурге;24;63;штабелёр;коммерческий;1;4
водитель погрузчика водитель штабелера;24;462;штабелёр;прочее;0;2
масло для рохли какое заливать;24;29;рохля;запчасти и сервис;0;2
самоходная тележка тс 350 характеристики;24;27;электротележка;характеристики;0;7
штабелера водитель штабелера что это;24;106;штабелёр;запчасти и сервис;0;1
рохля электрическая купить с подъемным механизмом;24;38;рохля;коммерческий;0;1
купить штабелер ручной гидравлический б у;24;41;штабелёр;коммерческий;0;14
погрузчик вилочный zoomlion fd30;23;72;вилочный;прочее;0;2
погрузчик вилочный balkancar;23;279;вилочный;прочее;0;6
оператор вилочного погрузчика;23;286;вилочный;прочее;0;3
выкуп вилочных погрузчиков;23;40;вилочный;прочее;0;2
удлинители для вилочного погрузчика;23;275;вилочный;навесное;0;2
аренда вилочного погрузчика екатеринбург;23;68;вилочный;аренда;1;14
водитель автопогрузчика в рязани;23;26;вилочный;прочее;0;1
купить автопогрузчик б у;23;111;вилочный;коммерческий;0;8
высота подъема вилочного погрузчика;23;278;вилочный;характеристики;0;5
погрузчик вилочный штабелер ручной гидравлический;23;24;штабелёр;прочее;0;7
купить погрузчик вилочный в астрахани;23;25;вилочный;коммерческий;0;3
ковш для вилочного погрузчика ковш;23;152;вилочный;навесное;0;1
погрузчик вилочный 5 тонн б у купить;23;37;вилочный;коммерческий;0;7
давление в шинах погрузчика 3 тонны вилочного;23;37;вилочный;прочее;0;3
аренда вилочного погрузчика 5 тонн с водителем цена;23;24;вилочный;аренда;0;2
какие права нужны на вилочный погрузчик на складе;23;38;вилочный;прочее;0;2
штабелер вес;23;307;штабелёр;прочее;0;4
выкуп штабелеров;23;36;штабелёр;прочее;0;2
электроштабелер высотный;23;90;штабелёр;прочее;0;7
электроштабелер heli;23;187;штабелёр;прочее;0;3
штабелер профессия;23;71;штабелёр;прочее;0;3
lema штабелер;23;558;штабелёр;прочее;0;5
штабелер внедорожный;23;48;штабелёр;прочее;0;1
xilin ричтрак;23;237;ричтрак;прочее;0;2
штабелер окслифт;23;61;штабелёр;прочее;0;2
штабелер sdf 1016;23;37;штабелёр;прочее;0;1
ремонт рохли гидроузла;23;86;рохля;запчасти и сервис;0;3
высокая рохля подъемная;23;50;рохля;прочее;0;3
вилочный электрический штабелер;23;61;штабелёр;прочее;0;6
замена колес на рохле;23;66;рохля;прочее;0;3
запчасти для ручного штабелера;23;83;штабелёр;запчасти и сервис;0;3
купить в новосибирске штабелер;23;64;штабелёр;коммерческий;0;5
электрический штабелер с электроподъемом;23;79;штабелёр;прочее;0;1
рохля гидравлическая короткая купить;23;45;рохля;коммерческий;0;1
тележка гидравлическая 2 тонны;23;106;рохля;прочее;0;3
рохля цена 2500 кг;23;115;рохля;коммерческий;0;3
гидравлическая тележка рохля 2500;23;276;рохля;прочее;0;2
бу электрический бу штабелер;23;54;штабелёр;коммерческий;0;1
тележка гидравлическая tor rhp 2500;23;438;рохля;прочее;0;6
штабелер электрический купить в москве;23;50;штабелёр;коммерческий;0;4
запчасти для штабелера ручного гидравлического;23;47;штабелёр;запчасти и сервис;0;3
гидравлический штабелер ручной 1500 кг;23;115;штабелёр;прочее;0;9
самоходная тележка с двигателем внутреннего сгорания и грузовой платформой кроссворд;23;40;электротележка;запчасти и сервис;0;1
cpcd50;22;1989;вилочный;прочее;0;1
hangcha cpcd15 ag2;22;124;вилочный;прочее;0;1
погрузчик тойота вилочный 3 тонны;22;61;вилочный;прочее;0;6
автопогрузчик бу;22;177;вилочный;прочее;0;5
газовый вилочный погрузчик;22;204;вилочный;прочее;0;13
вилочный погрузчик многоходовой;22;40;вилочный;прочее;0;5
вилочный погрузчик caterpillar;22;88;вилочный;прочее;0;9
вилочный погрузчик 3т;22;362;вилочный;прочее;0;7
вилочный погрузчик далиан;22;97;вилочный;прочее;0;7
водитель вилочного погрузчика работа;22;1797;вилочный;прочее;0;6
вилочный погрузчик купить спб;22;129;вилочный;коммерческий;0;10
погрузчик вилочный на газу;22;222;вилочный;прочее;0;6
продажа погрузчиков вилочных погрузчиков;22;294;вилочный;коммерческий;0;1
гидроцилиндр погрузчика вилочного погрузчика;22;194;вилочный;запчасти и сервис;0;1
погрузчик вилочный с боковой погрузкой;22;34;вилочный;прочее;0;3
аренда погрузчика в самаре вилочного;22;24;вилочный;аренда;0;19
резина на вилочный погрузчик зимняя;22;22;вилочный;прочее;0;4
купить погрузчик китайский вилочный погрузчик;22;82;вилочный;коммерческий;0;2
погрузчик вилочный купить в беларуси бу;22;22;вилочный;коммерческий;0;8
купить вилочный погрузчик б у авито;22;89;вилочный;коммерческий;0;12
аренда погрузчик вилочный 10 тонн аренда;22;194;вилочный;аренда;0;1
определите меры по снижению рисков возникших при приобретении предприятием автопогрузчика;22;51;вилочный;прочее;0;1
штабелер 1020;22;87;штабелёр;прочее;0;1
тележка штабелер;22;770;штабелёр;прочее;0;8
jac электроштабелер;22;113;штабелёр;прочее;0;4
рохля 2500 кг;22;510;рохля;прочее;0;1
колесо для электроштабелера;22;141;штабелёр;прочее;0;4
пандус для рохли;22;132;рохля;прочее;0;3
как прокачать рохлю;22;119;рохля;прочее;0;4
штабелер noblelift ps16l;22;87;штабелёр;прочее;0;1
кто такой рохля;22;40;рохля;запчасти и сервис;0;2
штабелер электрический jungheinrich;22;93;штабелёр;прочее;0;2
электрическая рохля фото;22;37;рохля;прочее;0;6
штабелер кто это;22;35;штабелёр;запчасти и сервис;0;4
как пишется штабелер;22;60;штабелёр;прочее;0;3
не поднимает рохля;22;385;рохля;прочее;0;3
купить штабелер недорого;22;22;штабелёр;коммерческий;0;2
ролик для рохли 80х70;22;129;рохля;прочее;0;3
замена масла в рохле;22;69;рохля;прочее;0;4
самоходный штабелер для бездорожья;22;58;штабелёр;прочее;0;1
ручная рохля что это;22;24;рохля;запчасти и сервис;0;2
электроштабелер какие права нужны;22;136;штабелёр;прочее;0;3
гидравлическая тележка повышенной проходимости;22;64;рохля;прочее;0;2
рохли грузоподъемность под паллет;22;22;рохля;характеристики;0;2
тележка гидравлическая 1000 кг;22;129;рохля;прочее;0;2
ударение в слове рохля;22;35;рохля;прочее;0;2
гидравлическая тележка 3 тонны;22;106;рохля;прочее;0;3
купить вилочный электропогрузчик бу;22;35;вилочный;коммерческий;0;10
гидравлическая тележка 2 т;22;339;рохля;прочее;0;3
купить рохлю в новосибирске гидравлическую;22;74;рохля;коммерческий;0;2
узкопроходный штабелер с подъемной кабиной;22;41;штабелёр;прочее;0;2
на ричтрак какие права нужны;22;67;ричтрак;прочее;0;5
рохля кто это за человек;22;22;рохля;запчасти и сервис;0;2
купить тележка гидравлическая 2500 кг;22;101;рохля;коммерческий;0;3
ручной гидравлический штабелер сколько весит;22;29;штабелёр;прочее;0;3
cpcd25 jac;21;135;вилочный;прочее;0;2
jac cpcd30;21;304;вилочный;прочее;0;2
hangcha cpcd30;21;604;вилочный;прочее;0;2
heli cpcd20;21;210;вилочный;прочее;0;2
cpcd50 погрузчик;21;543;вилочный;прочее;0;3
cpd15;21;1152;вилочный;прочее;0;1
hangcha cpcd25 ag2;21;68;вилочный;прочее;0;2
heli cpcd15 погрузчик;21;114;вилочный;прочее;0;6
погрузчики вилочные тойота краснодар;21;22;вилочный;прочее;0;3
автопогрузчик 41015;21;44;вилочный;прочее;0;4
окоф автопогрузчик;21;219;вилочный;прочее;0;6
автопогрузчик 40814;21;119;вилочный;прочее;0;5
вилочный погрузчик управление;21;938;вилочный;прочее;0;8
четырех вилочный погрузчик;21;54;вилочный;прочее;0;2
вилочный погрузчик 10т;21;82;вилочный;прочее;0;4
автопогрузчик вилочный работа;21;188;вилочный;прочее;0;4
удлинители на вилочный погрузчик;21;116;вилочный;навесное;0;3
акб на вилочный погрузчик;21;61;вилочный;прочее;0;3
крюк для вилочного погрузчика;21;50;вилочный;прочее;0;2
чехол на вилочный погрузчик;21;126;вилочный;прочее;0;2
окпд 2 вилочный погрузчик;21;76;вилочный;прочее;0;6
люлька на погрузчик вилочный;21;52;вилочный;прочее;0;3
аренда вилочных погрузчиков в спб;21;126;вилочный;аренда;0;3
погрузчик вилочный электрический 2000 кг;21;58;вилочный;прочее;0;1
кран балка на вилочный погрузчик;21;39;вилочный;прочее;0;4
аренда вилочного погрузчика в саратове;21;23;вилочный;аренда;0;6
вилочный погрузчик аренда нижний новгород;21;46;вилочный;аренда;0;13
погрузчик вилочный дизельный 2 тонны;21;60;вилочный;прочее;0;4
вилочный погрузчик 1 5 т;21;109;вилочный;прочее;0;2
купить вилы на вилочный погрузчик;21;60;вилочный;запчасти и сервис;0;3
замок зажигания на вилочный погрузчик;21;62;вилочный;прочее;0;1
гидравлическое масло для погрузчика вилочного;21;52;вилочный;запчасти и сервис;0;3
смазка для цепи вилочного погрузчика;21;124;вилочный;прочее;0;1
погрузчик вилочный дизельный болгарский погрузчик;21;44;вилочный;прочее;0;1
аренда вилочного погрузчика с водителем цена;21;46;вилочный;аренда;0;2
весы на вилочный погрузчик для взвешивания грузов;21;25;вилочный;прочее;0;2
купить вилочный погрузчик бу купить на авито;21;194;вилочный;коммерческий;0;1
штабелер 1025;21;154;штабелёр;прочее;0;1
штабелер hangcha;21;196;штабелёр;прочее;0;4
штабелер дизельный;21;40;штабелёр;прочее;0;4
вилочный электроштабелер;21;87;штабелёр;прочее;0;3
штабелер rocla;21;95;штабелёр;прочее;0;5
высокоподъемная рохля;21;44;рохля;прочее;0;3
jungheinrich рохля;21;262;рохля;прочее;0;4
рохли электрические самоходные;21;349;рохля;прочее;0;4
ремкомплект для рохли;21;227;рохля;прочее;0;4
рохля гидравлическая размеры;21;106;рохля;характеристики;0;4
рохля купить хабаровск;21;68;рохля;коммерческий;0;4
noblelift штабелер купить;21;60;штабелёр;коммерческий;0;6
узкопроходный штабелер jungheinrich;21;46;штабелёр;прочее;0;3
ричтрак для контейнеров;21;40;ричтрак;прочее;0;1
купить рохля авито;21;530;рохля;коммерческий;0;10
штабелер узкопроходный фото;21;30;штабелёр;прочее;0;8
электро рохля с подъемным;21;392;рохля;прочее;0;1
рохля для перевозки грузов;21;43;рохля;прочее;0;4
штабелер код тн вэд;21;95;штабелёр;импорт;0;2
вилочный электропогрузчик купить новый;21;49;вилочный;коммерческий;0;6
штабелер электрический самоходный 1500 кг;21;104;штабелёр;прочее;0;1
водитель штабелера какие права нужны;21;26;штабелёр;прочее;0;1
купить новую рохлю в екатеринбурге;21;25;рохля;коммерческий;1;2
ролики в сборе для рохли;21;41;рохля;прочее;0;1
гидравлический штабелер ручной купить в екатеринбурге;21;26;штабелёр;коммерческий;1;6
cpcd25;20;1156;вилочный;прочее;0;1
hangcha cpcd50 axg53;20;74;вилочный;прочее;0;1
cpcd35 вилочный погрузчик;20;333;вилочный;прочее;0;3
погрузчик вилочный liugong cpcd30;20;68;вилочный;прочее;0;3
погрузчик вилочный heli cpcd35;20;67;вилочный;прочее;0;2
jungheinrich вилочный погрузчик;20;214;вилочный;прочее;0;8
автопогрузчик дизельный;20;690;вилочный;прочее;0;7
машинист вилочного погрузчика;20;331;вилочный;прочее;0;5
вилочный погрузчик маленький;20;133;вилочный;прочее;0;5
автопогрузчик код окоф;20;70;вилочный;прочее;0;5
вилочного погрузчика габариты;20;293;вилочный;характеристики;0;12
ширина вилочного погрузчика;20;136;вилочный;прочее;0;5
погрузчик вилочный teu;20;135;вилочный;прочее;0;5
вилочных погрузчиков продажа;20;345;вилочный;коммерческий;0;6
аренда вилочного погрузчика воронеж;20;53;вилочный;аренда;0;16
сиденье для вилочного погрузчика;20;163;вилочный;прочее;0;2
кабина на вилочный погрузчик;20;201;вилочный;прочее;0;6
вилочный погрузчик электрический ручной;20;27;вилочный;прочее;0;9
погрузчик 25 тонн вилочный;20;52;вилочный;прочее;0;7
колеса погрузчика вилочного погрузчика;20;1302;вилочный;прочее;0;1
размеры погрузчика вилочного погрузчика;20;457;вилочный;характеристики;0;1
вилочный погрузчик боковой погрузчик;20;316;вилочный;прочее;0;2
шины на кару вилочный погрузчик;20;50;вилочный;запчасти и сервис;0;1
кран балка для вилочного погрузчика;20;49;вилочный;прочее;0;3
удлинители вил на вилочный погрузчик;20;44;вилочный;навесное;0;1
обслуживание и ремонт вилочных погрузчиков;20;68;вилочный;запчасти и сервис;0;2
электрический вилочный погрузчик купить новый;20;34;вилочный;коммерческий;0;4
погрузчик 5 тонн цена вилочный;20;69;вилочный;коммерческий;0;8
как управлять вилочным погрузчиком карой;20;35;вилочный;прочее;0;1
главный тормозной цилиндр на вилочный погрузчик;20;73;вилочный;прочее;0;2
купить вилочный погрузчик в новосибирске б у;20;20;вилочный;коммерческий;0;10
эл рохля;20;122;рохля;прочее;0;2
электрические штабелеры;20;8550;штабелёр;прочее;0;5
рохля с подъемником;20;107;рохля;прочее;0;3
клапан для рохли;20;94;рохля;прочее;0;1
рохля рязань купить;20;75;рохля;коммерческий;0;6
электротележка ет 30132;20;75;электротележка;прочее;0;3
что значит рохля;20;134;рохля;запчасти и сервис;0;4
рохля откуда название;20;44;рохля;прочее;0;4
электрический ричтрак купить;20;47;ричтрак;коммерческий;0;3
амортизационная группа электроштабелер;20;35;штабелёр;прочее;0;6
ручная гидравлическая тележка цена;20;68;рохля;коммерческий;0;8
управление штабелером для новичка;20;20;штабелёр;прочее;0;1
рохля гидравлическая в аренду;20;47;рохля;аренда;0;2
удлинитель вил для штабелера;20;30;штабелёр;навесное;0;2
рохля с большими колесами;20;96;рохля;прочее;0;2
рохли аренда в спб;20;40;рохля;аренда;0;7
опорное колесо для штабелера;20;139;штабелёр;прочее;0;6
колеса для рохли задние;20;47;рохля;прочее;0;2
аккумулятор для штабелера с электроподъемом;20;52;штабелёр;запчасти и сервис;0;1
гидравлическая тележка ас 25 prolift;20;28;рохля;прочее;0;3
рохля гидравлическая купить в иркутске;20;23;рохля;коммерческий;0;2
самоходная тележка для дачи аккумуляторная;20;20;электротележка;запчасти и сервис;0;1
купить б у штабелер электрический;20;57;штабелёр;коммерческий;0;5
самоходная тележка для дачи бензиновая;20;23;электротележка;прочее;0;1
погрузчик и штабелер в чем разница;20;23;штабелёр;прочее;0;1
какое масло заливается в рохлю в гидравлику;20;21;рохля;запчасти и сервис;0;1
гидравлическая тележка prolift ac 25 грузоподъемность 2500кг колеса полиуретан вилы 1150x550мм;20;35;рохля;запчасти и сервис;0;2
погрузчик вилочный xcmg;19;158;вилочный;прочее;0;8
запчасти на вилочный погрузчик тойота;19;54;вилочный;запчасти и сервис;0;6
то погрузчиков вилочных;19;416;вилочный;запчасти и сервис;0;2
вилочный погрузчик штиль;19;132;вилочный;прочее;0;8
вилочный погрузчик робот;19;65;вилочный;прочее;0;4
вилочный погрузчик права;19;1828;вилочный;прочее;0;6
шины на вилочный погрузчик;19;515;вилочный;запчасти и сервис;0;5
аренда вилочного погрузчика пермь;19;27;вилочный;аренда;1;13
вес погрузчика вилочного 3т;19;25;вилочный;характеристики;0;4
домкрат для вилочного погрузчика;19;39;вилочный;прочее;0;1
амортизационная группа погрузчик вилочный;19;98;вилочный;прочее;0;9
погрузчик вилочный как управлять;19;298;вилочный;прочее;0;6
купить погрузчик вилочный бензиновый;19;59;вилочный;коммерческий;0;7
погрузчик вилочный как называется;19;164;вилочный;прочее;0;2
навесное оборудование для вилочных погрузчиков;19;119;вилочный;навесное;0;4
вилочный погрузчик 10 тонн купить;19;35;вилочный;коммерческий;0;5
дизельный вилочный погрузчик на 1 тонну;19;23;вилочный;прочее;0;1
ковш на погрузчик вилочный для уборки снега;19;24;вилочный;навесное;0;5
захваты для бочек 200 л на вилочный погрузчик;19;20;вилочный;навесное;0;2
oxlift рохля;19;213;рохля;прочее;0;2
рохля 2500кг;19;196;рохля;прочее;0;1
ричстакер xcmg;19;92;ричтрак;прочее;0;2
штабелер 1035;19;66;штабелёр;прочее;0;1
штабелер работа;19;2175;штабелёр;прочее;0;11
погрузчик ричстакер;19;220;ричтрак;прочее;0;7
ричтрак штиль;19;110;ричтрак;прочее;0;2
still ричтрак;19;213;ричтрак;прочее;0;2
still штабелер;19;264;штабелёр;прочее;0;7
штабелер взрывозащищенный;19;35;штабелёр;прочее;0;3
масло в рохлю;19;868;рохля;запчасти и сервис;0;3
аккумулятор для штабелера;19;671;штабелёр;запчасти и сервис;0;5
рохля подъемная купить;19;152;рохля;коммерческий;0;4
как управлять рохлей;19;130;рохля;прочее;0;2
штабелер ручной 1030;19;113;штабелёр;прочее;0;3
штабелер для бездорожья;19;116;штабелёр;прочее;0;2
рохля гидравлическая маленькая;19;34;рохля;прочее;0;2
рохля про человека;19;20;рохля;прочее;0;1
рохля аккумуляторная самоходная;19;26;рохля;запчасти и сервис;0;1
электрическая рохля tor;19;47;рохля;прочее;0;3
гидравлическая тележка ac25;19;392;рохля;прочее;0;2
еткс водитель электротележки;19;23;электротележка;прочее;0;2
искробезопасная тележка гидравлическая;19;28;рохля;прочее;0;3
ручные гидравлические штабелеры;19;3840;штабелёр;прочее;0;8
рохля купить новая;19;134;рохля;коммерческий;0;3
тележка самоходная складская;19;147;электротележка;прочее;0;4
не опускается рохля причины;19;93;рохля;прочее;0;2
электроштабелер что это такое;19;81;штабелёр;запчасти и сервис;0;4
аренда рохли в москве;19;76;рохля;аренда;0;10
рохля купить в уфе;19;59;рохля;коммерческий;1;8
колеса для рохли 80х70;19;51;рохля;прочее;0;2
ремонт рохли в москве;19;53;рохля;запчасти и сервис;0;5
штабелеры для склада ручные;19;48;штабелёр;прочее;0;7
рохля 800 мм купить;19;39;рохля;коммерческий;0;2
водитель электроштабелера что это;19;23;штабелёр;запчасти и сервис;0;2
как пользоваться электрической рохлей;19;21;рохля;прочее;0;2
rhp 2500 тележка гидравлическая;19;568;рохля;прочее;0;6
тележка гидравлическая noblelift ac25b;19;57;рохля;прочее;0;4
гидравлическая тележка ас 30;19;35;рохля;прочее;0;2
как пользоваться рохлей инструкция;19;20;рохля;прочее;0;1
как пользоваться рохля правильно;19;34;рохля;прочее;0;5
ричтрак купить в москве;19;28;ричтрак;коммерческий;0;2
рохля как работает гидравлическая;19;31;рохля;прочее;0;4
штабелер 1500 кг ручной;19;176;штабелёр;прочее;0;4
код окоф штабелер самоходный;19;36;штабелёр;прочее;0;3
гидравлическая тележка 3 т;19;132;рохля;прочее;0;2
рохля гидравлическая 3 тонны купить;19;69;рохля;коммерческий;0;1
как долить масло в рохлю;19;54;рохля;запчасти и сервис;0;2
как залить масло в рохлю;19;96;рохля;запчасти и сервис;0;4
купить рохли бу для перевозки поддонов;19;26;рохля;коммерческий;0;1
колеса для рохли купить в спб;19;25;рохля;коммерческий;0;4
гидравлическая тележка tor rhp bf 2500;19;239;рохля;прочее;0;4
штабелер гидравлический ручной б у купить на авито;19;19;штабелёр;коммерческий;0;2
heli cpd20;18;142;вилочный;прочее;0;2
chl cpcd30 xc5k2c;18;73;вилочный;прочее;0;1
вилочный погрузчик heli cpcd30;18;67;вилочный;прочее;0;3
вилочный погрузчик zoomlion fd25;18;28;вилочный;прочее;0;1
вилочный погрузчик still;18;189;вилочный;прочее;0;9
каталог вилочных погрузчиков;18;280;вилочный;прочее;0;3
большой вилочный погрузчик;18;120;вилочный;прочее;0;5
складской вилочный погрузчик;18;149;вилочный;прочее;0;7
окоф погрузчик вилочный;18;119;вилочный;прочее;0;8
весы для вилочного погрузчика;18;112;вилочный;прочее;0;7
обязанности водителя вилочного погрузчика;18;31;вилочный;прочее;0;2
вилочный погрузчик в лизинг;18;95;вилочный;коммерческий;0;5
камера на погрузчик вилочный;18;136;вилочный;прочее;0;3
стоимость погрузчика вилочного погрузчика;18;178;вилочный;коммерческий;0;1
аренда вилочного погрузчика 3 тонны;18;61;вилочный;аренда;0;7
вп 05 твэкс вилочный погрузчик;18;94;вилочный;прочее;0;9
купить вилочный погрузчик в екатеринбурге;18;60;вилочный;коммерческий;1;11
почему погрузчик называют кара вилочный;18;21;вилочный;прочее;0;2
захват для бочек на вилочный погрузчик;18;100;вилочный;навесное;0;5
вилочный погрузчик в аренду в спб;18;125;вилочный;аренда;0;7
погрузчик в аренду вилочный в москве;18;180;вилочный;аренда;0;5
аренда погрузчика вилочного в москве с водителем;18;19;вилочный;аренда;0;5
грузоподъемность штабелера;18;813;штабелёр;характеристики;0;4
гидроузел рохли;18;473;рохля;прочее;0;2
устройство рохли;18;282;рохля;прочее;0;7
виды рохли;18;161;рохля;прочее;0;5
управление рохлей;18;146;рохля;прочее;0;4
ремонт электроштабелера;18;131;штабелёр;запчасти и сервис;0;4
многоходовой ричтрак;18;64;ричтрак;прочее;0;3
ричтрак работа;18;1316;ричтрак;прочее;0;2
аренда ричтрак;18;181;ричтрак;аренда;0;2
ракуда штабелеры;18;75;штабелёр;прочее;0;1
штабелер маленький;18;72;штабелёр;прочее;0;2
штабелер бензиновый;18;36;штабелёр;коммерческий;0;2
ричтрак юхандрик;18;58;ричтрак;прочее;0;2
электротележка поводковая;18;35;электротележка;прочее;0;3
гидравлическая тележка цены;18;492;рохля;прочее;0;4
гидроузел для рохли;18;145;рохля;прочее;0;1
smart lift штабелер;18;40;штабелёр;прочее;0;1
рохля маленькая короткая;18;30;рохля;прочее;0;1
рохля 2т купить;18;19;рохля;коммерческий;0;4
как выглядит ричтрак;18;76;ричтрак;прочее;0;1
погрузчик рохля электро;18;27;рохля;прочее;0;2
грузоподъемность рохля гидравлическая;18;321;рохля;характеристики;0;3
штабелер ричтрак фото;18;68;штабелёр;прочее;0;14
озон водитель штабелера;18;93;штабелёр;прочее;0;1
взять рохлю в аренду;18;132;рохля;аренда;0;5
штабелер с длинными вилами;18;35;штабелёр;прочее;0;2
аренда штабелера в новосибирске;18;26;штабелёр;аренда;0;5
заливка масла в рохлю;18;25;рохля;прочее;0;1
pfaff silberblau тележка гидравлическая;18;28;рохля;прочее;0;4
рохлю купить в иркутске;18;90;рохля;коммерческий;0;9
тележка гидравлическая 20 jc;18;116;рохля;прочее;0;7
sdf 1516 ручной штабелер;18;34;штабелёр;прочее;0;3
купить гидравлическую рохлю бу;18;253;рохля;коммерческий;0;2
тележка гидравлическая tor rhp 3000;18;104;рохля;прочее;0;4
купить рохли в москве недорого;18;34;рохля;коммерческий;0;6
как поменять ролики на рохле;18;24;рохля;прочее;0;1
электронная рохля с подъемным механизмом;18;20;рохля;прочее;0;1
электротележка для перевозки грузов цена;18;18;электротележка;коммерческий;0;2
тележка гидравлическая грузоподъемностью 2500 кг;18;217;рохля;характеристики;0;4
поменять колеса на рохле как;18;80;рохля;прочее;0;5
добавить масло в рохлю как;18;19;рохля;запчасти и сервис;0;2
зарядное для штабелера 24v устройство;18;58;штабелёр;прочее;0;2
электроштабелер дайте определение в классификации погрузчиков;18;25;штабелёр;прочее;0;1
аренда рохли в москве с доставкой;18;25;рохля;аренда;0;2
штабелер и рохля в чем разница;18;22;рохля;прочее;0;1
вилочный погрузчик cpcd15;17;260;вилочный;прочее;0;4
hangcha cpcd30 ag2 погрузчик;17;73;вилочный;прочее;0;2
вилочный погрузчик zoomlion fd35;17;44;вилочный;прочее;0;1
автопогрузчик цена;17;447;вилочный;коммерческий;0;7
4 вилочный погрузчик;17;608;вилочный;прочее;0;2
вахта погрузчик вилочный;17;414;вилочный;прочее;0;4
аренда автопогрузчика с водителем;17;25;вилочный;аренда;0;2
учеба на вилочный погрузчик;17;63;вилочный;прочее;0;2
люлька для вилочного погрузчика;17;111;вилочный;прочее;0;3
удлинитель на погрузчик вилочный;17;117;вилочный;навесное;0;2
то погрузчика вилочного погрузчика;17;416;вилочный;запчасти и сервис;0;1
аренда вилочного погрузчика 7 тонн;17;42;вилочный;аренда;0;8
водитель автопогрузчика код по окз;17;30;вилочный;прочее;0;2
опрокидыватель контейнеров на вилочный погрузчик;17;22;вилочный;прочее;0;1
аренда вилочного погрузчика без водителя;17;59;вилочный;аренда;0;2
купить вилочный погрузчик в луганске;17;18;вилочный;коммерческий;0;2
вилочный погрузчик в воронеже купить;17;41;вилочный;коммерческий;0;8
вилочный погрузчик купить в беларуси;17;52;вилочный;коммерческий;0;7
купить китайский вилочный погрузчик электрический;17;22;вилочный;коммерческий;0;1
вилочный погрузчик в саратове купить;17;23;вилочный;коммерческий;0;8
погрузчик вилочный купить в лизинг;17;35;вилочный;коммерческий;0;9
вилочный погрузчик 3 тонны дизельный;17;238;вилочный;прочее;0;11
норма расхода топлива на погрузчик вилочный;17;43;вилочный;характеристики;0;9
купить на авито вилочный погрузчик бу на авито;17;189;вилочный;запчасти и сервис;0;1
выберите корректные утверждения по безопасному перемещению грузов больших размеров автопогрузчиками;17;85;вилочный;характеристики;0;1
колесо рохли;17;3306;рохля;прочее;0;6
штабелер 1530;17;154;штабелёр;прочее;0;2
аренда электроштабелера;17;118;штабелёр;аренда;0;6
смартлифт штабелеры;17;105;штабелёр;прочее;0;1
электроштабелер xilin;17;86;штабелёр;прочее;0;3
штабелер ударение;17;36;штабелёр;прочее;0;5
штабелер linde;17;166;штабелёр;прочее;0;5
укороченная рохля;17;69;рохля;прочее;0;4
рохля xilin;17;159;рохля;прочее;0;3
название рохля;17;218;рохля;прочее;0;3
jungheinrich электроштабелер;17;147;штабелёр;прочее;0;5
ролики на рохлю;17;253;рохля;прочее;0;4
акб для штабелера;17;173;штабелёр;прочее;0;2
как поднять рохлю;17;131;рохля;прочее;0;1
электротележка эк 202;17;68;электротележка;прочее;0;4
самодельная самоходная тележка;17;35;электротележка;прочее;0;13
рохля xilin 2000;17;25;рохля;прочее;0;1
поводковый штабелер это;17;18;штабелёр;прочее;0;2
ет 20132 электротележка;17;72;электротележка;прочее;0;3
сколько весит электроштабелер;17;31;штабелёр;прочее;0;1
рохля не опускается;17;267;рохля;прочее;0;2
тележка гидравлическая высокоподъемная;17;37;рохля;прочее;0;5
авито рохля бу;17;205;рохля;запчасти и сервис;0;5
зарядное устройство для штабелера;17;269;штабелёр;прочее;0;7
рохля 5 тонн купить;17;176;рохля;коммерческий;0;6
штабелер с электрическим подъемом;17;106;штабелёр;прочее;0;2
штабелер с большими колесами;17;64;штабелёр;прочее;0;2
рохля купить в перми;17;50;рохля;коммерческий;1;7
рохля с резиновыми колесами;17;44;рохля;прочее;0;2
самоходная тележка для лодки;17;27;электротележка;прочее;0;1
пандус перекатной для рохли;17;23;рохля;прочее;0;1
рохля гидравлическая 5т купить;17;22;рохля;коммерческий;0;2
рохля с раздвижными вилами;17;22;рохля;прочее;0;1
штабелер ручной цена красноярск;17;17;штабелёр;коммерческий;0;1
тележка гидравлическая tor df2500;17;17;рохля;прочее;0;1
самоходный штабелер с платформой;17;304;штабелёр;прочее;0;3
купить рохля в воронеже;17;92;рохля;коммерческий;0;8
рохля как правильно пишется;17;50;рохля;прочее;0;2
рохля гидравлическая купить в минске;17;26;рохля;коммерческий;0;3
штабелер самоходный купить в москве;17;50;штабелёр;коммерческий;0;5
swch24v10a зарядное устройство для штабелера;17;27;штабелёр;прочее;0;1
ремонт рохли в москве с выездом;17;25;рохля;запчасти и сервис;0;2
рохля не держит груз как починить;17;17;рохля;прочее;0;2
самоходная тележка с двигателем внутреннего сгорания и грузовой платформой 7 букв кроссворд;17;17;электротележка;запчасти и сервис;0;1
cpcd50 hangcha;16;372;вилочный;прочее;0;2
погрузчик heli cpcd30;16;108;вилочный;прочее;0;4
автопогрузчик jac cpcd35;16;45;вилочный;прочее;0;2
вилочный погрузчик heli cpcd50;16;79;вилочный;прочее;0;2
погрузчик вилочный goodsense;16;177;вилочный;прочее;0;6
вилочный погрузчик hangcha купить;16;53;вилочный;коммерческий;0;5
jac вилочный погрузчик купить;16;87;вилочный;коммерческий;0;13
погрузчик yale вилочный;16;184;вилочный;прочее;0;9
вилочный погрузчик комацу 3 тонны;16;34;вилочный;прочее;0;2
ремонт автопогрузчиков;16;218;вилочный;запчасти и сервис;0;7
вилочный погрузчик jtc;16;25;вилочный;прочее;0;6
погрузчик вилочный вездеход;16;47;вилочный;прочее;0;4
вилочный погрузчик митсубиси;16;404;вилочный;прочее;0;9
погрузчик вилочный cat;16;114;вилочный;прочее;0;13
вилочные погрузчики аврора;16;202;вилочный;прочее;0;1
автопогрузчик это транспортное средство;16;104;вилочный;запчасти и сервис;0;2
траверса на вилочный погрузчик;16;57;вилочный;навесное;0;2
запчасти к вилочным погрузчикам;16;45;вилочный;запчасти и сервис;0;3
вилочный погрузчик на радиоуправлении;16;28;вилочный;прочее;0;3
вилочный погрузчик на английском;16;29;вилочный;прочее;0;2
электро вилочный погрузчик купить;16;28;вилочный;коммерческий;0;7
сиденье на вилочный погрузчик;16;180;вилочный;прочее;0;3
коматсу погрузчик купить вилочный;16;89;вилочный;коммерческий;0;9
погрузчик вилочный 16 тонн;16;85;вилочный;прочее;0;4
цена электрический вилочный погрузчик;16;83;вилочный;коммерческий;0;9
как работает погрузчик вилочный;16;244;вилочный;прочее;0;6
автопогрузчик вилочный окоф амортизационная группа;16;19;вилочный;прочее;0;1
аренда вилочного погрузчика в воронеже;16;20;вилочный;аренда;0;13
фильтр воздушный для вилочного погрузчика;16;79;вилочный;запчасти и сервис;0;2
цельнолитые шины для вилочных погрузчиков;16;72;вилочный;запчасти и сервис;0;4
вилочный погрузчик купить в китае;16;19;вилочный;коммерческий;0;5
найти работу водителем автопогрузчика в москве;16;36;вилочный;прочее;0;2
захват для рулонов на вилочный погрузчик;16;25;вилочный;навесное;0;3
купить б у электрический вилочный погрузчик;16;29;вилочный;коммерческий;0;13
давление в шинах погрузчика вилочного погрузчика;16;195;вилочный;прочее;0;1
как поставить вилочный погрузчик на учет в гостехнадзоре;16;24;вилочный;документы;0;2
штабелер 1000;16;586;штабелёр;прочее;0;1
цена ричстакер;16;73;ричтрак;коммерческий;0;2
лестничная электротележка;16;22;электротележка;прочее;0;1
стоимость электроштабелер;16;44;штабелёр;коммерческий;0;5
рохля запчасти;16;1005;рохля;запчасти и сервис;0;6
цены рохля;16;3069;рохля;прочее;0;4
heli ричтрак;16;197;ричтрак;прочее;0;2
машина штабелер;16;158;штабелёр;прочее;0;5
rakuda штабелер;16;205;штабелёр;прочее;0;2
штабелер авито;16;313;штабелёр;прочее;0;4
штабелер 1000 кг;16;463;штабелёр;прочее;0;2
рохля 800 мм;16;111;рохля;прочее;0;1
штабелер с весами;16;66;штабелёр;прочее;0;2
вес штабелера электрического;16;45;штабелёр;характеристики;0;4
рохля тор 2500;16;36;рохля;прочее;0;3
корзина для штабелера;16;26;штабелёр;прочее;0;4
штабелер для вибропресса;16;16;штабелёр;прочее;0;3
тележка гидравлическая 5т;16;315;рохля;прочее;0;3
кто придумал рохлю;16;31;рохля;запчасти и сервис;0;3
электропогрузчик вилочный 3т;16;25;вилочный;прочее;0;3
как включить штабелер;16;46;штабелёр;прочее;0;1
грузоподъемная тележка гидравлическая;16;73;рохля;характеристики;0;8
рохля окпд 2;16;45;рохля;прочее;0;3
вес рохля гидравлическая;16;84;рохля;характеристики;0;5
рохля кто это;16;43;рохля;запчасти и сервис;0;4
штабелер ручной самоходный;16;37;штабелёр;прочее;0;6
как правильно рохля;16;1039;рохля;прочее;0;1
рохля как устроена;16;48;рохля;прочее;0;2
самоходный штабелер 3 м;16;395;штабелёр;прочее;0;1
аккумулятор для штабелера 12v;16;75;штабелёр;запчасти и сервис;0;1
самоходный штабелер noblelift ps16l;16;53;штабелёр;прочее;0;2
самоходная тележка из японии;16;32;электротележка;прочее;0;2
рохля купить в белгороде;16;32;рохля;коммерческий;0;8
аренда рохли в екатеринбурге;16;32;рохля;аренда;1;7
зарядка для весовой рохли;16;21;рохля;прочее;0;1
колеса для рохли передние;16;51;рохля;прочее;0;3
купить рохля в волгограде;16;32;рохля;коммерческий;0;8
гидравлическая тележка foxster jc20;16;31;рохля;прочее;0;1
гидравлическая тележка для бочек;16;175;рохля;прочее;0;4
тележка самоходная с весами;16;49;электротележка;прочее;0;3
рохля электрическая с весами;16;30;рохля;прочее;0;2
купить рохля в казани;16;27;рохля;коммерческий;0;10
гидравлический штабелер ручной бу;16;50;штабелёр;прочее;0;9
гидравлическая тележка цена купить;16;49;рохля;коммерческий;0;5
тележка самоходная с платформой;16;169;электротележка;прочее;0;3
электроштабелером мощностью свыше 4 квт;16;153;штабелёр;характеристики;0;1
рохля цена новая 2500 кг;16;23;рохля;коммерческий;0;1
рохля гидравлическая как правильно называется;16;21;рохля;прочее;0;1
рохля что это такое фото;16;18;рохля;запчасти и сервис;0;2
ричтрак и погрузчик в чем разница;16;19;ричтрак;прочее;0;1
электрический штабелер самоходный купить в москве;16;30;штабелёр;коммерческий;0;6
тележка гидравлическая с весами 2000 кг;16;120;рохля;прочее;0;3
электрический самоходный штабелер б у купить;16;27;штабелёр;коммерческий;0;6
самоходный штабелер oxlift ax12 3000 мм 1200 кг;16;47;штабелёр;прочее;0;1
cpcd70 jac;15;86;вилочный;прочее;0;2
cpd20;15;771;вилочный;прочее;0;1
cpd15 погрузчик;15;228;вилочный;прочее;0;2
погрузчик люгонг вилочный;15;83;вилочный;прочее;0;8
вилочный погрузчик юнгхайнрих;15;52;вилочный;прочее;0;6
автопогрузчик 40810;15;68;вилочный;прочее;0;4
услуги автопогрузчика;15;108;вилочный;прочее;0;6
вилочный погрузчик стоимость;15;284;вилочный;коммерческий;0;11
знак внимание автопогрузчик;15;54;вилочный;прочее;0;4
zauberg погрузчик вилочный;15;165;вилочный;прочее;0;4
погрузчик вилочный manitou;15;66;вилочный;прочее;0;12
кар вилочный погрузчик;15;533;вилочный;прочее;0;3
погрузчик вилочный дром;15;150;вилочный;прочее;0;7
характеристики вилочный погрузчик;15;964;вилочный;характеристики;0;19
захват для вилочного погрузчика;15;457;вилочный;навесное;0;9
ремонт вилочных погрузчиков минск;15;30;вилочный;запчасти и сервис;0;1
вилочный погрузчик купить екатеринбург;15;93;вилочный;коммерческий;1;10
погрузчик вилочный 12 тонн;15;48;вилочный;прочее;0;4
автопогрузчик код тн вэд;15;43;вилочный;импорт;0;5
погрузчик вилочный с ковшом;15;61;вилочный;навесное;0;4
аренда вилочного погрузчика с водителем;15;211;вилочный;аренда;0;6
вилочный погрузчик на гусеничном ходу;15;17;вилочный;прочее;0;2
чехол на погрузчик вилочный зимний;15;15;вилочный;прочее;0;2
код окоф амортизационная группа автопогрузчик;15;18;вилочный;прочее;0;2
погрузчик вилочный взять в аренду;15;58;вилочный;аренда;0;7
купить вилочный погрузчик в хабаровске;15;33;вилочный;коммерческий;0;8
стрела крановая для вилочного погрузчика;15;19;вилочный;прочее;0;2
купить вилочный погрузчик 3 тонны бу;15;48;вилочный;коммерческий;0;8
автопогрузчик транспортный налог надо ли платить;15;18;вилочный;прочее;0;2
договор купли продажи погрузчика вилочного погрузчика;15;51;вилочный;прочее;0;1
как рассчитать транспортный налог на вилочный погрузчик;15;20;вилочный;прочее;0;3
ремонт погрузчиков в москве и московской области вилочных;15;16;вилочный;запчасти и сервис;0;2
ричстакер что;15;303;ричтрак;прочее;0;1
электротележка hangcha;15;137;электротележка;прочее;0;2
электроштабелер tor;15;116;штабелёр;прочее;0;3
электротележка это;15;98;электротележка;прочее;0;2
мини ричтрак;15;92;ричтрак;прочее;0;2
электротележка heli;15;72;электротележка;прочее;0;3
рохля узковильная;15;50;рохля;прочее;0;2
рохля малая;15;101;рохля;прочее;0;1
штабелер штиль;15;147;штабелёр;прочее;0;4
рохля crown;15;40;рохля;прочее;0;3
штабелер окоф;15;227;штабелёр;прочее;0;5
картинка рохля;15;173;рохля;прочее;0;8
зарядка для штабелера;15;80;штабелёр;прочее;0;3
ширина вил рохли;15;75;рохля;прочее;0;4
колеса от рохли;15;70;рохля;прочее;0;2
рохля с тормозом;15;45;рохля;прочее;0;4
электропогрузчик вилочный трехопорный;15;34;вилочный;прочее;0;6
правильное название рохли;15;30;рохля;прочее;0;4
сборка рохли гидравлической;15;23;рохля;прочее;0;1
ширина рохли стандарт;15;15;рохля;прочее;0;1
аренда штабелер ручной;15;136;штабелёр;аренда;0;11
купить штабелер красноярск;15;34;штабелёр;коммерческий;0;2
как называется рохля;15;763;рохля;прочее;0;2
штабелер гидравлический бу;15;83;штабелёр;прочее;0;5
происхождение слова рохля;15;22;рохля;прочее;0;3
рохля купить спб;15;568;рохля;коммерческий;0;9
окоф штабелер самоходный;15;132;штабелёр;прочее;0;5
схема гидравлическая рохля;15;64;рохля;прочее;0;8
otto kurtbach рохля;15;49;рохля;прочее;0;3
тележка гидравлическая 2500;15;2543;рохля;прочее;0;2
окпд 2 штабелер;15;59;штабелёр;прочее;0;3
штабелер все инструменты;15;40;штабелёр;прочее;0;4
гидравлическая рохля это;15;72;рохля;прочее;0;2
гидравлическая тележка 2т;15;110;рохля;прочее;0;2
рохля с ножничным подъемом;15;62;рохля;прочее;0;2
рохля купить в ярославле;15;22;рохля;коммерческий;0;8
штабелер и погрузчик отличия;15;20;штабелёр;прочее;0;4
ремонт рохли в иваново;15;16;рохля;запчасти и сервис;0;3
мд прогресс гидравлическая тележка;15;15;рохля;прочее;0;1
электрическая самоходная тележка купить;15;79;электротележка;коммерческий;0;3
гидравлическая тележка noblelift ac25;15;33;рохля;прочее;0;2
электроштабелер б у купить;15;17;штабелёр;коммерческий;0;7
ричтрак какие нужны права;15;180;ричтрак;прочее;0;2
штабелер какие права нужны;15;123;штабелёр;прочее;0;3
самоходные электроштабелеры для складов;15;28;штабелёр;прочее;0;4
тележка гидравлическая prolift ac25;15;33;рохля;прочее;0;3
принцип работы гидравлической рохли;15;34;рохля;прочее;0;6
купить рохли в калуге;15;40;рохля;коммерческий;0;5
электрические рохли с подъемным механизмом;15;556;рохля;прочее;0;1
рохля гидравлическая купить в самаре;15;37;рохля;коммерческий;0;3
штабелер прослеживаемый товар или нет;15;31;штабелёр;прочее;0;1
как поменять масло в рохле;15;19;рохля;запчасти и сервис;0;3
рохля автоматическая с подъемным механизмом;15;16;рохля;прочее;0;2
гидравлическая тележка prolift ac 25;15;114;рохля;прочее;0;2
починить рохлю не поднимается как;15;18;рохля;прочее;0;2
масло в рохлю какое заливается;15;43;рохля;запчасти и сервис;0;4
тележка гидравлическая грузоподъемность 2000 кг;15;118;рохля;характеристики;0;4
рохля не опускается до конца;15;61;рохля;прочее;0;3
узкая рохля ширина 45 см;15;15;рохля;прочее;0;2
самоходная тележка с двигателем внутреннего сгорания;15;67;электротележка;запчасти и сервис;0;3
рохля гидравлическая с весами 2 тонны;15;25;рохля;прочее;0;1
рохля с весами купить в спб;15;16;рохля;коммерческий;0;4
ас 25 гидравлическая тележка 2500 кг;15;42;рохля;прочее;0;5
как поменять колеса на рохле задние;15;24;рохля;прочее;0;2
робиш рохли содри ва яссирли амри дуа;15;24;рохля;прочее;0;1
cpcd100 heli;14;90;вилочный;прочее;0;2
hangcha cpcd50 xrxw76;14;70;вилочный;прочее;0;1
погрузчик heli cpcd35;14;123;вилочный;прочее;0;2
heli cpcd25 погрузчик;14;90;вилочный;прочее;0;3
автопогрузчик cpcd30 jac;14;62;вилочный;прочее;0;3
вилочный погрузчик sany;14;75;вилочный;прочее;0;3
heli запчасти на вилочный погрузчик;14;19;вилочный;запчасти и сервис;0;4
погрузчик вилочный nissan;14;268;вилочный;прочее;0;11
toyota вилочный погрузчик 62 8fd30;14;33;вилочный;прочее;0;3
погрузчик вилочный комацу бу купить;14;20;вилочный;коммерческий;0;12
запчасти для погрузчиков вилочных komatsu;14;20;вилочный;запчасти и сервис;0;2
автопогрузчик hangcha;14;477;вилочный;прочее;0;3
ярославль водитель автопогрузчика;14;16;вилочный;прочее;0;2
погрузчик вилочный 5т;14;293;вилочный;прочее;0;6
вилочный погрузчик тюмень;14;130;вилочный;прочее;1;9
хелли погрузчик вилочный;14;172;вилочный;прочее;0;9
автопогрузчик с вилочным захватом;14;191;вилочный;навесное;0;4
погрузчик вилочный 1 8;14;98;вилочный;прочее;0;1
вилочный погрузчик производство россия;14;36;вилочный;прочее;0;14
автопогрузчик вилочный 5 тонн;14;37;вилочный;прочее;0;5
аккумулятор на вилочный погрузчик;14;169;вилочный;запчасти и сервис;0;9
вилочный погрузчик 8 тонн;14;98;вилочный;прочее;0;6
погрузчик повышенной проходимости вилочный;14;71;вилочный;прочее;0;5
аренда погрузчик дизельный вилочный;14;64;вилочный;аренда;0;13
документы на вилочный погрузчик;14;115;вилочный;прочее;0;5
вилочные погрузчики китайские дизельные;14;54;вилочный;прочее;0;9
погрузчик вилочный мини купить;14;51;вилочный;коммерческий;0;10
крыша на погрузчик вилочный;14;54;вилочный;прочее;0;2
погрузчик вилочный код окоф;14;32;вилочный;прочее;0;6
тормозные колодки на вилочный погрузчик;14;85;вилочный;прочее;0;3
лобовое стекло на вилочный погрузчик;14;75;вилочный;прочее;0;3
договор купли продажи вилочного погрузчика;14;51;вилочный;прочее;0;2
захват крюковой для вилочного погрузчика;14;37;вилочный;навесное;0;3
электрический погрузчик вилочный б у;14;49;вилочный;коммерческий;0;4
ковш на вилочный погрузчик купить;14;26;вилочный;навесное;0;4
нижний новгород купить вилочный погрузчик;14;84;вилочный;коммерческий;0;10
купить погрузчик в челябинске вилочный;14;53;вилочный;коммерческий;1;7
купить погрузчик в самаре вилочный;14;62;вилочный;коммерческий;0;15
электрическая схема погрузчика вилочного погрузчика;14;122;вилочный;прочее;0;1
вилочный погрузчик чза 40912 01 характеристики;14;19;вилочный;характеристики;0;1
ремонт вилочных погрузчиков ростов на дону;14;15;вилочный;запчасти и сервис;0;1
погрузчик вилочный амортизационная группа основных средств;14;14;вилочный;прочее;0;2
электрический вилочный погрузчик код тн вэд;14;21;вилочный;импорт;0;2
отвал на вилочный погрузчик для уборки снега;14;27;вилочный;прочее;0;6
какие документы нужны для управления вилочным погрузчиком;14;22;вилочный;прочее;0;4
электротележка линда;14;36;электротележка;прочее;0;5
рохля инструмент;14;218;рохля;прочее;0;3
тор рохли;14;267;рохля;прочее;0;4
водитель ричтрак;14;2653;ричтрак;прочее;0;2
рохля грузовая;14;154;рохля;прочее;0;4
рохля петрович;14;43;рохля;прочее;0;1
окоф электроштабелер;14;59;штабелёр;прочее;0;4
большой штабелер;14;251;штабелёр;прочее;0;3
штабелер cddk20;14;239;штабелёр;прочее;0;1
аккумулятор для рохли;14;132;рохля;запчасти и сервис;0;2
рохля цена новая;14;108;рохля;коммерческий;0;3
штабелер для рулонов;14;90;штабелёр;прочее;0;2
камера на ричтрак;14;80;ричтрак;прочее;0;2
принцип работы рохли;14;72;рохля;прочее;0;4
рохля на прокат;14;57;рохля;аренда;0;2
цилиндр для рохли;14;37;рохля;прочее;0;1
штабелер om cn14;14;26;штабелёр;прочее;0;1
люлька для штабелера;14;25;штабелёр;прочее;0;3
кронштейн колеса штабелера;14;22;штабелёр;прочее;0;1
ширина рохли стандартная;14;19;рохля;прочее;0;3
упш штабелер фото;14;14;штабелёр;прочее;0;1
рохля высокоподъемная гидравлическая;14;19;рохля;прочее;0;4
гидравлическая тележка lema;14;166;рохля;прочее;0;7
рохля oxlift 2500;14;29;рохля;прочее;0;1
низкопрофильная гидравлическая рохля;14;44;рохля;прочее;0;2
купить весы рохля;14;292;рохля;коммерческий;0;5
jungheinrich гидравлическая тележка;14;89;рохля;прочее;0;4
вилочный ручной штабелер;14;55;штабелёр;прочее;0;6
рохля 2 5 тонны;14;224;рохля;прочее;0;4
погрузчик ручной гидравлический штабелер;14;46;штабелёр;прочее;0;4
зарядное устройство для электроштабелера;14;44;штабелёр;прочее;0;4
рохля на резиновых колесах;14;41;рохля;прочее;0;2
рохля с длинными вилами;14;41;рохля;прочее;0;2
колесо для рохли малое;14;26;рохля;прочее;0;2
робот штабелер для склада;14;24;штабелёр;прочее;0;1
рохля гидравлическая как пользоваться;14;23;рохля;прочее;0;2
ричтрак купить в спб;14;17;ричтрак;коммерческий;0;3
тор рохля официальный сайт;14;14;рохля;прочее;0;1
слабосильный рохля 6 букв;14;14;рохля;прочее;0;1
тележка гидравлическая 2 5т;14;211;рохля;прочее;0;2
тор тележка гидравлическая складская;14;21;рохля;прочее;0;2
ударение рохля или рохля;14;18;рохля;прочее;0;2
тележка гидравлическая 5 тонн;14;91;рохля;прочее;0;3
ручной штабелер в аренду;14;46;штабелёр;аренда;0;5
что означает рохля слово;14;32;рохля;запчасти и сервис;0;6
купить бу штабелер электрический;14;38;штабелёр;коммерческий;0;9
электро рохля как называется;14;30;рохля;прочее;0;2
запчасти для гидравлических рохли;14;170;рохля;запчасти и сервис;0;3
водитель штабелера водитель ричтрака;14;198;штабелёр;прочее;0;1
как снять колесо с рохли;14;67;рохля;прочее;0;4
сколько масла заливать в рохлю;14;65;рохля;прочее;0;2
купить рохлю гидравлическую с весами;14;59;рохля;коммерческий;0;2
рохля гидравлическая почему так называется;14;28;рохля;прочее;0;1
водитель штабелера что это такое;14;24;штабелёр;запчасти и сервис;0;3
купить электро рохлю в москве;14;15;рохля;коммерческий;0;4
ричтрак это погрузчик или штабелер;14;14;штабелёр;запчасти и сервис;0;1
тележка гидравлическая код тн вэд;14;39;рохля;импорт;0;5
гидравлическая тележка tor jc 2000;14;33;рохля;прочее;0;4
электро рохля с подъемным механизмом цена;14;83;рохля;коммерческий;0;2
сколько стоит рохля гидравлическая 2 тонны;14;14;рохля;прочее;0;1
купить в спб тележка гидравлическая рохля;14;21;рохля;коммерческий;0;5
купить рохлю в ростове на дону цены;14;14;рохля;коммерческий;0;1
jac cpcd20;13;106;вилочный;прочее;0;2
chl cpcd15;13;82;вилочный;прочее;0;1
вилочный электропогрузчик heli cpd15;13;30;вилочный;прочее;0;1
heli cpcd30 каталог запчастей;13;13;вилочный;запчасти и сервис;0;2
вилочный погрузчик liugong cpcd35;13;47;вилочный;прочее;0;5
погрузчик вилочный jac cpcd35;13;54;вилочный;прочее;0;3
вилочный погрузчик heli cpcd50 технические характеристики;13;17;вилочный;характеристики;0;2
вилочный погрузчик жак;13;103;вилочный;прочее;0;6
погрузчик вилочный lonking lg30dt;13;51;вилочный;прочее;0;2
вилочный погрузчик linde;13;187;вилочный;прочее;0;9
mitsubishi вилочный погрузчик;13;268;вилочный;прочее;0;9
вилочный погрузчик linde h30d;13;27;вилочный;прочее;0;2
купить вилочный погрузчик тойота;13;217;вилочный;коммерческий;0;17
вилочный погрузчик львовский купить;13;67;вилочный;коммерческий;0;10
вилочный погрузчик балканкар бу купить;13;21;вилочный;коммерческий;0;13
вилочный погрузчик dwg;13;39;вилочный;прочее;0;3
старый вилочный погрузчик;13;118;вилочный;прочее;0;10
погрузчик вилочный geka;13;107;вилочный;прочее;0;4
погрузчики вилочные москва;13;921;вилочный;прочее;0;10
шины для вилочного погрузчика;13;535;вилочный;запчасти и сервис;0;3
ролик мачты вилочного погрузчика;13;120;вилочный;прочее;0;2
автопогрузчик и электропогрузчик отличия;13;15;вилочный;прочее;0;1
тойота автопогрузчик 62 8fd15;13;23;вилочный;прочее;0;2
водитель на вилочный погрузчик;13;597;вилочный;прочее;0;2
водитель вилочного погрузчика еткс;13;22;вилочный;прочее;0;6
резина на погрузчик вилочный;13;204;вилочный;прочее;0;3
вилочный автопогрузчик geka d50;13;23;вилочный;прочее;0;2
куплю вилочный погрузчик бу;13;1084;вилочный;прочее;0;12
стекло на вилочный погрузчик;13;220;вилочный;прочее;0;2
погрузчик вилочный авито пермь;13;19;вилочный;запчасти и сервис;1;7
купить вилочный боковой погрузчик;13;22;вилочный;коммерческий;0;7
ширина погрузчика вилочного погрузчика;13;136;вилочный;прочее;0;1
смазка для цепей вилочных погрузчиков;13;124;вилочный;прочее;0;1
ширина проезда для вилочного погрузчика;13;14;вилочный;прочее;0;1
погрузчик вилочный купить цена бу;13;25;вилочный;коммерческий;0;15
сиденье для вилочного погрузчика купить;13;21;вилочный;коммерческий;0;2
продать вилочный погрузчик б у;13;33;вилочный;коммерческий;0;3
шипованная резина на вилочный погрузчик;13;13;вилочный;прочее;0;2
вилочный погрузчик в ростове купить;13;75;вилочный;коммерческий;0;8
погрузчик вилочный купить в крыму;13;22;вилочный;коммерческий;0;6
электрический погрузчик вилочный бу купить;13;26;вилочный;коммерческий;0;15
отвал для погрузчика вилочного снегоуборочный;13;29;вилочный;прочее;0;3
как называется вилочный погрузчик правильно;13;29;вилочный;прочее;0;4
электрический погрузчик вилочный в аренду;13;28;вилочный;аренда;0;4
купить погрузчик в екатеринбурге бу вилочный;13;15;вилочный;коммерческий;1;12
погрузчик вилочный срок полезного использования по классификатору;13;13;вилочный;прочее;0;1
продам рохлю;13;117;рохля;прочее;0;6
штабелер юнгхайнрих;13;101;штабелёр;прочее;0;4
штабелер пролифт;13;70;штабелёр;прочее;0;1
электроштабелер linde;13;65;штабелёр;прочее;0;4
ракуда рохли;13;63;рохля;прочее;0;1
штабелер вездеход;13;18;штабелёр;прочее;0;1
рохля новая;13;386;рохля;прочее;0;2
сарапул электротележки;13;18;электротележка;прочее;0;4
кара штабелер;13;98;штабелёр;прочее;0;3
штабелер китайский;13;118;штабелёр;прочее;0;4
рохля prolift;13;161;рохля;прочее;0;3
что рохля;13;3803;рохля;запчасти и сервис;0;3
узкие рохли;13;128;рохля;прочее;0;2
высотный ричтрак;13;193;ричтрак;прочее;0;2
lema электроштабелер;13;65;штабелёр;прочее;0;3
весы на рохлю;13;173;рохля;прочее;0;2
ручка для рохли;13;91;рохля;прочее;0;2
пружина для рохли;13;78;рохля;прочее;0;4
рохля 8 букв;13;81;рохля;прочее;0;2
рохля для бочек;13;67;рохля;прочее;0;2
электрический штабелер это;13;57;штабелёр;прочее;0;2
кран штабелер фото;13;53;штабелёр;прочее;0;8
сколько стоит ричтрак;13;51;ричтрак;прочее;0;2
гидроборт с рохлей;13;35;рохля;прочее;0;1
ричтрак 12 метров;13;30;ричтрак;прочее;0;1
японская самоходная тележка;13;29;электротележка;прочее;0;3
мини штабелер ручной;13;27;штабелёр;прочее;0;5
электроштабелер 2 тонны;13;27;штабелёр;прочее;0;2
подъемник тележка гидравлическая;13;103;рохля;прочее;0;7
аренда электропогрузчика вилочного;13;23;вилочный;аренда;0;8
на склад штабелер;13;519;штабелёр;прочее;0;8
тележка гидравлическая тор;13;97;рохля;прочее;0;4
тележка рохля фото;13;30;рохля;прочее;0;6
штабелер и рохля;13;76;рохля;прочее;0;9
tor 2500 рохля;13;61;рохля;прочее;0;2
тележка гидравлическая широковильная;13;63;рохля;прочее;0;3
гидравлическая тележка unilift;13;33;рохля;прочее;0;4
вахта штабелера водитель;13;79;штабелёр;прочее;0;4
новокузнецк рохля купить;13;23;рохля;коммерческий;0;3
гидравлическая тележка oxlift;13;566;рохля;прочее;0;2
тойота вилочный электропогрузчик;13;35;вилочный;прочее;0;7
ричтрак bt reflex;13;37;ричтрак;прочее;0;2
мини гидравлическая тележка;13;26;рохля;прочее;0;4
гидравлическая ножничная рохля;13;79;рохля;прочее;0;3
ms 1516 штабелер;13;21;штабелёр;прочее;0;1
тележка гидравлическая 2000 мм;13;440;рохля;прочее;0;1
рохля на 2 тонны;13;69;рохля;прочее;0;1
ремонт штабелера ручного гидравлического;13;36;штабелёр;запчасти и сервис;0;10
самоходная тележка с электродвигателем;13;28;электротележка;запчасти и сервис;0;1
какой вес поднимает рохля;13;24;рохля;выбор;0;1
рохля 2000 кг цена;13;17;рохля;коммерческий;0;1
ремонт рохли в челябинске;13;14;рохля;запчасти и сервис;1;2
рохля из нержавеющей стали;13;14;рохля;прочее;0;2
рохля с электроприводом купить;13;13;рохля;коммерческий;0;1
как называется гидравлическая тележка;13;33;рохля;прочее;0;3
рохля гидравлическая плохо поднимает;13;19;рохля;прочее;0;1
штабелер электрический с платформой;13;133;штабелёр;прочее;0;2
купить рохля в твери;13;22;рохля;коммерческий;0;9
купить рохля в пензе;13;43;рохля;коммерческий;0;9
не поднимается рохля почему;13;16;рохля;прочее;0;3
электротележка для дачи купить;13;17;электротележка;коммерческий;0;4
jungheinrich запчасти для рохли;13;14;рохля;запчасти и сервис;0;2
вилочный электропогрузчик 5 тонн;13;24;вилочный;прочее;0;5
рохля гидравлическая 2 5 тонн;13;96;рохля;прочее;0;3
рохля гидравлическая купить в краснодаре;13;30;рохля;коммерческий;0;2
рохля и растяпа 4 буквы;13;14;рохля;прочее;0;2
электро штабелеры для склада цена;13;13;штабелёр;коммерческий;0;1
какие права нужны на штабелер;13;68;штабелёр;прочее;0;6
рохля бу купить в спб;13;30;рохля;коммерческий;0;13
самоходный электрический штабелер амортизационная группа;13;17;штабелёр;прочее;0;5
купить в краснодаре рохлю гидравлическую;13;40;рохля;коммерческий;0;3
чем ричтрак отличается от погрузчика;13;26;ричтрак;прочее;0;4
тележка рохля гидравлическая с весами;13;87;рохля;прочее;0;7
гидравлический ручной штабелер в аренду;13;27;штабелёр;аренда;0;5
бу штабелер бу купить ручной;13;41;штабелёр;коммерческий;0;1
гидравлическая тележка рохля 1500 кг;13;23;рохля;прочее;0;2
когда и кто придумал рохлю;13;17;рохля;запчасти и сервис;0;1
акб 24 вольта для штабелера;13;16;штабелёр;прочее;0;1
тележка штабелер гидравлическая с ручным подъемом;13;16;штабелёр;прочее;0;1
рохля с подъемом на 1 метр;13;15;рохля;прочее;0;1
рохля почему так называется гидравлическая тележка;13;13;рохля;прочее;0;2
устройство рохли гидравлической схема и ремонт;13;13;рохля;запчасти и сервис;0;1
тележка гидравлическая это инвентарь или оборудование;13;16;рохля;запчасти и сервис;0;3
ручная гидравлическая тележка ok 25 115;13;25;рохля;прочее;0;1
как называется рохля с подъемником на высоту;13;13;рохля;прочее;0;1
тележка гидравлическая для паллет thb 2500 2 5т;13;17;рохля;прочее;0;1
тележка гидравлическая 2500 кг 1150 мм tor rhp полиуретановые колеса;13;105;рохля;прочее;0;1
heli cpcd70;12;130;вилочный;прочее;0;2
tfn cpcd30 ag2;12;56;вилочный;прочее;0;1
погрузчик jac cpcd35;12;114;вилочный;прочее;0;3
heli cpcd15 технические характеристики;12;30;вилочный;характеристики;0;1
heli cpcd30 технические характеристики;12;14;вилочный;характеристики;0;2
характеристики вилочный погрузчик heli cpcd30;12;13;вилочный;характеристики;0;3
ep вилочный погрузчик;12;226;вилочный;прочее;0;7
noblelift погрузчик вилочный;12;100;вилочный;прочее;0;3
вилочный погрузчик lonking lg50dt;12;25;вилочный;прочее;0;2
запчасти на вилочный погрузчик балканкар;12;53;вилочный;запчасти и сервис;0;3
погрузчик вилочный komatsu fd15t 21;12;24;вилочный;прочее;0;2
сколько весит погрузчик вилочный львовский;12;16;вилочный;прочее;0;6
вилочным погрузчиком;12;95584;вилочный;прочее;0;1
автопогрузчик 4045м;12;24;вилочный;прочее;0;4
аренда автопогрузчика;12;211;вилочный;аренда;0;8
вилочный погрузчик челябинск;12;509;вилочный;прочее;1;8
автопогрузчик 5 тонн;12;189;вилочный;прочее;0;5
вилочный погрузчик hyundai;12;299;вилочный;прочее;0;13
обслуживание погрузчика вилочного;12;356;вилочный;запчасти и сервис;0;7
марки вилочных погрузчиков;12;209;вилочный;прочее;0;4
российские вилочные погрузчики;12;127;вилочный;прочее;0;6
ап 4045 автопогрузчик;12;32;вилочный;прочее;0;3
еткс водитель автопогрузчика;12;16;вилочный;прочее;0;2
китайские вилочные погрузчики;12;596;вилочный;прочее;0;12
погрузчик вилочный рохля;12;65;рохля;прочее;0;4
погрузчик вилочный учеба;12;70;вилочный;прочее;0;4
погрузчик вилочный куплю;12;8914;вилочный;прочее;0;8
вилочный погрузчик колесный;12;219;вилочный;прочее;0;6
вилы для вилочного погрузчика;12;318;вилочный;запчасти и сервис;0;3
колеса для вилочного погрузчика;12;245;вилочный;прочее;0;4
запчасти вилочный погрузчик купить;12;200;вилочный;запчасти и сервис;0;5
каретка для вилочного погрузчика;12;98;вилочный;запчасти и сервис;0;1
вилочный погрузчик из китая;12;55;вилочный;прочее;0;6
ремонт вилочных погрузчиков москва;12;43;вилочный;запчасти и сервис;0;1
вилочный погрузчик штиль дизель;12;26;вилочный;прочее;0;2
снегоуборщик на вилочный погрузчик;12;13;вилочный;прочее;0;2
радиатор на вилочный погрузчик;12;145;вилочный;прочее;0;4
вилочный погрузчик 15 тонн;12;50;вилочный;прочее;0;6
toyota 32 8fg15 автопогрузчик;12;28;вилочный;прочее;0;4
сколько поднимает вилочный погрузчик;12;50;вилочный;прочее;0;2
вилочный погрузчик 3т дизель;12;57;вилочный;прочее;0;2
вилочный погрузчик с кабиной;12;185;вилочный;прочее;0;5
вилочный погрузчик 3т купить;12;89;вилочный;коммерческий;0;6
вилочный погрузчик 3 т;12;214;вилочный;прочее;0;4
вилы погрузчика вилочного погрузчика;12;835;вилочный;запчасти и сервис;0;1
вилочный погрузчик коматсу 15;12;62;вилочный;прочее;0;2
китайский вилочный погрузчик электрический;12;27;вилочный;прочее;0;2
погрузчик вилочный ярославль купить;12;33;вилочный;коммерческий;0;6
аренда вилочного погрузчика в москве;12;137;вилочный;аренда;0;17
купить вилочный погрузчик в белгороде;12;33;вилочный;коммерческий;0;6
чза погрузчик вилочный 40912 01;12;58;вилочный;прочее;0;2
купить ротатор на вилочный погрузчик;12;12;вилочный;навесное;0;2
вилочный погрузчик кара бу купить;12;15;вилочный;коммерческий;0;5
вилочный погрузчик с водителем в аренду;12;74;вилочный;аренда;0;3
погрузчик электрический вилочный купить в москве;12;21;вилочный;коммерческий;0;7
аренда вилочного погрузчика в нижнем новгороде;12;12;вилочный;аренда;1;12
вилочный погрузчик купить в санкт петербурге;12;73;вилочный;коммерческий;0;5
погрузчик вилочный 3т б у купить;12;12;вилочный;коммерческий;0;12
купить вилочный погрузчик в приморском крае;12;25;вилочный;коммерческий;0;2
нужно ли ставить на учет вилочный погрузчик;12;26;вилочный;документы;0;4
купить погрузчик вилочный бу в свердловской области;12;12;вилочный;коммерческий;1;4
захват для бочек 200 литров на вилочный погрузчик;12;16;вилочный;навесное;0;1
при перемещении погрузчиками с вилочными захватами груз приподнимается от пола;12;50;вилочный;навесное;0;1
каковы требования безопасности при перемещении грузов погрузчиками с вилочными захватами;12;12;вилочный;навесное;0;1
управление электротележкой;12;235;электротележка;прочее;0;5
штабелер 1535;12;135;штабелёр;прочее;0;1
рохля 3т;12;122;рохля;прочее;0;2
то рохли;12;118;рохля;запчасти и сервис;0;1
продать рохлю;12;117;рохля;прочее;0;4
штабелер лема;12;85;штабелёр;прочее;0;5
обслуживание электроштабелера;12;83;штабелёр;запчасти и сервис;0;2
штабелер электрогидравлический;12;42;штабелёр;прочее;0;4
ричтрак hangcha;12;114;ричтрак;прочее;0;1
электротележка мулинет;12;15;электротележка;прочее;0;2
ep штабелер;12;215;штабелёр;прочее;0;4
рохля владимир;12;96;рохля;прочее;0;2
самозагружающийся штабелер;12;15;штабелёр;прочее;0;1
большая рохля;12;249;рохля;прочее;0;2
штабелер линда;12;122;штабелёр;прочее;0;12
рохля кран;12;74;рохля;прочее;0;2
электротележка still;12;22;электротележка;прочее;0;4
штабелер мобильный;12;34;штабелёр;прочее;0;3
рохля подкатная;12;43;рохля;прочее;0;1
складской ричтрак;12;89;ричтрак;прочее;0;1
как работать рохлей;12;223;рохля;прочее;0;3
подшипник для рохли;12;179;рохля;запчасти и сервис;0;3
ролики для штабелера;12;155;штабелёр;прочее;0;3
штабелер 1 тонна;12;146;штабелёр;прочее;0;1
грузчики с рохлей;12;112;рохля;прочее;0;3
ремкомплект на рохлю;12;82;рохля;прочее;0;2
как опустить рохлю;12;55;рохля;прочее;0;1
рохля в барнауле;12;57;рохля;прочее;0;2
ремонт электро рохли;12;26;рохля;запчасти и сервис;0;4
цепь для рохли;12;24;рохля;запчасти и сервис;0;1
рохля с краном;12;25;рохля;прочее;0;2
ручной штабелер ms1516;12;18;штабелёр;прочее;0;2
как работает штабелер;12;130;штабелёр;прочее;0;2
электроштабелер код окоф;12;24;штабелёр;прочее;0;3
рохля jungheinrich цена;12;15;рохля;коммерческий;0;5
гидравлическая тележка jc20;12;110;рохля;прочее;0;4
ет 2012 электротележка;12;42;электротележка;прочее;0;3
аренда штабелер электрический;12;62;штабелёр;аренда;0;5
гидравлическая рохля бу;12;274;рохля;прочее;0;3
купить новую рохлю;12;99;рохля;коммерческий;0;2
электрическая рохля большая;12;25;рохля;прочее;0;1
электро рохли цена;12;165;рохля;коммерческий;0;5
как пишется рохля;12;63;рохля;прочее;0;4
водитель штабелера пушкино;12;46;штабелёр;прочее;0;2
бу самоходная тележка;12;55;электротележка;коммерческий;0;7
ет 2013 электротележка;12;34;электротележка;прочее;0;5
штабелер самоподъемный купить;12;14;штабелёр;коммерческий;0;3
еп 011 электротележка;12;44;электротележка;прочее;0;3
штабелеры адванта м;12;19;штабелёр;прочее;0;4
тележка гидравлическая такелажная;12;21;рохля;прочее;0;5
рохля купить в челябинске;12;138;рохля;коммерческий;1;11
рохля инструкция по эксплуатации;12;54;рохля;прочее;0;6
ричтрак jungheinrich etv 320;12;33;ричтрак;прочее;0;3
запчасти для самоходных штабелеров;12;28;штабелёр;запчасти и сервис;0;1
отучиться на штабелер погрузчик;12;27;штабелёр;прочее;0;1
ричстакер sany srsc45h1 характеристики;12;16;ричтрак;характеристики;0;1
штабелер с боковой загрузкой;12;14;штабелёр;прочее;0;2
штабелер и ричтрак отличия;12;61;штабелёр;прочее;0;5
как собрать новую рохлю;12;18;рохля;прочее;0;1
тележка самоходная pte15n noblelift;12;40;электротележка;прочее;0;3
колесо на рохлю переднее;12;45;рохля;прочее;0;1
jungheinrich ричтрак etv 214;12;52;ричтрак;прочее;0;2
масло гидравлическое для штабелера;12;39;штабелёр;запчасти и сервис;0;6
ричтрак что это погрузчик;12;20;ричтрак;запчасти и сервис;0;3
гидравлическая тележка 2000 кг;12;705;рохля;прочее;0;3
рохля 2 тонны гидравлическая;12;316;рохля;прочее;0;3
для чего нужен штабелер;12;50;штабелёр;прочее;0;2
как называется самоходная тележка;12;35;электротележка;прочее;0;3
купить электроштабелер в новосибирске;12;12;штабелёр;коммерческий;0;2
подвилочная тяга для рохли;12;20;рохля;прочее;0;2
кальмар ричстакер характеристики технические;12;19;ричтрак;характеристики;0;5
штабелер электрический самоходный с платформой;12;95;штабелёр;прочее;0;2
как заливать масло в рохлю;12;96;рохля;запчасти и сервис;0;2
электротележка для перевозки грузов четырехколесная;12;82;электротележка;прочее;0;1
гидравлическая тележка с весами купить;12;94;рохля;коммерческий;0;4
садовая самоходная тележка greenworks 7400007;12;29;электротележка;прочее;0;2
рохля 2 5 тонны купить;12;99;рохля;коммерческий;0;7
гидравлическая рохля с весами купить;12;41;рохля;коммерческий;0;2
какие колеса лучше для рохли;12;14;рохля;выбор;0;3
купить гидравлическую рохлю в красноярске;12;17;рохля;коммерческий;0;1
гидравлическая тележка длина вил 800 мм;12;29;рохля;прочее;0;2
аренда рохли в ростове на дону;12;20;рохля;аренда;0;1
штабелер это транспортное средство или оборудование;12;24;штабелёр;запчасти и сервис;0;2
как снять задние колеса на рохле;12;15;рохля;прочее;0;1
как правильно рохля или рокла пишется;12;12;рохля;прочее;0;7
гидравлическая тележка рохля купить б у;12;16;рохля;коммерческий;0;3
ручной гидравлический штабелер купить в москве;12;14;штабелёр;коммерческий;0;8
hangcha cpcd20;11;140;вилочный;прочее;0;2
cpcd15 hangcha;11;241;вилочный;прочее;0;2
cpcd30 фильтр воздушный;11;37;вилочный;запчасти и сервис;0;2
вилочный погрузчик chl cpcd30;11;35;вилочный;прочее;0;1
jac cpcd35 каталог запчастей;11;11;вилочный;запчасти и сервис;0;2
вилочные погрузчики хангча;11;77;вилочный;прочее;0;4
вилочный погрузчик lonking fd20t;11;19;вилочный;прочее;0;1
погрузчик вилочный lonking fd15t;11;26;вилочный;прочее;0;2
лонкинг 3 тонны вилочный погрузчик;11;32;вилочный;прочее;0;3
запчасти вилочные погрузчики toyota;11;66;вилочный;запчасти и сервис;0;7
doosan вилочный погрузчик запчасти;11;25;вилочный;запчасти и сервис;0;11
купить вилочный погрузчик тойота бу;11;17;вилочный;коммерческий;0;11
вилочный погрузчик львовский 5т характеристики;11;12;вилочный;характеристики;0;4
автопогрузчик yale;11;110;вилочный;прочее;0;4
вилочный погрузчик aurora;11;302;вилочный;прочее;0;2
автопогрузчик что это;11;47;вилочный;запчасти и сервис;0;5
шантуй вилочный погрузчик;11;41;вилочный;прочее;0;7
вилочный погрузчик лизинг;11;148;вилочный;коммерческий;0;6
масса вилочного погрузчика;11;151;вилочный;прочее;0;6
цепь для вилочного погрузчика;11;206;вилочный;запчасти и сервис;0;2
корзина для вилочного погрузчика;11;99;вилочный;прочее;0;3
гбо на вилочный погрузчик;11;72;вилочный;прочее;0;1
насадка на вилочный погрузчик;11;51;вилочный;прочее;0;4
вилочный погрузчик лонг кинг;11;32;вилочный;прочее;0;7
аренда вилочного погрузчика ярославль;11;18;вилочный;аренда;0;12
купить вилочный погрузчик тула;11;13;вилочный;коммерческий;0;2
вилочный погрузчик для склада;11;176;вилочный;прочее;0;7
купить автопогрузчик вилочный цена;11;13;вилочный;коммерческий;0;4
погрузчик вилочный 20 тонн;11;48;вилочный;прочее;0;3
купить внедорожный вилочный погрузчик;11;30;вилочный;коммерческий;0;6
диск для погрузчика вилочного;11;108;вилочный;прочее;0;5
погрузчик 4 тонны вилочный;11;67;вилочный;прочее;0;6
вилочные погрузчики русский масштаб;11;11;вилочный;прочее;0;5
замена масла на вилочном погрузчике;11;50;вилочный;прочее;0;1
аренда вилочного погрузчика в мурманске;11;31;вилочный;аренда;0;4
купить вилочный погрузчик в барнауле;11;21;вилочный;коммерческий;0;7
замена роликов мачты вилочного погрузчика;11;20;вилочный;прочее;0;1
кабина для вилочного погрузчика купить;11;18;вилочный;коммерческий;0;2
аренда вилочного погрузчика во владимире;11;15;вилочный;аренда;0;8
вилочный погрузчик с поворотными вилами;11;13;вилочный;прочее;0;2
захват рулонный для вилочного погрузчика;11;22;вилочный;навесное;0;2
вилочный погрузчик нужно ли регистрировать;11;30;вилочный;прочее;0;3
срок полезного использования вилочного погрузчика;11;78;вилочный;прочее;0;6
погрузчик электрический вилочный 3 тонны;11;75;вилочный;прочее;0;4
погрузчик вилочный купить в тюмени;11;26;вилочный;коммерческий;1;7
люлька для погрузчика вилочного погрузчика;11;111;вилочный;прочее;0;1
замена колодок на погрузчике вилочном;11;73;вилочный;прочее;0;1
путевой лист погрузчика вилочного погрузчика;11;64;вилочный;прочее;0;1
самый большой вилочный погрузчик в мире;11;11;вилочный;прочее;0;4
сколько весит вилочный погрузчик грузоподъемностью 3 тонны;11;16;вилочный;характеристики;0;1
какие документы нужны для работы на вилочном погрузчике;11;13;вилочный;прочее;0;3
каким приспособлением должны быть оснащены автомашины и автопогрузчики при работе с опасными грузами;11;15;вилочный;запчасти и сервис;0;1
штабелер 1016;11;466;штабелёр;прочее;0;2
авто электротележка;11;53;электротележка;запчасти и сервис;0;2
электроштабелер тор;11;30;штабелёр;прочее;0;4
ричтрак хели;11;21;ричтрак;прочее;0;2
штабелер дешево;11;21;штабелёр;коммерческий;0;6
электроподъемник рохля;11;19;рохля;прочее;0;1
ричстакер сани;11;99;ричтрак;прочее;0;2
самодельная рохля;11;62;рохля;прочее;0;4
электротележка кара;11;31;электротележка;прочее;0;3
вездеходный штабелер;11;23;штабелёр;прочее;0;2
рохля tisel;11;87;рохля;прочее;0;4
кара рохля;11;56;рохля;прочее;0;3
ноблелифт штабелер;11;61;штабелёр;прочее;0;4
рохли механические;11;351;рохля;прочее;0;2
адванта штабелер;11;39;штабелёр;прочее;0;1
штабелер хелли;11;25;штабелёр;прочее;0;2
гост рохля;11;38;рохля;прочее;0;3
электротележка linde;11;24;электротележка;прочее;0;4
рохля вертикальная;11;30;рохля;прочее;0;3
вездеходная рохля;11;22;рохля;прочее;0;2
складная рохля;11;39;рохля;прочее;0;4
стоячая рохля;11;24;рохля;прочее;0;1
штабелер складной;11;37;штабелёр;прочее;0;2
штабелер с кабиной;11;217;штабелёр;прочее;0;2
ричтрак высота подъема;11;113;ричтрак;характеристики;0;1
как выглядит штабелер;11;105;штабелёр;прочее;0;4
рохля по другому;11;83;рохля;прочее;0;1
штабелер 3 тонны;11;84;штабелёр;прочее;0;2
рохля на аккумуляторе;11;82;рохля;запчасти и сервис;0;3
аренда рохли спб;11;65;рохля;аренда;0;6
штабелер noblelift ps16n;11;63;штабелёр;прочее;0;2
рохля ас 25;11;62;рохля;прочее;0;2
ремкомплект гидроузла рохли;11;63;рохля;прочее;0;1
мотор колесо штабелера;11;30;штабелёр;прочее;0;3
аренда штабелера екатеринбург;11;23;штабелёр;аренда;1;8
hand stacker штабелер;11;21;штабелёр;прочее;0;2
рохля по английски;11;18;рохля;прочее;0;3
размеры рохли ручной;11;18;рохля;характеристики;0;5
рохля jungheinrich 2200кг;11;17;рохля;прочее;0;1
штабелер или штабеллер;11;12;штабелёр;прочее;0;2
тележка грузовая рохля;11;74;рохля;прочее;0;8
штабелер гидравлический краснодар;11;31;штабелёр;прочее;0;2
гидравлическая тележка ас30;11;30;рохля;прочее;0;2
ремонт рохли красноярск;11;16;рохля;запчасти и сервис;0;3
еткс оператор штабелера;11;17;штабелёр;прочее;0;2
купить штабелер спб;11;151;штабелёр;коммерческий;0;4
электро рохля xilin;11;28;рохля;прочее;0;1
pfaff гидравлическая тележка;11;102;рохля;прочее;0;7
тележка гидравлическая jhpt2000;11;125;рохля;прочее;0;2
тележка гидравлическая короткая;11;60;рохля;прочее;0;3
etv 214 ричтрак;11;106;ричтрак;прочее;0;2
воронеж рохли аренда;11;21;рохля;аренда;0;6
аккумуляторная гидравлическая тележка;11;27;рохля;запчасти и сервис;0;3
запчасти для штабелера гидравлического;11;65;штабелёр;запчасти и сервис;0;2
рохля купить в тольятти;11;59;рохля;коммерческий;0;7
замена подшипников на рохле;11;36;рохля;запчасти и сервис;0;2
рохля купить в калининграде;11;28;рохля;коммерческий;0;11
рохля купить в омске;11;26;рохля;коммерческий;0;9
сколько весит гидравлическая тележка;11;25;рохля;прочее;0;4
sdf 1016 ручной штабелер;11;24;штабелёр;прочее;0;3
замена масла в штабелере;11;24;штабелёр;прочее;0;2
штабелер для неровных поверхностей;11;21;штабелёр;прочее;0;2
sdf 1030 ручной штабелер;11;17;штабелёр;прочее;0;4
маленькая рохля для машины;11;14;рохля;запчасти и сервис;0;1
откуда название рохля произошло;11;11;рохля;прочее;0;5
тележка гидравлическая tisel t20;11;48;рохля;прочее;0;4
рохля это на складе;11;27;рохля;запчасти и сервис;0;3
гидравлическая тележка 3000 кг;11;511;рохля;прочее;0;2
мини штабелер электрический купить;11;15;штабелёр;коммерческий;0;1
штабелер ручной с лебедкой;11;33;штабелёр;прочее;0;4
тележка самоходная для лестницы;11;21;электротележка;прочее;0;3
штабелер электрический аренда тюмень;11;16;штабелёр;аренда;1;1
тележка гидравлическая для автосервиса;11;12;рохля;прочее;0;2
гидравлическая тележка tisel t25;11;42;рохля;прочее;0;7
тележка гидравлическая рохля размеры;11;26;рохля;характеристики;0;5
каталог запчастей тележка гидравлическая;11;21;рохля;запчасти и сервис;0;3
гидравлический штабелер ручной авито;11;42;штабелёр;прочее;0;5
штабелер купить в нижнем новгороде;11;52;штабелёр;коммерческий;1;3
самоходный штабелер какая амортизационная группа;11;26;штабелёр;прочее;0;2
почему гидравлическую тележку называют рохля;11;16;рохля;прочее;0;1
как заменить ролики на рохле;11;14;рохля;прочее;0;1
рохля высокая с подъемным механизмом;11;14;рохля;прочее;0;1
как управлять рохлей простые движения;11;13;рохля;прочее;0;1
как разобрать рохлю для транспортировки;11;12;рохля;прочее;0;1
аккумулятор на штабелер электрический цена;11;12;штабелёр;запчасти и сервис;0;1
купить рохля с подъемным механизмом;11;123;рохля;коммерческий;0;3
как заменить масло в рохле;11;16;рохля;запчасти и сервис;0;2
гидравлическая рохля купить в новосибирске;11;72;рохля;коммерческий;0;2
тележка гидравлическая с высоким подъемом;11;16;рохля;прочее;0;2
гидравлическая тележка тгр2 5 195;11;13;рохля;прочее;0;3
тележка гидравлическая грузоподъемностью 2 5 т;11;35;рохля;характеристики;0;4
штабелер срок полезного использования по классификатору;11;28;штабелёр;прочее;0;1
ремонт рохли в спб с выездом;11;11;рохля;запчасти и сервис;0;3
гидравлическая тележка с весами noblelift hpt20s;11;35;рохля;прочее;0;2
гидравлическая тележка окоф и амортизационная группа;11;15;рохля;прочее;0;2
купить штабелер ручной гидравлический в новосибирске;11;13;штабелёр;коммерческий;0;9
штабелер купить в ростове на дону;11;26;штабелёр;коммерческий;0;5
рохля гидравлическая купить в ростове на дону;11;19;рохля;коммерческий;0;2
перегрузчики для обслуживания стеллажных автоматических кранов штабелеров;11;14;штабелёр;запчасти и сервис;0;1
штабелер ручной гидравлический купить в нижнем новгороде;11;11;штабелёр;коммерческий;1;6
самоходная тележка oxlift cbd20j li3 2000 кг li ion;11;49;электротележка;прочее;0;1
тележка гидравлическая 5000 кг 1150 мм tor rhp полиуретановые колеса;11;11;рохля;прочее;0;1
самоходный штабелер для бездорожья ax 1516rt oxlift 1600 мм 1500 кг;11;21;штабелёр;прочее;0;1
cpcd20;10;921;вилочный;прочее;0;1
heli cpcd35 технические характеристики;10;11;вилочный;характеристики;0;2
каталог запчастей heli cpcd15;10;11;вилочный;запчасти и сервис;0;4
вилочный погрузчик cpcd15 jac;10;44;вилочный;прочее;0;2
maximal вилочный погрузчик;10;101;вилочный;прочее;0;8
электрический погрузчик ep cpd18f8;10;15;вилочный;прочее;0;1
погрузчик вилочный 5 тонн jac;10;23;вилочный;прочее;0;4
погрузчик вилочный jac 3 тонны;10;21;вилочный;прочее;0;4
львовский вилочный погрузчик 5т;10;32;вилочный;прочее;0;6
погрузчик вилочный амкодор 451а;10;60;вилочный;прочее;0;6
вилочный электрический погрузчик jungheinrich;10;22;вилочный;прочее;0;6
погрузчик вилочный jungheinrich dfg 320;10;30;вилочный;прочее;0;2
купить вилочный погрузчик львовский бу на авито;10;11;вилочный;коммерческий;0;14
автопогрузчик toyota;10;375;вилочный;прочее;0;6
машинист автопогрузчика;10;164;вилочный;прочее;0;6
тойота автопогрузчик;10;366;вилочный;прочее;0;6
виды вилочных погрузчиков;10;322;вилочный;прочее;0;4
вилочный погрузчик штабелер;10;169;штабелёр;прочее;0;10
схема вилочного погрузчика;10;686;вилочный;прочее;0;9
вилочные погрузчики воронеж;10;511;вилочный;прочее;0;11
погрузчик твэкс вилочный;10;179;вилочный;прочее;0;10
погрузчик вилочный 5;10;3042;вилочный;прочее;0;2
погрузчик вилочный daewoo;10;114;вилочный;прочее;0;11
амортизационная группа автопогрузчик;10;120;вилочный;прочее;0;7
автопогрузчик вилочный окоф;10;61;вилочный;прочее;0;6
погрузчик вилочный shantui;10;74;вилочный;прочее;0;9
вилочный погрузчик трехопорный;10;48;вилочный;прочее;0;5
вилочный погрузчик японский;10;116;вилочный;прочее;0;7
погрузчик телескоп вилочный;10;24;вилочный;прочее;0;2
технические характеристики вилочного погрузчика;10;265;вилочный;характеристики;0;9
рулевой цилиндр вилочного погрузчика;10;80;вилочный;прочее;0;1
чехол для вилочного погрузчика;10;29;вилочный;прочее;0;1
купить вилочный погрузчик хендай;10;24;вилочный;коммерческий;0;9
водитель погрузчика вилочного елизавет;10;10;вилочный;прочее;0;1
погрузчик вилочный как выглядит;10;100;вилочный;прочее;0;4
погрузчик вилочный санкт петербург;10;163;вилочный;прочее;0;7
вилочный погрузчик рычаги управления;10;61;вилочный;прочее;0;3
погрузчик вилочный полный привод;10;42;вилочный;прочее;0;3
вилочный погрузчик что это;10;129;вилочный;запчасти и сервис;0;5
вилочный погрузчик 1 тонна;10;282;вилочный;прочее;0;8
погрузчик вилочный 3д модель;10;25;вилочный;прочее;0;5
погрузчик 6 тонн вилочный;10;62;вилочный;прочее;0;4
то погрузчиков вилочных погрузчиков;10;416;вилочный;запчасти и сервис;0;1
вилочный погрузчик нужны ли права;10;136;вилочный;прочее;0;2
размеры вилочного погрузчика 3 тонны;10;23;вилочный;характеристики;0;4
правила работы на вилочном погрузчике;10;22;вилочный;прочее;0;3
аренда вилочного погрузчика в уфе;10;19;вилочный;аренда;1;7
акт приема передачи вилочного погрузчика;10;17;вилочный;прочее;0;1
аренда вилочного погрузчика в туле;10;16;вилочный;аренда;0;8
контейнер опрокидывающийся для вилочного погрузчика;10;12;вилочный;прочее;0;2
сталкиватель груза для вилочных погрузчиков;10;10;вилочный;прочее;0;1
вилочный погрузчик купить в минске;10;44;вилочный;коммерческий;0;7
код окз водитель вилочного погрузчика;10;11;вилочный;прочее;0;2
стрела крановая на вилочный погрузчик;10;11;вилочный;прочее;0;2
аренда вилочного погрузчика санкт петербург;10;53;вилочный;аренда;0;10
налог на вилочный погрузчик транспортный;10;56;вилочный;прочее;0;3
цепи противоскольжения на погрузчик вилочный;10;24;вилочный;прочее;0;4
купить бу вилочный погрузчик дизельный;10;53;вилочный;коммерческий;0;28
погрузчик вилочный купить бу красноярск;10;15;вилочный;коммерческий;0;6
вилочный погрузчик в уфе купить;10;20;вилочный;коммерческий;1;8
стекло для погрузчика вилочного погрузчика;10;55;вилочный;прочее;0;1
шины для вилочного погрузчика 28х9 15;10;20;вилочный;запчасти и сервис;0;1
каретка бокового смещения для вилочного погрузчика;10;16;вилочный;запчасти и сервис;0;1
срок службы автопогрузчика для начисления амортизации;10;14;вилочный;прочее;0;1
вилочный погрузчик дизельный 3 5 тонны;10;27;вилочный;прочее;0;5
дизельный вилочный погрузчик код тн вэд;10;12;вилочный;импорт;0;3
купить бу ковш на вилочный погрузчик;10;12;вилочный;навесное;0;3
как работать на погрузчике вилочном погрузчике;10;72;вилочный;прочее;0;1
как управлять карой погрузчиком вилочным погрузчиком;10;32;вилочный;прочее;0;1
погрузчик вилочный ручной гидравлический с поднимающимися вилами;10;10;вилочный;прочее;0;1
купить вилочный погрузчик бу в москве и московской области;10;66;вилочный;коммерческий;0;16
чем должны быть оборудованы автопогрузчики с механической системой подъема груза;10;14;вилочный;прочее;0;1
штабелер тойота;10;167;штабелёр;прочее;0;4
ричтрак юнгхайнрих;10;65;ричтрак;прочее;0;2
гидротележка рохля;10;15;рохля;прочее;0;2
ричтрак китайский;10;39;ричтрак;прочее;0;2
штабелер уличный;10;35;штабелёр;прочее;0;3
немецкий штабелер;10;43;штабелёр;прочее;0;2
ричтрак noblelift;10;168;ричтрак;прочее;0;2
штабелер smart;10;165;штабелёр;прочее;0;4
складная электротележка;10;29;электротележка;прочее;0;2
электротележка макита;10;14;электротележка;прочее;0;1
рыба рохля;10;17;рохля;прочее;0;2
штабелер компактный;10;64;штабелёр;прочее;0;4
электроштабелер электрический;10;159;штабелёр;прочее;0;2
автоматические рохли;10;96;рохля;прочее;0;2
lema ричтрак;10;46;ричтрак;прочее;0;2
rocla ричтрак;10;29;ричтрак;прочее;0;2
сколько стоят рохли;10;1088;рохля;прочее;0;2
штабелеры 2000 кг;10;277;штабелёр;прочее;0;2
электроштабелер 4 квт;10;246;штабелёр;прочее;0;2
подшипник на рохлю;10;121;рохля;запчасти и сервис;0;5
аккумулятор для электроштабелера;10;119;штабелёр;запчасти и сервис;0;5
контейнерный перегружатель ричстакер;10;103;ричтрак;прочее;0;2
аренда рохли москва;10;94;рохля;аренда;0;6
электротележка на складе;10;82;электротележка;прочее;0;3
рохля для дома;10;74;рохля;прочее;0;2
рохля гидравлическая 2т;10;54;рохля;прочее;0;1
гидроузел на рохлю;10;52;рохля;прочее;0;1
какие бывают рохли;10;52;рохля;прочее;0;1
как пользоваться штабелером;10;38;штабелёр;прочее;0;2
купить рохлю омск;10;36;рохля;коммерческий;0;3
как отрегулировать рохлю;10;33;рохля;прочее;0;1
роббиш рохли содри;10;31;рохля;прочее;0;1
гидравлическая тележка челябинск;10;28;рохля;прочее;1;2
штабелер ms 1016;10;28;штабелёр;прочее;0;1
контроллер для электротележки;10;28;электротележка;прочее;0;1
гидравлические штабелеры челябинск;10;23;штабелёр;прочее;1;1
ремонт штабелеров москва;10;22;штабелёр;запчасти и сервис;0;3
рохля в магните;10;21;рохля;прочее;0;1
рохля человек значение;10;20;рохля;прочее;0;1
гидроцилиндр для рохли;10;17;рохля;запчасти и сервис;0;1
электротележка для сада;10;17;электротележка;прочее;0;2
регулировка рохли гидравлической;10;15;рохля;прочее;0;2
рохля цена воронеж;10;14;рохля;коммерческий;0;2
штабелер ручной tor;10;168;штабелёр;прочее;0;3
запчасти на штабелер;10;119;штабелёр;запчасти и сервис;0;4
купить самоходную рохлю;10;61;рохля;коммерческий;0;1
рохля купить саратов;10;55;рохля;коммерческий;0;6
водитель погрузчика штабелера;10;462;штабелёр;прочее;0;4
узковильная гидравлическая тележка;10;104;рохля;прочее;0;3
штабелер бу продам;10;12;штабелёр;коммерческий;0;4
тележка самоходная тс350;10;27;электротележка;прочее;0;4
б у штабелер;10;291;штабелёр;коммерческий;0;5
купить ричстакер kalmar;10;13;ричтрак;коммерческий;0;4
екатеринбург рохля купить;10;260;рохля;коммерческий;1;11
челябинск купить рохля;10;156;рохля;коммерческий;1;8
самоходный аккумуляторный штабелер;10;36;штабелёр;запчасти и сервис;0;6
авито штабелер самоходный;10;37;штабелёр;запчасти и сервис;0;3
тележка гидравлическая удлиненная;10;70;рохля;прочее;0;3
б у ричтрак;10;50;ричтрак;коммерческий;0;2
тележка гидравлическая rocla;10;62;рохля;прочее;0;7
тележка самоходная это;10;73;электротележка;прочее;0;4
электротележка грузовая платформенная;10;14;электротележка;прочее;0;1
залить масло в рохлю;10;343;рохля;запчасти и сервис;0;2
рохля гидравлическая купить новосибирск;10;87;рохля;коммерческий;0;1
штабелер с ручным приводом;10;80;штабелёр;прочее;0;2
рохля гидравлическая 1 тонна;10;70;рохля;прочее;0;2
ричтрак отличие от штабелера;10;46;штабелёр;прочее;0;7
сколько стоит новая рохля;10;45;рохля;прочее;0;3
штабелер jungheinrich ejc 212;10;38;штабелёр;прочее;0;1
штабелер электрический с кабиной;10;32;штабелёр;прочее;0;1
из рохли в принца;10;29;рохля;прочее;0;1
колеса для рохли 200х50;10;25;рохля;прочее;0;1
штабелер тор официальный сайт;10;22;штабелёр;прочее;0;4
штабелер окоф амортизационная группа;10;19;штабелёр;прочее;0;1
ms 1016 ручной штабелер;10;16;штабелёр;прочее;0;2
рохля в аренду пермь;10;15;рохля;аренда;1;2
ручной штабелер noblelift sfh1016;10;12;штабелёр;прочее;0;1
запчасти для штабелеров спб;10;12;штабелёр;запчасти и сервис;0;1
как выглядит ричтрак фото;10;12;ричтрак;прочее;0;1
тележка гидравлическая рохля вес;10;25;рохля;прочее;0;4
сколько стоит ручная рохля;10;17;рохля;прочее;0;6
рохля гидравлическая 5 тонн;10;196;рохля;прочее;0;2
купить ролики на рохлю;10;29;рохля;коммерческий;0;5
рохли ремонт в самаре;10;11;рохля;запчасти и сервис;0;5
масло в рохлю какое;10;311;рохля;запчасти и сервис;0;5
рохля все инструменты купить;10;32;рохля;коммерческий;0;3
штабелер ручной гидравлический вес;10;32;штабелёр;прочее;0;5
гидроузел для рохли купить;10;83;рохля;коммерческий;0;2
тележка гидравлическая для бездорожья;10;39;рохля;прочее;0;3
grost тележка гидравлическая 2500;10;15;рохля;прочее;0;4
купить рохля в брянске;10;18;рохля;коммерческий;0;10
сколько весит рохля электрическая;10;30;рохля;прочее;0;1
штабелеры jac официальный сайт;10;10;штабелёр;прочее;0;3
колесо на штабелер ведущее;10;71;штабелёр;прочее;0;3
df 25 тележка гидравлическая;10;60;рохля;прочее;0;4
гидравлический рохля подъемник передвижной;10;10;рохля;прочее;0;2
рохля купить в нижнем новгороде;10;131;рохля;коммерческий;1;10
купить рохлю гидравлическую в воронеже;10;66;рохля;коммерческий;0;3
штабелер высота подъема 6 метров;10;38;штабелёр;характеристики;0;1
рохля в аренду в екатеринбурге;10;33;рохля;аренда;1;2
из рохли в принца фильм;10;24;рохля;прочее;0;1
гидравлическая тележка с короткими вилами;10;15;рохля;прочее;0;1
купить рохлю бу в хабаровске;10;11;рохля;коммерческий;0;3
эл рохля с подъемным механизмом;10;10;рохля;прочее;0;1
как снять ручку на рохле;10;10;рохля;прочее;0;2
штабелер бу купить на авито;10;24;штабелёр;коммерческий;0;5
какое масло лить в рохлю;10;21;рохля;запчасти и сервис;0;1
значение слова рохля о человеке;10;10;рохля;прочее;0;3
гидравлическая тележка ок 25 115;10;15;рохля;прочее;0;5
гидравлическая тележка tor df 2500;10;34;рохля;прочее;0;3
купить гидравлический ручной штабелер волгоград;10;10;штабелёр;коммерческий;0;1
как работать с рохлей на складе;10;26;рохля;прочее;0;1
электрическая рохля с подъемным механизмом фото;10;13;рохля;прочее;0;3
купить рохлю с весами в симферополе;10;10;рохля;коммерческий;0;1
ручной гидравлический штабелер купить в самаре;10;10;штабелёр;коммерческий;0;3
как правильно писать рохля или рокла;10;10;рохля;прочее;0;3
тележка гидравлическая рохля купить в новосибирске;10;32;рохля;коммерческий;0;5
залить масло в рохлю как правильно;10;69;рохля;запчасти и сервис;0;4
тележка гидравлическая с весами tisel tw20;10;12;рохля;прочее;0;2
рохля весы купить в ростове на дону;10;14;рохля;коммерческий;0;1
рохля гидравлическая с подъемным механизмом на 2 метра;10;22;рохля;прочее;0;1
1001602 тележка гидравлическая tor rhp bf 2500 1150х550 мм полиуретановые колеса;10;10;рохля;прочее;0;4
ac 25 гидравлическая тележка 2500кг 1150х550мм полиур колесо двойные полиуретан ролики цвет красный;10;10;рохля;прочее;0;1
chl cpcd50;9;103;вилочный;прочее;0;1
heli cpd25;9;86;вилочный;прочее;0;2
dalian cpcd30;9;66;вилочный;прочее;0;2
hangcha cpcd35;9;302;вилочный;прочее;0;1
hangcha cpcd35 xrw55f;9;40;вилочный;прочее;0;1
chl cpcd30 m1k2c;9;15;вилочный;прочее;0;1
cpcd вилочный погрузчик;9;436;вилочный;прочее;0;3
jac cpcd15 технические характеристики;9;10;вилочный;характеристики;0;2
погрузчик вилочный liugong cpcd50;9;23;вилочный;прочее;0;3
погрузчик вилочный heli cpcd25;9;61;вилочный;прочее;0;2
погрузчик вилочный hangcha cpcd;9;24;вилочный;прочее;0;1
штабелер самоходный xilin;9;346;штабелёр;прочее;0;5
вилочный погрузчик максимал;9;79;вилочный;прочее;0;6
вилочный погрузчик lonking lg35dt;9;16;вилочный;прочее;0;2
запчасти на вилочный погрузчик jac;9;17;вилочный;запчасти и сервис;0;4
вилочный погрузчик тойота 15;9;53;вилочный;прочее;0;3
вилочный погрузчик komatsu fd25t 17;9;34;вилочный;прочее;0;4
запчасти для вилочного погрузчика балканкар;9;33;вилочный;запчасти и сервис;0;1
запчасти на вилочный погрузчик komatsu;9;18;вилочный;запчасти и сервис;0;5
стартер на вилочный погрузчик балканкар;9;15;вилочный;прочее;0;1
вилочный погрузчик тойота 5 тонн;9;46;вилочный;прочее;0;6
львовский погрузчик вилочный 5 тонн;9;31;вилочный;прочее;0;11
jac автопогрузчик;9;483;вилочный;прочее;0;6
электрический автопогрузчик;9;151;вилочный;прочее;0;2
автопогрузчика работа;9;2250;вилочный;прочее;0;11
автопогрузчик 4046;9;9;вилочный;прочее;0;1
автопогрузчик коматсу;9;217;вилочный;прочее;0;5
плакаты автопогрузчик;9;14;вилочный;прочее;0;4
гидроцилиндр вилочного погрузчика;9;194;вилочный;запчасти и сервис;0;6
техосмотр вилочного погрузчика;9;71;вилочный;прочее;0;1
автопогрузчик dalian cpcd30db;9;28;вилочный;прочее;0;1
погрузчик вилочный гусеничный;9;28;вилочный;прочее;0;8
как выглядит автопогрузчик;9;30;вилочный;прочее;0;3
окслифт погрузчик вилочный;9;25;вилочный;прочее;0;3
автопогрузчик ап 4014;9;23;вилочный;прочее;0;3
как оприходовать автопогрузчик;9;11;вилочный;прочее;0;1
погрузчик вилочный кларк;9;50;вилочный;прочее;0;8
вилочный дизельный автопогрузчик;9;208;вилочный;прочее;0;11
вилочный погрузчик тфн;9;68;вилочный;прочее;0;8
погрузчик вилочный kalmar;9;66;вилочный;прочее;0;9
вилочный погрузчик навесной;9;257;вилочный;навесное;0;12
погрузчик вилочный заказать;9;80;вилочный;коммерческий;0;7
зик погрузчик вилочный;9;39;вилочный;прочее;0;6
погрузчик вилочный вездеходный;9;22;вилочный;прочее;0;7
погрузчик с вилочным захватом;9;252;вилочный;навесное;0;2
покрышки на вилочный погрузчик;9;67;вилочный;прочее;0;3
срок службы вилочного погрузчика;9;47;вилочный;прочее;0;4
размеры вил вилочного погрузчика;9;38;вилочный;характеристики;0;11
как перевезти вилочный погрузчик;9;26;вилочный;прочее;0;2
кресло для вилочного погрузчика;9;21;вилочный;прочее;0;2
грузовичок лева вилочный погрузчик;9;14;вилочный;прочее;0;1
toyota автопогрузчик 62 8fd25;9;29;вилочный;прочее;0;3
вилочный погрузчик из японии;9;28;вилочный;прочее;0;5
погрузчик купить вилочный японский;9;32;вилочный;коммерческий;0;8
на мтз вилочный погрузчик;9;107;вилочный;прочее;0;5
водитель вилочного погрузчика ижевск;9;37;вилочный;прочее;1;2
код окз водитель автопогрузчика;9;43;вилочный;прочее;0;2
погрузчик вилочный крым купить;9;26;вилочный;коммерческий;0;5
погрузчик вилочный газ 52;9;56;вилочный;прочее;0;4
вилочный погрузчик 3 5;9;302;вилочный;прочее;0;1
вилочные погрузчики электрические цена;9;65;вилочный;коммерческий;0;7
марки погрузчиков вилочных погрузчиков;9;209;вилочный;прочее;0;1
вилочный погрузчик вилочный штабелер;9;169;штабелёр;прочее;0;1
вилочный погрузчик волжский погрузчик;9;116;вилочный;прочее;0;2
geka d35 автопогрузчик вилочный;9;23;вилочный;прочее;0;1
вилочный погрузчик 1 5 тонны;9;208;вилочный;прочее;0;10
купить шины на вилочный погрузчик;9;91;вилочный;запчасти и сервис;0;5
лобовое стекло для вилочного погрузчика;9;28;вилочный;прочее;0;1
высота вилочного погрузчика 3 тонны;9;27;вилочный;прочее;0;2
путевой лист для вилочного погрузчика;9;21;вилочный;прочее;0;3
рулонный захват на вилочный погрузчик;9;19;вилочный;навесное;0;2
цельнолитая резина для вилочного погрузчика;9;19;вилочный;прочее;0;1
габариты вилочного погрузчика 3 тонны;9;14;вилочный;характеристики;0;5
аренда вилочного погрузчика в череповце;9;9;вилочный;аренда;0;2
вилочный погрузчик какие права нужны;9;487;вилочный;прочее;0;5
смазка для цепи погрузчиков вилочных;9;98;вилочный;прочее;0;2
сдать в аренду вилочный погрузчик;9;21;вилочный;аренда;0;5
постановка вилочного погрузчика на учет;9;90;вилочный;документы;0;5
электрический вилочный погрузчик 5 тонн;9;51;вилочный;прочее;0;5
купить вилочный погрузчик во владивостоке;9;22;вилочный;коммерческий;0;9
вилочный погрузчик на запчасти купить;9;82;вилочный;запчасти и сервис;0;9
вилы для вилочного погрузчика купить;9;33;вилочный;запчасти и сервис;0;2
должностные обязанности водителя погрузчика вилочного;9;9;вилочный;прочее;0;2
купить погрузчик вилочный 2 тонны;9;72;вилочный;коммерческий;0;6
аренда погрузчика в подольске вилочного;9;10;вилочный;аренда;0;9
авито тверь купить вилочный погрузчик;9;9;вилочный;запчасти и сервис;0;1
тсм погрузчик вилочный дизельный 3 тонны;9;11;вилочный;прочее;0;1
захват для шин на вилочный погрузчик;9;9;вилочный;навесное;0;1
как снять противовес с вилочного погрузчика;9;9;вилочный;характеристики;0;1
документы на погрузчик вилочный какие нужны;9;48;вилочный;прочее;0;4
вилочный погрузчик вп 05 технические характеристики;9;12;вилочный;характеристики;0;6
купить дизельный вилочный погрузчик б у;9;18;вилочный;коммерческий;0;15
инструкция по эксплуатации погрузчика вилочного погрузчика;9;119;вилочный;прочее;0;1
ковш для вилочного погрузчика для уборки снега;9;18;вилочный;навесное;0;3
зачем на вилочном погрузчике две педали тормоза;9;12;вилочный;прочее;0;2
рейтинг вилочных погрузчиков по надежности и качеству;9;9;вилочный;выбор;0;1
к какому виду транспорта относится вилочный погрузчик;9;10;вилочный;прочее;0;3
погрузчик вилочный б у купить в беларуси;9;10;вилочный;коммерческий;0;4
устройство электротележки;9;124;электротележка;прочее;0;5
клапан штабелера;9;112;штабелёр;прочее;0;1
сборка рохли;9;106;рохля;прочее;0;2
электроштабелер штиль;9;40;штабелёр;прочее;0;3
ричстакер феррари;9;36;ричтрак;прочее;0;2
электроштабелер авито;9;34;штабелёр;прочее;0;3
топ рохли;9;24;рохля;прочее;0;3
разборка штабелеров;9;22;штабелёр;прочее;0;3
пневмо рохля;9;17;рохля;прочее;0;3
мульти рохля;9;12;рохля;прочее;0;3
рохли бай;9;9;рохля;прочее;0;1
обслуживание рохли;9;99;рохля;запчасти и сервис;0;4
электроштабелер noblelift;9;90;штабелёр;прочее;0;2
рохля тойота;9;47;рохля;прочее;0;3
электротележка штиль;9;36;электротележка;прочее;0;3
рохли маленькие;9;274;рохля;прочее;0;2
штабелер zowell;9;114;штабелёр;прочее;0;4
вес ричтрак;9;82;ричтрак;характеристики;0;2
электротележка самодельная;9;26;электротележка;прочее;0;5
штабелер рич;9;26;штабелёр;прочее;0;1
бензиновая рохля;9;14;рохля;прочее;0;2
hyster штабелер;9;107;штабелёр;прочее;0;5
рохля желтая;9;59;рохля;прочее;0;1
ричтрак дизельный;9;32;ричтрак;прочее;0;2
бамбула штабелер;9;35;штабелёр;прочее;0;3
боковой ричтрак;9;90;ричтрак;прочее;0;2
такелажная рохля;9;28;рохля;прочее;0;1
komatsu электроштабелеры;9;17;штабелёр;прочее;0;4
ричтрак для склада;9;340;ричтрак;прочее;0;2
вилы для штабелера;9;132;штабелёр;запчасти и сервис;0;3
рохля гидравлическая авито;9;104;рохля;прочее;0;2
запчасти для электротележек;9;89;электротележка;запчасти и сервис;0;1
самоходный штабелер это;9;89;штабелёр;прочее;0;5
электрическая тележка рохля;9;82;рохля;прочее;0;3
рохля гидравлическая воронеж;9;75;рохля;прочее;0;1
учиться на штабелера;9;76;штабелёр;прочее;0;3
ось ручки рохли;9;63;рохля;прочее;0;2
как работает ричтрак;9;53;ричтрак;прочее;0;1
колесики на рохлю;9;50;рохля;прочее;0;2
штабелер noblelift pse12b;9;49;штабелёр;прочее;0;1
клапан гидроузла рохли;9;48;рохля;прочее;0;1
редуктор для штабелера;9;44;штабелёр;запчасти и сервис;0;2
электротележка эк 202б;9;40;электротележка;прочее;0;3
рохля гидравлическая удлиненная;9;35;рохля;прочее;0;1
как настроить рохлю;9;33;рохля;прочее;0;2
учеба на штабелер;9;34;штабелёр;прочее;0;3
штабелер sdr 1536;9;31;штабелёр;прочее;0;2
сколько стоит электротележка;9;30;электротележка;прочее;0;2
штабелер jungheinrich аккумулятор;9;28;штабелёр;запчасти и сервис;0;2
цепочка для рохли;9;18;рохля;прочее;0;1
рохля с мотором;9;17;рохля;прочее;0;1
водитель электроштабелера еткс;9;16;штабелёр;прочее;0;2
стоимость электро рохли;9;14;рохля;коммерческий;0;5
рохля 2500кг цена;9;14;рохля;коммерческий;0;3
кто изобрел рохлю;9;13;рохля;запчасти и сервис;0;3
электроштабелер цена новосибирск;9;10;штабелёр;коммерческий;0;1
боковой штабелер тойота;9;9;штабелёр;прочее;0;1
тележка гидравлическая 3т;9;126;рохля;прочее;0;2
рохля ручная купить;9;57;рохля;коммерческий;0;7
гидравлическая тележка 800мм;9;55;рохля;прочее;0;2
стандартная рохля размеры;9;35;рохля;характеристики;0;8
электрическая рохля heli;9;27;рохля;прочее;0;1
купить электрические штабелеры;9;1399;штабелёр;коммерческий;0;4
рохля купить барнаул;9;55;рохля;коммерческий;0;6
электро гидравлическая рохля;9;30;рохля;прочее;0;3
электропогрузчик ep cpd18f8;9;27;вилочный;прочее;0;1
стандартная длина рохли;9;21;рохля;прочее;0;3
рохля цена бу;9;19;рохля;коммерческий;0;9
окоф электрический штабелер;9;81;штабелёр;прочее;0;5
как работает электроштабелер;9;33;штабелёр;прочее;0;2
штабелер высотный это;9;30;штабелёр;прочее;0;4
тележка самоходная окоф;9;54;электротележка;прочее;0;4
штабелер jungheinrich купить;9;41;штабелёр;коммерческий;0;7
вес штабелер ручной;9;32;штабелёр;характеристики;0;6
тележка гидравлическая запчасти;9;339;рохля;запчасти и сервис;0;6
тележка гидравлическая tisel;9;230;рохля;прочее;0;4
авито тележка гидравлическая;9;49;рохля;запчасти и сервис;0;4
lema штабелер купить;9;43;штабелёр;коммерческий;0;5
амортизационная группа штабелер;9;144;штабелёр;прочее;0;5
электро самоходный штабелер;9;88;штабелёр;прочее;0;5
макита самоходная тележка;9;19;электротележка;прочее;0;2
бу ричтрак купить;9;28;ричтрак;коммерческий;0;5
рохли бу продам;9;17;рохля;коммерческий;0;6
still рохля электрическая;9;14;рохля;прочее;0;2
штабелер нужны ли права;9;76;штабелёр;прочее;0;2
полиуретановые колеса для рохли;9;73;рохля;прочее;0;5
гидравлическая тележка для склада;9;54;рохля;прочее;0;4
штабелер до 4 квт;9;55;штабелёр;прочее;0;2
рохля цена новая 2500;9;43;рохля;коммерческий;0;1
ремонт гидравлической тележки рохля;9;36;рохля;запчасти и сервис;0;13
зарядное устройство для электротележки;9;36;электротележка;прочее;0;1
купить ручку для рохли;9;32;рохля;коммерческий;0;2
самоподъемный штабелер с электроподъемом;9;26;штабелёр;прочее;0;3
краны штабелеры электрические стеллажные;9;20;штабелёр;прочее;0;1
рохля во множественном числе;9;18;рохля;прочее;0;1
ричтрак bt rr m14;9;17;ричтрак;прочее;0;2
рохля купить в иваново;9;17;рохля;коммерческий;0;11
купить рохлю в чите;9;16;рохля;коммерческий;0;3
рохля грузоподъемность 1 тонна;9;16;рохля;характеристики;0;2
зарядка для электро рохли;9;15;рохля;прочее;0;1
рохля для бочек 200л;9;12;рохля;прочее;0;1
сколько стоит ручной штабелер;9;12;штабелёр;прочее;0;3
сколько кг поднимает рохля;9;12;рохля;прочее;0;3
виды штабелеров для склада;9;10;штабелёр;прочее;0;3
штабелер ручной электрический купить;9;10;штабелёр;коммерческий;0;6
аренда электроштабелера в москве;9;10;штабелёр;аренда;0;2
рохля склонение по падежам;9;10;рохля;прочее;0;2
гидравлическая тележка oxlift ox35;9;9;рохля;прочее;0;1
tor штабелеры официальный сайт;9;9;штабелёр;прочее;0;5
аренда штабелера в хабаровске;9;9;штабелёр;аренда;0;1
рохлю купить в рязани;9;26;рохля;коммерческий;0;8
схема рохли гидравлической устройство;9;23;рохля;прочее;0;3
купить электроштабелер в екатеринбурге;9;15;штабелёр;коммерческий;1;3
купить рохлю в екб;9;9;рохля;коммерческий;0;2
ручной штабелер гидравлический фото;9;14;штабелёр;прочее;0;9
как правильно собрать рохлю;9;13;рохля;прочее;0;2
кран штабелер мостовой фото;9;12;штабелёр;прочее;0;8
otto kurtbach гидравлическая тележка;9;46;рохля;прочее;0;4
тележка гидравлическая с электроприводом;9;42;рохля;прочее;0;2
узел гидравлический для рохли;9;17;рохля;прочее;0;2
купить рохля в липецке;9;17;рохля;коммерческий;0;8
самоходный электрический штабелер фото;9;12;штабелёр;прочее;0;3
купить рохля в ижевске;9;20;рохля;коммерческий;1;8
купить ручные гидравлические штабелеры;9;788;штабелёр;коммерческий;0;7
сколько весит гидравлическая рохля;9;98;рохля;прочее;0;5
тележки рохля гидравлические складские;9;40;рохля;прочее;0;5
тележка гидравлическая gt3000 grost;9;27;рохля;прочее;0;3
окпд 2 штабелер самоходный;9;16;штабелёр;прочее;0;2
запчасти электротележка эк 202;9;11;электротележка;запчасти и сервис;0;2
колеса резиновые для рохли;9;21;рохля;прочее;0;3
кара рохля подъемник рохля;9;12;рохля;прочее;0;1
yale mr14 ричтрак купить;9;9;ричтрак;коммерческий;0;2
штабелер самоходный tor ws15h 3000sc;9;88;штабелёр;прочее;0;1
рохля гидравлическая купить бу авито;9;43;рохля;коммерческий;0;6
чем отличается погрузчик от штабелера;9;33;штабелёр;выбор;0;5
зарядное устройство для вилочного электропогрузчика;9;27;вилочный;прочее;0;2
рохля 2 5 тонны цена;9;26;рохля;коммерческий;0;5
самоходная тележка на гусеничном ходу;9;26;электротележка;прочее;0;3
рохля для склада с подъемом;9;14;рохля;прочее;0;1
купить рохлю гидравлическую в перми;9;13;рохля;коммерческий;1;3
грузоперевозки с гидробортом и рохлей;9;11;рохля;прочее;0;1
преселектор высоты ричтрак что это;9;9;ричтрак;запчасти и сервис;0;1
рохля гидравлическая рейтинг лучших производителей;9;9;рохля;выбор;0;1
сколько стоит рохля б у;9;17;рохля;коммерческий;0;2
купить электрический штабелер в спб;9;22;штабелёр;коммерческий;0;4
штабелер ручной гидравлический что это;9;16;штабелёр;запчасти и сервис;0;3
гидравлическая тележка df 25 prolift;9;28;рохля;прочее;0;3
гидравлическая тележка klebier kl 25;9;9;рохля;прочее;0;2
гидравлический штабелер с электроподъемом купить;9;34;штабелёр;коммерческий;0;4
тележка гидравлическая рохля окпд 2;9;10;рохля;прочее;0;4
где купить рохлю в саранске;9;9;рохля;коммерческий;0;1
штабелер ручной гидравлический с раздвижными вилами;9;93;штабелёр;прочее;0;5
тележка гидравлическая tor rhp 5000 кг;9;40;рохля;прочее;0;1
рохля на больших колесах для бездорожья;9;23;рохля;прочее;0;1
ручная рохля с подъемом на высоту;9;13;рохля;прочее;0;1
водитель штабелера что это такое фото;9;9;штабелёр;запчасти и сервис;0;1
что делать если рохля не поднимает;9;12;рохля;запчасти и сервис;0;1
купить штабелер электрический бу на авито;9;11;штабелёр;коммерческий;0;2
почему не опускается рохля до конца;9;13;рохля;прочее;0;3
ролики для рохли купить в омске;9;9;рохля;коммерческий;0;2
как правильно говорить рохля или рохля;9;10;рохля;прочее;0;2
какое масло заливают в рохлю в гидравлику;9;13;рохля;запчасти и сервис;0;1
штабелер самоходный срок полезного использования по классификатору;9;9;штабелёр;прочее;0;1
купить штабелер ручной б у в спб;9;15;штабелёр;коммерческий;0;2
самоходная тележка oxlift f4 1500 кг li ion;9;42;электротележка;прочее;0;1
ручная гидравлическая тележка otto kurtbach ok 25 115;9;10;рохля;прочее;0;3
купить рохлю с весами купить рохлю с весами;9;215;рохля;коммерческий;0;1
гидравлическая тележка xilin г п 2000 кг db 1005717;9;11;рохля;прочее;0;2
тележка гидравлическая 2000 кг 1150 мм xilin db полиуретановые колеса;9;16;рохля;прочее;0;1
liugong cpcd25;8;84;вилочный;прочее;0;2
cpcd70;8;500;вилочный;прочее;0;1
hangcha cpd20;8;108;вилочный;прочее;0;1
cpd20 jac;8;106;вилочный;прочее;0;2
liugong cpcd50;8;52;вилочный;прочее;0;2
oxlift cpcd30;8;69;вилочный;прочее;0;1
автопогрузчик jac cpcd50;8;34;вилочный;прочее;0;3
cpcd35 ag2 tfn;8;16;вилочный;прочее;0;2
вилочный погрузчик chl cpcd35;8;54;вилочный;прочее;0;1
heli cpd15 технические характеристики;8;10;вилочный;характеристики;0;1
jac 25 погрузчик cpcd;8;23;вилочный;прочее;0;4
вилочный погрузчик heli cpcd35 характеристики;8;13;вилочный;характеристики;0;1
вилочный погрузчик heli cpcd15 характеристики;8;11;вилочный;характеристики;0;2
вилочный погрузчик lonking fd35t;8;22;вилочный;прочее;0;1
вилочный погрузчик ep equipment;8;38;вилочный;прочее;0;2
погрузчик вилочный 3 тонны heli;8;38;вилочный;прочее;0;2
дусан погрузчик вилочный купить;8;10;вилочный;коммерческий;0;6
купить запчасти на вилочный погрузчик балканкар;8;9;вилочный;запчасти и сервис;0;2
вилочных погрузчиков;8;95584;вилочный;прочее;0;1
оператор автопогрузчика;8;95;вилочный;прочее;0;4
комацу автопогрузчик;8;95;вилочный;прочее;0;4
dalian автопогрузчик;8;83;вилочный;прочее;0;4
автопогрузчик хендай;8;44;вилочный;прочее;0;4
автопогрузчик 4081;8;71;вилочный;прочее;0;4
автопогрузчик лиугонг;8;8;вилочный;прочее;0;1
автопогрузчик балканкар;8;75;вилочный;прочее;0;4
4045 автопогрузчик;8;84;вилочный;прочее;0;5
двигатель вилочного погрузчика;8;1701;вилочный;запчасти и сервис;0;6
то вилочного погрузчика;8;416;вилочный;запчасти и сервис;0;6
ступица вилочного погрузчика;8;168;вилочный;прочее;0;1
вилочные погрузчики брянск;8;76;вилочный;прочее;0;7
вилочный погрузчик хустер;8;44;вилочный;прочее;0;5
автопогрузчик jac cpcd18;8;37;вилочный;прочее;0;2
водитель автопогрузчика карщик;8;34;вилочный;прочее;0;2
автопогрузчик lonking fd15t;8;15;вилочный;прочее;0;1
вилочный погрузчик продажа;8;345;вилочный;коммерческий;0;19
советские вилочные погрузчики;8;147;вилочный;прочее;0;7
вилочный погрузчик ричтрак;8;136;ричтрак;прочее;0;2
bull вилочный погрузчик;8;50;вилочный;прочее;0;10
автопогрузчик вилочный фото;8;25;вилочный;прочее;0;10
разборка вилочных погрузчиков;8;57;вилочный;прочее;0;3
вилочный погрузчик самоходный;8;101;вилочный;прочее;0;7
вилочный погрузчик волжский;8;116;вилочный;прочее;0;9
водитель клаус автопогрузчика;8;9;вилочный;прочее;0;3
погрузчик вилочный белорусский;8;22;вилочный;прочее;0;5
вилочные погрузчики вертикаль;8;12;вилочный;прочее;0;4
типы вилочных автопогрузчиков;8;19;вилочный;прочее;0;1
двигатель для вилочного погрузчика;8;217;вилочный;запчасти и сервис;0;1
аккумулятор для вилочного погрузчика;8;176;вилочный;запчасти и сервис;0;3
камеры для вилочных погрузчиков;8;117;вилочный;прочее;0;2
аренда вилочного погрузчика стоимость;8;51;вилочный;аренда;0;10
коматсу 25 вилочный погрузчик;8;39;вилочный;прочее;0;3
опрокидыватель на вилочный погрузчик;8;37;вилочный;прочее;0;1
автопогрузчик komatsu fd30t 17;8;26;вилочный;прочее;0;3
остаточная грузоподъемность вилочного погрузчика;8;22;вилочный;характеристики;0;1
вилочный погрузчик 30 тонн;8;15;вилочный;прочее;0;2
тент для вилочного погрузчика;8;13;вилочный;прочее;0;2
органы управления вилочного погрузчика;8;81;вилочный;прочее;0;7
автопогрузчик срок полезного использования;8;59;вилочный;прочее;0;6
краснодар аренда вилочного погрузчика;8;37;вилочный;аренда;0;13
погрузчик вилочный длина вил;8;60;вилочный;прочее;0;4
омск аренда вилочного погрузчика;8;12;вилочный;аренда;0;10
аренда погрузчика челябинск вилочного;8;27;вилочный;аренда;1;14
профстандарт водитель вилочного погрузчика;8;9;вилочный;прочее;0;4
инструкция погрузчика вилочного погрузчика;8;394;вилочный;прочее;0;1
вилочный погрузчик как устроен;8;50;вилочный;прочее;0;4
вилочный погрузчик грузоподъемность 5 тонн;8;82;вилочный;характеристики;0;8
давление в колесах вилочного погрузчика;8;78;вилочный;прочее;0;3
срок полезного использования автопогрузчика вилочного;8;29;вилочный;прочее;0;3
тяговый аккумулятор для вилочного погрузчика;8;24;вилочный;запчасти и сервис;0;2
какие права нужны на автопогрузчик;8;23;вилочный;прочее;0;4
аккумулятор для вилочного погрузчика купить;8;22;вилочный;запчасти и сервис;0;2
стартер на вилочный погрузчик цена;8;16;вилочный;коммерческий;0;1
почему не заводится вилочный погрузчик;8;14;вилочный;прочее;0;1
продажа вилочных погрузчиков в москве;8;10;вилочный;коммерческий;0;2
контейнер самоопрокидывающийся под вилочный погрузчик;8;10;вилочный;прочее;0;1
договор купли продажи автопогрузчика образец;8;9;вилочный;прочее;0;3
сколько весит погрузчик вилочный 3т;8;8;вилочный;прочее;0;1
погрузчик вилочный в омске купить;8;24;вилочный;коммерческий;0;10
вилочный погрузчик купить в казани;8;21;вилочный;коммерческий;0;10
вилочный погрузчик hyundai 30df 7;8;16;вилочный;прочее;0;3
купить дизельный вилочный погрузчик новый;8;50;вилочный;коммерческий;0;5
погрузчик вилочный какая амортизационная группа;8;21;вилочный;прочее;0;2
погрузчик вилочный с большими колесами;8;13;вилочный;прочее;0;3
электрический вилочный погрузчик с кабиной;8;40;вилочный;прочее;0;1
аренда вилочного погрузчика в санкт петербурге;8;21;вилочный;аренда;0;10
договор купли продажи вилочного погрузчика образец;8;13;вилочный;прочее;0;2
что нужно чтобы управлять вилочным погрузчиком;8;10;вилочный;запчасти и сервис;0;2
штырь для рулонов на вилочный погрузчик;8;8;вилочный;прочее;0;2
автопогрузчик нужно ли ставить на учет;8;18;вилочный;документы;0;5
как научиться ездить на вилочном погрузчике;8;11;вилочный;прочее;0;1
постановка на учет вилочного погрузчика в ростехнадзоре;8;12;вилочный;документы;0;1
нужно ли регистрировать погрузчик в гостехнадзоре вилочный;8;9;вилочный;документы;0;2
вилочный автопогрузчик купить б у на авито;8;8;вилочный;коммерческий;0;3
какое масло заливать в гидравлику погрузчика вилочного;8;27;вилочный;запчасти и сервис;0;3
какое давление должно быть в шинах вилочного погрузчика;8;59;вилочный;прочее;0;1
вилочный погрузчик это транспортное средство или машины и оборудование;8;8;вилочный;запчасти и сервис;0;1
рохля 2500;8;812;рохля;прочее;0;2
управление штабелером;8;647;штабелёр;прочее;0;7
ричтрак права;8;598;ричтрак;прочее;0;2
высота рохли;8;512;рохля;прочее;0;2
мачта штабелера;8;422;штабелёр;запчасти и сервис;0;3
штабелер самара;8;255;штабелёр;прочее;0;4
штабелер волгоград;8;148;штабелёр;прочее;0;3
роботизированный штабелер;8;37;штабелёр;прочее;0;2
электроштабелер еткс;8;23;штабелёр;прочее;0;4
рохля обзывательство;8;8;рохля;прочее;0;1
уфа штабелер;8;105;штабелёр;прочее;1;4
рохля телега;8;48;рохля;прочее;0;6
рохля погрузочная;8;49;рохля;прочее;0;4
cdd10b штабелер;8;46;штабелёр;прочее;0;2
рохля фильм;8;39;рохля;прочее;0;3
штабелер вт;8;33;штабелёр;прочее;0;5
подъемник штабелер;8;145;штабелёр;прочее;0;6
виды ричтрак;8;62;ричтрак;прочее;0;2
ричтрак crown;8;31;ричтрак;прочее;0;2
ричстакер kalmar;8;97;ричтрак;прочее;0;2
стоячий штабелер;8;18;штабелёр;прочее;0;2
стол рохля;8;54;рохля;прочее;0;2
pfaff рохля;8;37;рохля;прочее;0;4
liugong ричстакер;8;21;ричтрак;прочее;0;1
рохля электрокар;8;18;рохля;прочее;0;4
высота подъема штабелера;8;1145;штабелёр;характеристики;0;4
рохля с подъемом;8;841;рохля;прочее;0;2
рохля 2 5;8;395;рохля;прочее;0;1
ричтрак на складе;8;172;ричтрак;прочее;0;1
рохля 2 метра;8;160;рохля;прочее;0;2
штабелер 3 метра;8;134;штабелёр;прочее;0;2
электротележка с платформой;8;113;электротележка;прочее;0;2
электроштабелер высота подъема;8;113;штабелёр;характеристики;0;1
штабелер 500 кг;8;108;штабелёр;прочее;0;2
штабелер 4 метра;8;88;штабелёр;прочее;0;1
масло для штабелера;8;83;штабелёр;запчасти и сервис;0;4
рохля для разгрузки;8;83;рохля;прочее;0;2
ремонт электрических штабелеров;8;68;штабелёр;запчасти и сервис;0;2
электропогрузчик cpd 20;8;54;вилочный;прочее;0;2
рохля 3 т;8;52;рохля;прочее;0;2
складской штабелер электрический;8;43;штабелёр;прочее;0;4
рохля киров купить;8;36;рохля;коммерческий;0;9
штабелер noblelift pse12n;8;33;штабелёр;прочее;0;1
самоходная тележка погрузчик;8;32;электротележка;прочее;0;1
сколько заряжается штабелер;8;31;штабелёр;прочее;0;1
самоходная тележка думпер;8;30;электротележка;прочее;0;3
рохля 80 см;8;28;рохля;прочее;0;1
электрическая рохля jungheinrich;8;27;рохля;прочее;0;4
аренда штабелера спб;8;24;штабелёр;аренда;0;6
ричтрак амортизационная группа;8;24;ричтрак;прочее;0;2
смазка для рохли;8;21;рохля;прочее;0;2
самоходная тележка ссср;8;20;электротележка;прочее;0;1
аппарель для рохли;8;19;рохля;прочее;0;1
гидравлика для рохли;8;19;рохля;прочее;0;1
ремонт гидравлики рохли;8;19;рохля;запчасти и сервис;0;6
оператор высотного штабелера;8;19;штабелёр;прочее;0;1
комплектующие для рохли;8;18;рохля;прочее;0;2
как управлять электроштабелером;8;17;штабелёр;прочее;0;3
рохля по бездорожью;8;17;рохля;прочее;0;1
рохля xilin 2500;8;16;рохля;прочее;0;1
штабелер с крюком;8;10;штабелёр;прочее;0;2
ричтрак toyota rre200;8;10;ричтрак;прочее;0;1
электрическая рохля линда;8;10;рохля;прочее;0;4
электротележка балканкар еп006;8;10;электротележка;прочее;0;1
электротележка для велосипеда;8;8;электротележка;прочее;0;1
тележка гидравлическая 2000кг;8;160;рохля;прочее;0;2
рохля высота подхвата;8;66;рохля;прочее;0;2
купить штабелер jac;8;51;штабелёр;коммерческий;0;4
ричтрак это погрузчик;8;48;ричтрак;запчасти и сервис;0;1
ручной штабелер размеры;8;43;штабелёр;характеристики;0;6
ручная рохля это;8;43;рохля;прочее;0;4
тележка гидравлическая назначение;8;37;рохля;прочее;0;5
какие бывают штабелеры;8;30;штабелёр;прочее;0;3
самоходный штабелер фото;8;32;штабелёр;прочее;0;5
купить рохля владивосток;8;31;рохля;коммерческий;0;6
электро рохля линда;8;14;рохля;прочее;0;4
сколько берет рохля;8;11;рохля;прочее;0;1
штабелер гидравлический tor;8;650;штабелёр;прочее;0;1
рохля гидравлическая длинная;8;44;рохля;прочее;0;1
узкопроходный высотный штабелер;8;33;штабелёр;прочее;0;10
погрузчик рохля электрический;8;27;рохля;прочее;0;2
водитель электротележки профстандарт;8;10;электротележка;прочее;0;2
купить бу ричстакер;8;11;ричтрак;коммерческий;0;4
погрузчик и штабелер;8;347;штабелёр;прочее;0;7
кран штабелер купить;8;35;штабелёр;коммерческий;0;5
электрический штабелер авито;8;35;штабелёр;прочее;0;3
гидравлическая тележка гост;8;28;рохля;прочее;0;7
цена электрические рохли;8;301;рохля;коммерческий;0;4
грузоподъемность штабелера ручного;8;201;штабелёр;характеристики;0;5
тн вэд штабелер;8;142;штабелёр;импорт;0;2
гидравлическая тележка heli;8;69;рохля;прочее;0;1
вилочный электропогрузчик цена;8;58;вилочный;коммерческий;0;9
гидравлическая тележка universal;8;34;рохля;прочее;0;4
купить рохлю симферополь;8;27;рохля;коммерческий;0;4
маленькая гидравлическая тележка;8;18;рохля;прочее;0;3
рохля механическая цена;8;12;рохля;коммерческий;0;3
рохля этимология слова;8;11;рохля;прочее;0;3
ручная рохля фото;8;8;рохля;прочее;0;3
гидравлическая тележка вилочная;8;107;рохля;прочее;0;6
штабелер или ричтрак;8;57;штабелёр;прочее;0;4
как пишется электроштабелер;8;18;штабелёр;прочее;0;1
весовая рохля цена;8;11;рохля;коммерческий;0;5
штабелер электрический tor;8;60;штабелёр;прочее;0;2
окоф электропогрузчик вилочный;8;21;вилочный;прочее;0;3
механическая подъемная рохля;8;19;рохля;прочее;0;3
bt тойота ричтрак;8;19;ричтрак;прочее;0;4
весы рохля бу;8;24;рохля;прочее;0;1
ричстакер купить цена;8;11;ричтрак;коммерческий;0;2
гидравлическая тележка рохля колеса;8;219;рохля;прочее;0;1
тележка гидравлическая на колесах;8;139;рохля;прочее;0;3
как работать с рохлей;8;67;рохля;прочее;0;2
ремонт рохлей в спб;8;32;рохля;запчасти и сервис;0;5
ричтрак still fm x17;8;31;ричтрак;прочее;0;1
как правильно заряжать штабелер;8;27;штабелёр;прочее;0;2
рохля купить в туле;8;26;рохля;коммерческий;0;10
купить рохли в саранске;8;20;рохля;коммерческий;0;4
ролики для рохли 60х70;8;16;рохля;прочее;0;3
электротележка ет 20132 цена;8;16;электротележка;коммерческий;0;1
рохля тор 2500 цена;8;13;рохля;коммерческий;0;1
рохля для неровной поверхности;8;13;рохля;прочее;0;1
купить рохлю в донецке;8;11;рохля;коммерческий;0;1
размер рохли для европоддонов;8;9;рохля;характеристики;0;1
какую рохлю лучше купить;8;9;рохля;коммерческий;0;1
рохля с подъемником ручная;8;8;рохля;прочее;0;2
аккумулятор для штабелера купить;8;85;штабелёр;запчасти и сервис;0;4
сколько может поднять рохля;8;20;рохля;прочее;0;2
рохля самоходная электрическая купить;8;16;рохля;коммерческий;0;1
запчасти на ручной штабелер;8;15;штабелёр;запчасти и сервис;0;1
какое масло для рохли;8;59;рохля;запчасти и сервис;0;3
штабелер ejc 216 jungheinrich;8;28;штабелёр;прочее;0;2
отто курбах гидравлическая тележка;8;12;рохля;запчасти и сервис;0;4
штабелер lema официальный сайт;8;8;штабелёр;прочее;0;3
гидравлическая тележка tor rhp;8;700;рохля;прочее;0;5
тележка гидравлическая код окоф;8;36;рохля;прочее;0;5
купить штабелер в хабаровске;8;25;штабелёр;коммерческий;0;4
гидравлическая тележка что это;8;22;рохля;запчасти и сервис;0;5
ричстакер код тн вэд;8;20;ричтрак;импорт;0;3
тележка гидравлическая подъемная купить;8;32;рохля;коммерческий;0;4
купить ричстакер для контейнеров;8;14;ричтрак;коммерческий;0;2
lema 2000 рохля цена;8;9;рохля;коммерческий;0;4
гидравлическая рохля с подъемом;8;467;рохля;прочее;0;2
тележка гидравлическая jf 1000;8;58;рохля;прочее;0;3
тгп 1 тележка гидравлическая;8;38;рохля;прочее;0;4
рохля это гидравлическая тележка;8;30;рохля;запчасти и сервис;0;5
гидравлическая тележка для рулонов;8;28;рохля;прочее;0;5
максимальная высота подъема рохли;8;24;рохля;характеристики;0;3
рохля большая как называется;8;13;рохля;прочее;0;3
рохля сколько весит ручная;8;93;рохля;прочее;0;2
рохля гидравлическая 3000 кг;8;77;рохля;прочее;0;1
бу штабелер самоходный купить;8;19;штабелёр;коммерческий;0;12
рохля длина 2 метра;8;19;рохля;прочее;0;2
гидравлический штабелер ручной 1500кг;8;21;штабелёр;прочее;0;1
купить платформенную электротележку грузовую;8;9;электротележка;коммерческий;0;1
колесо для рохли 180 мм;8;19;рохля;прочее;0;2
какую жидкость заливают в рохлю;8;11;рохля;прочее;0;1
рохля с короткими вилами 600мм;8;8;рохля;прочее;0;1
штабелер что это за профессия;8;11;штабелёр;запчасти и сервис;0;1
штабелер ручной с раздвижными вилами;8;119;штабелёр;прочее;0;3
самоходная тележка 10 букв сканворд;8;9;электротележка;прочее;0;2
тележка гидравлическая купить в спб;8;65;рохля;коммерческий;0;3
штабелер гидравлический ручной 500 кг;8;26;штабелёр;прочее;0;4
передние колеса для рохли купить;8;25;рохля;коммерческий;0;1
штабелер ручной гидравлический sda 1016;8;18;штабелёр;прочее;0;2
рохля механическая с подъемным механизмом;8;13;рохля;прочее;0;3
срок полезного использования тележка гидравлическая;8;22;рохля;прочее;0;6
тележка гидравлическая с подъемным механизмом;8;31;рохля;прочее;0;2
уличный штабелер с большими колесами;8;10;штабелёр;прочее;0;2
рохля гидравлическая тележка 5000 кг;8;23;рохля;прочее;0;2
тележка гидравлическая 2000 кг 1150 мм;8;245;рохля;прочее;0;1
купить рохлю в ростове на дону;8;71;рохля;коммерческий;0;7
ремонт рохли в ростове на дону;8;14;рохля;запчасти и сервис;0;3
как прокачать рохлю при замене масла;8;13;рохля;прочее;0;1
какие права нужны на штабелер электрический;8;9;штабелёр;прочее;0;2
электроштабелер это транспортное средство или оборудование;8;8;штабелёр;запчасти и сервис;0;1
ручной гидравлический штабелер купить в тольятти;8;8;штабелёр;коммерческий;0;4
допустимый размер длинномерного груза перевозимого электротележкой;8;8;электротележка;характеристики;0;1
grost тележка гидравлическая gt 25 115;8;19;рохля;прочее;0;4
гидравлическая тележка prolift ac b 25;8;11;рохля;прочее;0;1
купить ручной гидравлический штабелер в минске;8;8;штабелёр;коммерческий;0;5
как правильно пишется рохля или рохля;8;15;рохля;прочее;0;1
рохля гидравлическая купить в москве 2 тонны;8;42;рохля;коммерческий;0;1
рохля с кашей во рту 5 букв;8;10;рохля;прочее;0;1
какие права нужны на ричтрак и штабелер;8;9;штабелёр;прочее;0;1
аренда рохли в москве цена с доставкой;8;8;рохля;аренда;0;2
тележка гидравлическая rocla bf25 г п 2 5т;8;9;рохля;прочее;0;1
садовая тележка самоходная 106 л greenworks 40v g40gc;8;23;электротележка;прочее;0;2
штабелер ручной гидравлический sibline модель syc 1т 1 6м;8;11;штабелёр;прочее;0;1
тележка гидравлическая 2500 кг 1150 мм tor rhp bf полиуретановые колеса;8;72;рохля;прочее;0;1
тележка гидравлическая 2500 кг 1500 мм tor rhp bf полиуретановые колеса;8;10;рохля;прочее;0;1
тележка гидравлическая 2500 кг 1150 мм tor rhp нейлоновые колеса 1001346;8;9;рохля;прочее;0;1
liugong cpcd35;7;103;вилочный;прочее;0;2
hangcha cpcd25;7;171;вилочный;прочее;0;2
liugong cpcd15;7;108;вилочный;прочее;0;2
cpd25;7;311;вилочный;прочее;0;1
cpd30;7;435;вилочный;прочее;0;1
погрузчик chl cpcd30;7;74;вилочный;прочее;0;1
tfn cpcd15 ag2;7;39;вилочный;прочее;0;1
tfn cpcd25 ag2;7;18;вилочный;прочее;0;1
погрузчик вилочный cpcd50;7;213;вилочный;прочее;0;3
погрузчик cpcd30 характеристики;7;75;вилочный;характеристики;0;2
cpcd30 погрузчик вилочный;7;395;вилочный;прочее;0;3
cpd15 ac3 tfn;7;19;вилочный;прочее;0;2
heli cpcd50 погрузчик;7;125;вилочный;прочее;0;4
погрузчик jac cpcd 35;7;61;вилочный;прочее;0;3
heli cpcd50 технические характеристики;7;27;вилочный;характеристики;0;2
вилочный погрузчик liugong cpcd15;7;24;вилочный;прочее;0;6
вилочный погрузчик tfn cpcd30;7;15;вилочный;прочее;0;1
tfn cpcd30 ag2 цена;7;12;вилочный;коммерческий;0;1
jac cpcd35 технические характеристики;7;9;вилочный;характеристики;0;1
погрузчик вилочный liugong cpcd20;7;65;вилочный;прочее;0;2
jac cpcd30 вилочный погрузчик;7;34;вилочный;прочее;0;5
погрузчик вилочный jac cpcd 35;7;23;вилочный;прочее;0;2
самоходный штабелер jac cdd 15;7;32;штабелёр;прочее;0;1
погрузчик вилочный liugong cpcd30 технические характеристики;7;12;вилочный;характеристики;0;2
вилочный погрузчик hangcha отзывы;7;26;вилочный;выбор;0;10
дизельный погрузчик вилочный jac;7;72;вилочный;прочее;0;13
погрузчик вилочный ханча купить;7;18;вилочный;коммерческий;0;2
jac вилочный погрузчик официальный сайт;7;14;вилочный;прочее;0;6
погрузчик вилочный mitsubishi fd15nt;7;22;вилочный;прочее;0;2
погрузчик вилочный tcm fd50t9;7;16;вилочный;прочее;0;3
вилочный погрузчик балканкар купить;7;109;вилочный;коммерческий;0;7
вилочный погрузчик балканкар дв 1792;7;26;вилочный;прочее;0;3
купить сиденье на вилочный погрузчик тойота;7;8;вилочный;коммерческий;0;1
вилочный погрузчик львовский погрузчик лев ап 40814;7;26;вилочный;прочее;0;1
виды автопогрузчиков;7;155;вилочный;прочее;0;6
автопогрузчик псков;7;15;вилочный;прочее;0;2
тележка автопогрузчик;7;78;вилочный;прочее;0;3
челябинск автопогрузчик;7;53;вилочный;прочее;1;3
вилочный погрузчик уфа;7;194;вилочный;прочее;1;8
автопогрузчики 5 т;7;128;вилочный;прочее;0;3
автопогрузчик дв 1792;7;48;вилочный;прочее;0;4
автопогрузчик вп 05;7;43;вилочный;прочее;0;4
конструктор вилочный погрузчик;7;36;вилочный;прочее;0;4
автопогрузчик d30s 5;7;21;вилочный;прочее;0;1
автопогрузчик mitsubishi fd15nt;7;16;вилочный;прочее;0;3
вилочный погрузчик бензин;7;264;вилочный;прочее;0;3
вилочный погрузчик 4wd;7;50;вилочный;прочее;0;2
погрузчик вилочный sumitomo;7;38;вилочный;прочее;0;7
погрузчик вилочный tsm;7;27;вилочный;прочее;0;4
гидравлический вилочный погрузчик;7;714;вилочный;прочее;0;7
вилочный погрузчик китай;7;200;вилочный;прочее;0;13
болгарский вилочный погрузчик;7;197;вилочный;прочее;0;8
вилочный погрузчик мтз;7;96;вилочный;прочее;0;8
окз машинист автопогрузчика;7;8;вилочный;прочее;0;1
модель вилочного погрузчика;7;464;вилочный;прочее;0;4
вилочный погрузчик xilin;7;50;вилочный;прочее;0;3
окз водитель автопогрузчика;7;44;вилочный;прочее;0;2
тойота автопогрузчик вилочный;7;43;вилочный;прочее;0;9
ep cpcd15t8 автопогрузчик;7;11;вилочный;прочее;0;2
новый погрузчик вилочный;7;485;вилочный;коммерческий;0;6
вилочный погрузчик мицубиси;7;127;вилочный;прочее;0;10
погрузчик вилочный bt;7;76;вилочный;прочее;0;5
екатеринбург вилочный погрузчик;7;366;вилочный;прочее;1;8
купить автопогрузчик новый;7;31;вилочный;коммерческий;0;4
погрузчик иркутск вилочный;7;165;вилочный;прочее;0;8
вилы на вилочный погрузчик;7;252;вилочный;запчасти и сервис;0;2
отучиться на вилочный погрузчик;7;149;вилочный;прочее;0;2
вилочный погрузчик категории с;7;124;вилочный;прочее;0;7
мачта для вилочного погрузчика;7;95;вилочный;запчасти и сервис;0;3
цепь мачты вилочного погрузчика;7;48;вилочный;запчасти и сервис;0;1
зеркала на погрузчик вилочный;7;47;вилочный;прочее;0;2
домкрат для вилочных погрузчиков;7;39;вилочный;прочее;0;2
вилочный погрузчик 3т дизельный;7;35;вилочный;прочее;0;8
автопогрузчик и погрузчик разница;7;29;вилочный;прочее;0;4
вилочный погрузчик в автокаде;7;17;вилочный;прочее;0;3
автопогрузчик hyundai 50d 7ae;7;13;вилочный;прочее;0;2
навесное на вилочный погрузчик;7;103;вилочный;навесное;0;2
радиус поворота вилочного погрузчика;7;22;вилочный;характеристики;0;5
погрузчик вилочный вагонного типа;7;23;вилочный;прочее;0;3
аренда вилочного погрузчика минск;7;15;вилочный;аренда;0;12
крюк на вилочный погрузчик;7;10;вилочный;прочее;0;3
электромотор от вилочного погрузчика;7;8;вилочный;прочее;0;1
погрузчик вилочный мощность двигателя;7;80;вилочный;запчасти и сервис;0;5
купить вилочный погрузчик chl;7;38;вилочный;коммерческий;0;1
паспорт на вилочный погрузчик;7;19;вилочный;прочее;0;3
вилочный погрузчик chl отзывы;7;13;вилочный;выбор;0;2
отличие автопогрузчика от погрузчика;7;10;вилочный;прочее;0;5
вилочный погрузчик не заводится;7;115;вилочный;прочее;0;3
вилочный погрузчик красноярск купить;7;69;вилочный;коммерческий;0;7
вилочный погрузчик 1 5т;7;47;вилочный;прочее;0;4
вилочный погрузчик митсубиси fg15;7;29;вилочный;прочее;0;2
цепи на вилочный погрузчик;7;103;вилочный;прочее;0;4
вилочного погрузчика принцип работы;7;79;вилочный;прочее;0;11
китайский вилочный дизельный погрузчик;7;51;вилочный;прочее;0;8
купить вилочный погрузчик 10т;7;8;вилочный;коммерческий;0;3
вилочный погрузчик ростов купить;7;91;вилочный;коммерческий;0;3
водитель вилочного погрузчика красноярск;7;50;вилочный;прочее;0;2
автопогрузчик komatsu fd15t 17;7;22;вилочный;прочее;0;3
вилочный погрузчик воздушный фильтр;7;358;вилочный;запчасти и сервис;0;2
ссср погрузчик вилочный погрузчик;7;128;вилочный;прочее;0;1
услуги вилочный погрузчик новосибирск;7;18;вилочный;прочее;0;6
как работать на вилочном погрузчике;7;72;вилочный;прочее;0;2
ремонт вилочных погрузчиков в москве;7;28;вилочный;запчасти и сервис;0;1
утилизационный сбор на вилочный погрузчик;7;18;вилочный;импорт;0;4
аренда вилочного погрузчика 8 тонн;7;14;вилочный;аренда;0;7
запчасти на вилочный погрузчик тсм;7;12;вилочный;запчасти и сервис;0;2
безблочная стрела на вилочный погрузчик;7;11;вилочный;прочее;0;2
запчасти на вилочный погрузчик ниссан;7;10;вилочный;запчасти и сервис;0;3
автопогрузчик ап 40814 технические характеристики;7;7;вилочный;характеристики;0;1
производители вилочных погрузчиков в россии;7;7;вилочный;прочее;0;1
ремонт вилочных погрузчиков нижний новгород;7;7;вилочный;запчасти и сервис;0;3
аренда вилочного погрузчика в волгограде;7;7;вилочный;аренда;0;8
удлинители на вилочный погрузчик купить;7;21;вилочный;навесное;0;1
погрузчик вилочный с боковой загрузкой;7;12;вилочный;прочее;0;4
погрузчик вилочный 16 тонн купить;7;23;вилочный;коммерческий;0;3
цепи на колеса вилочного погрузчика;7;18;вилочный;прочее;0;4
погрузчик вилочный 5 тонн фото;7;20;вилочный;прочее;0;5
вилочный погрузчик китайский купить новый;7;10;вилочный;коммерческий;0;9
вилочный погрузчик в красноярске купить;7;26;вилочный;коммерческий;0;7
купить на вилочный погрузчик резину;7;54;вилочный;коммерческий;0;5
электрический вилочный погрузчик 2 тонны;7;22;вилочный;прочее;0;5
погрузчик вилочный 6 тонн купить;7;8;вилочный;коммерческий;0;3
расход топлива погрузчика вилочного погрузчика;7;306;вилочный;характеристики;0;1
весы для погрузчика вилочного погрузчика;7;112;вилочный;прочее;0;1
принцип работы погрузчика вилочного погрузчика;7;69;вилочный;прочее;0;1
погрузчик вилочный купить в волгограде;7;26;вилочный;коммерческий;0;6
кран для вилочного погрузчика купить;7;12;вилочный;коммерческий;0;1
какое масло заливается в вилочный погрузчик;7;50;вилочный;запчасти и сервис;0;1
смазка спрей для цепей вилочных погрузчиков;7;10;вилочный;прочее;0;1
вилочный погрузчик бу 5 тонн купить;7;23;вилочный;коммерческий;0;16
погрузчик вилочный 5 тонн купить цена;7;20;вилочный;коммерческий;0;3
как снять с учета вилочный погрузчик;7;7;вилочный;документы;0;2
погрузчик вилочный дизельный 1 5 тонн;7;48;вилочный;прочее;0;8
купить погрузчик вилочный новый купить в;7;46;вилочный;коммерческий;0;1
купить вилочный дизельный погрузчик в москве;7;17;вилочный;коммерческий;0;7
как поменять колесо на погрузчике вилочном;7;10;вилочный;прочее;0;1
купить вилочный погрузчик 3 тонны электрический;7;10;вилочный;коммерческий;0;1
какое масло заливать в редуктор вилочного погрузчика;7;7;вилочный;запчасти и сервис;0;1
liqui moly смазка для цепи вилочных погрузчиков;7;38;вилочный;прочее;0;2
купить погрузчик вилочный б у в волгограде;7;7;вилочный;коммерческий;0;1
разметка на складе для проезда погрузчиков и штабелеров;7;7;штабелёр;прочее;0;1
купить вилочный погрузчик 3 тонны новый дизельный все цены;7;8;вилочный;коммерческий;0;1
как производится перемещение тары и установка ее в штабель погрузчиком с вилочными захватами;7;10;штабелёр;навесное;0;1
на рохле;7;7636;рохля;прочее;0;2
водители штабелера;7;3901;штабелёр;прочее;0;9
ролик рохли;7;1326;рохля;прочее;0;7
управление электроштабелером;7;389;штабелёр;прочее;0;4
клапан рохля;7;310;рохля;прочее;0;4
схема штабелера;7;258;штабелёр;прочее;0;6
штабелер 2т;7;141;штабелёр;прочее;0;2
оператор электроштабелера;7;126;штабелёр;прочее;0;3
штабелер atlet;7;116;штабелёр;прочее;0;4
электропогрузчик ричтрак;7;118;ричтрак;прочее;0;5
электроштабелер бу;7;108;штабелёр;прочее;0;4
рохля сленг;7;109;рохля;прочее;0;2
штабелер 6м;7;106;штабелёр;прочее;0;2
ричтрак стоимость;7;102;ричтрак;коммерческий;0;2
штабелер grost;7;96;штабелёр;прочее;0;4
рохля ярославль;7;73;рохля;прочее;0;3
электроштабелер вес;7;51;штабелёр;прочее;0;2
электрон рохля;7;52;рохля;прочее;0;3
штабелер veni;7;43;штабелёр;прочее;0;4
удлинитель рохли;7;28;рохля;навесное;0;1
ричтрак хелли;7;26;ричтрак;прочее;0;1
ричтрак волгоград;7;20;ричтрак;прочее;0;1
рохля юнгхайнрих;7;16;рохля;прочее;0;2
контейнерный штабелер;7;13;штабелёр;прочее;0;5
электрон штабелер;7;12;штабелёр;прочее;0;1
ричтрак уфа;7;11;ричтрак;прочее;1;1
рохля фрумкина;7;11;рохля;прочее;0;1
мини электроштабелер;7;10;штабелёр;прочее;0;2
двухпалатная рохля;7;9;рохля;прочее;0;1
плаксивый рохля;7;9;рохля;прочее;0;1
ричтрак перевод;7;7;ричтрак;прочее;0;2
озон штабелер;7;178;штабелёр;прочее;0;1
штабелер высокий;7;85;штабелёр;прочее;0;2
робот рохля;7;30;рохля;прочее;0;1
штабелер сидячий;7;7;штабелёр;прочее;0;2
рохля слово;7;276;рохля;прочее;0;4
электрический ричстакер;7;29;ричтрак;прочее;0;1
краун ричтрак;7;29;ричтрак;прочее;0;2
кроун штабелер;7;32;штабелёр;прочее;0;4
рохли короткие;7;532;рохля;прочее;0;2
широкая рохля;7;40;рохля;прочее;0;2
рохля ксилин;7;18;рохля;прочее;0;1
гусеничный штабелер;7;13;штабелёр;прочее;0;2
строительная электротележка;7;7;электротележка;прочее;0;3
смарт штабелер;7;46;штабелёр;прочее;0;4
рохля линда;7;39;рохля;прочее;0;4
вилочная рохля;7;117;рохля;прочее;0;4
hyster ричтрак;7;37;ричтрак;прочее;0;2
электроштабелер отзывы;7;42;штабелёр;выбор;0;2
подъемный механизм рохли;7;1895;рохля;прочее;0;8
колеса на штабелер;7;490;штабелёр;прочее;0;5
электротележка для перевозки;7;381;электротележка;прочее;0;2
штабелер в спб;7;218;штабелёр;прочее;0;2
рохля высокий подъем;7;139;рохля;прочее;0;1
электротележка для лестниц;7;125;электротележка;прочее;0;3
не поднимается рохля;7;122;рохля;прочее;0;3
рохля с доставкой;7;91;рохля;прочее;0;2
машина с рохлей;7;88;рохля;прочее;0;2
не работает рохля;7;84;рохля;прочее;0;2
запчасти для электроштабелера;7;68;штабелёр;запчасти и сервис;0;4
штабелер это погрузчик;7;63;штабелёр;запчасти и сервис;0;4
рохля гидравлическая jungheinrich;7;55;рохля;прочее;0;2
штабелер категории с;7;52;штабелёр;прочее;0;1
аккумулятор для электротележки;7;51;электротележка;запчасти и сервис;0;3
подшипник ролика рохли;7;49;рохля;запчасти и сервис;0;1
рохля 500 кг;7;49;рохля;прочее;0;2
колесики для рохли;7;49;рохля;прочее;0;1
ремонт ручного штабелера;7;48;штабелёр;запчасти и сервис;0;9
ричстакер sany srsc45h1;7;43;ричтрак;прочее;0;4
рохля для рулонов;7;39;рохля;прочее;0;2
цилиндр для штабелера;7;33;штабелёр;прочее;0;2
гидроцилиндр для штабелера;7;32;штабелёр;запчасти и сервис;0;4
ремонт весовой рохли;7;31;рохля;запчасти и сервис;0;7
рохля повышенной проходимости;7;30;рохля;прочее;0;2
управление вилочным электропогрузчиком;7;27;вилочный;прочее;0;2
штабелер ручной фото;7;26;штабелёр;прочее;0;7
аренда рохли минск;7;21;рохля;аренда;0;4
палец для рохли;7;21;рохля;прочее;0;1
электротележка для инвалидов;7;20;электротележка;прочее;0;3
насос на рохлю;7;20;рохля;запчасти и сервис;0;1
электротележка еп 006;7;19;электротележка;прочее;0;2
китайский штабелер электрический;7;17;штабелёр;прочее;0;3
габаритные размеры рохли;7;17;рохля;характеристики;0;5
гидравлическая тележка 1т;7;16;рохля;прочее;0;2
рохля с приводом;7;15;рохля;прочее;0;2
упш штабелер jungheinrich;7;14;штабелёр;прочее;0;1
штабелер электрический китай;7;13;штабелёр;прочее;0;2
управление ричтраком штабелером;7;13;штабелёр;прочее;0;2
прокат рохли екатеринбург;7;11;рохля;аренда;1;2
насадка на рохлю;7;10;рохля;прочее;0;1
водитель штабелера еткс;7;9;штабелёр;прочее;0;3
электромотор для рохли;7;8;рохля;прочее;0;1
электронная рохля название;7;7;рохля;прочее;0;1
продам электро рохлю;7;7;рохля;прочее;0;1
рохля гидравлическая устройство;7;67;рохля;прочее;0;6
рохля маленькая купить;7;46;рохля;коммерческий;0;2
рохля не качает;7;47;рохля;прочее;0;2
пятерочка водитель электроштабелера;7;39;штабелёр;прочее;0;2
рохля чита купить;7;37;рохля;коммерческий;0;4
рохля авито цена;7;24;рохля;запчасти и сервис;0;3
сколько выдерживает рохля;7;14;рохля;прочее;0;1
электротележка et 2013;7;10;электротележка;прочее;0;3
купить короткую рохлю;7;153;рохля;коммерческий;0;2
гидравлическая тележка bf25;7;94;рохля;прочее;0;2
штабелер электрический ричтрак;7;77;штабелёр;прочее;0;4
кальмар ричстакер купить;7;22;ричтрак;коммерческий;0;5
грузоподъемность рохли максимальная;7;21;рохля;характеристики;0;4
штабелер ручной lema;7;55;штабелёр;прочее;0;6
водитель штабелера пятерочка;7;23;штабелёр;прочее;0;2
лема 2000 рохля;7;11;рохля;прочее;0;3
рохли все виды;7;34;рохля;прочее;0;4
кара и рохля;7;20;рохля;прочее;0;1
вилочный электропогрузчик мини;7;9;вилочный;прочее;0;3
электротележка грузовая купить;7;53;электротележка;коммерческий;0;4
воронеж гидравлическая тележка;7;76;рохля;прочее;0;4
ричтрак новый купить;7;40;ричтрак;коммерческий;0;4
рохля саранск купить;7;33;рохля;коммерческий;0;5
маленький штабелер электрический;7;25;штабелёр;прочее;0;2
ручная рохля штабелер;7;13;рохля;прочее;0;4
гидравлическая тележка рохля jungheinrich;7;55;рохля;прочее;0;2
электроштабелеры до 4 квт;7;55;штабелёр;прочее;0;2
электроштабелер нужны ли права;7;48;штабелёр;прочее;0;1
как работать на штабелере;7;41;штабелёр;прочее;0;1
рохля купить в хабаровске;7;41;рохля;коммерческий;0;6
дуа робиш рохли содри;7;33;рохля;прочее;0;2
аккумулятор на штабелер электрический;7;30;штабелёр;запчасти и сервис;0;1
самоходная тележка с кузовом;7;28;электротележка;прочее;0;1
рохля грузоподъемность 5 тонн;7;27;рохля;характеристики;0;5
ремкомплект на рохлю гидравлическую;7;26;рохля;прочее;0;1
права штабелера и погрузчика;7;26;штабелёр;прочее;0;2
тележка гидравлическая рохля 2т;7;22;рохля;прочее;0;4
штабелер для неровного пола;7;20;штабелёр;прочее;0;2
пружина для рохли купить;7;17;рохля;коммерческий;0;2
рохля цена б у;7;17;рохля;коммерческий;0;7
рохля для наливного пола;7;16;рохля;прочее;0;1
штабелер электрический гидравлический купить;7;15;штабелёр;коммерческий;0;2
рохля в аренду самара;7;14;рохля;аренда;0;7
как правильно управлять рохлей;7;12;рохля;прочее;0;1
магазин запчастей для рохли;7;11;рохля;запчасти и сервис;0;2
электротележка для склада цена;7;10;электротележка;коммерческий;0;2
тележка гидравлическая lema lm20;7;10;рохля;прочее;0;2
купить рохлю в томске;7;9;рохля;коммерческий;0;7
обязанности машиниста крана штабелера;7;9;штабелёр;прочее;0;1
рохля с весами jungheinrich;7;8;рохля;прочее;0;3
купить рохлю в подольске;7;8;рохля;коммерческий;0;3
высота рохли от пола;7;8;рохля;прочее;0;1
ремонт рохли в екатеринбурге;7;8;рохля;запчасти и сервис;1;5
рохля это грузоподъемный механизм;7;7;рохля;запчасти и сервис;0;1
запчасти для ремонта рохли;7;7;рохля;запчасти и сервис;0;2
мотор колесо для электротележки;7;7;электротележка;прочее;0;1
рохля для перевозки мебели;7;7;рохля;прочее;0;1
купить рохлю в ельце;7;7;рохля;коммерческий;0;1
rdf 1016 ручной штабелер;7;40;штабелёр;прочее;0;2
штабелер купить в казани;7;17;штабелёр;коммерческий;0;5
тележка гидравлическая lema lm25;7;12;рохля;прочее;0;1
электроштабелер срок полезного использования;7;10;штабелёр;прочее;0;2
гидравлическая тележка рохля фото;7;8;рохля;прочее;0;8
самоходная тележка по лестнице;7;46;электротележка;прочее;0;4
гидравлический штабелер что это;7;17;штабелёр;запчасти и сервис;0;3
купить штабелер в калуге;7;17;штабелёр;коммерческий;0;1
штабелер самоходный купить новосибирск;7;15;штабелёр;коммерческий;0;3
тележка вилочная гидравлическая рохля;7;31;рохля;прочее;0;3
отличие штабелера от погрузчика;7;13;штабелёр;прочее;0;6
почему не качает рохля;7;11;рохля;прочее;0;1
что значит слово рохля;7;10;рохля;запчасти и сервис;0;2
рохля самоходная электрическая аренда;7;7;рохля;аренда;0;1
ричтрак как правильно пишется;7;7;ричтрак;прочее;0;4
гидравлический штабелер ручной лема;7;9;штабелёр;прочее;0;7
как правильно называются рохли;7;480;рохля;прочее;0;1
код тн вэд рохля;7;28;рохля;импорт;0;4
аренда штабелер электрический самоходный;7;11;штабелёр;аренда;0;4
штабелер электрический самоходный noblelift;7;36;штабелёр;прочее;0;1
купить штабелер в самаре;7;41;штабелёр;коммерческий;0;6
электроштабелер купить в минске;7;12;штабелёр;коммерческий;0;2
бу рохля сколько стоит;7;19;рохля;коммерческий;0;8
самоходный штабелер тн вэд;7;34;штабелёр;импорт;0;1
рохля ударение как правильно;7;13;рохля;прочее;0;3
купить самоходный электроштабелер бу;7;11;штабелёр;коммерческий;0;5
тележка гидравлическая подкатная для агрегатов;7;111;рохля;прочее;0;1
какое масло заливают в штабелер;7;23;штабелёр;запчасти и сервис;0;1
аккумулятор для рохли с весами;7;16;рохля;запчасти и сервис;0;1
гидравлическая тележка купить в екатеринбурге;7;14;рохля;коммерческий;1;2
самоходная тележка prolift sd 20;7;11;электротележка;прочее;0;1
рохля гидравлическая что это такое;7;9;рохля;запчасти и сервис;0;3
электрический штабелер ep es10 es2;7;7;штабелёр;прочее;0;1
запчасти для рохли в спб;7;7;рохля;запчасти и сервис;0;3
штабелер ручной купить в пензе;7;7;штабелёр;коммерческий;0;1
аренда штабелера в москве цена;7;7;штабелёр;аренда;0;1
штабелер ручной б у купить;7;58;штабелёр;коммерческий;0;7
ручной гидравлический штабелер 2000 кг;7;39;штабелёр;прочее;0;4
гидравлическая рохля купить в красноярске;7;29;рохля;коммерческий;0;4
рохли в нижнем новгороде аренда;7;9;рохля;аренда;1;7
тележка гидравлическая купить в самаре;7;8;рохля;коммерческий;0;3
рохля что за человек это;7;9;рохля;запчасти и сервис;0;3
купить ручной штабелер в москве;7;16;штабелёр;коммерческий;0;8
как правильно называется электрическая рохля;7;7;рохля;прочее;0;1
купить рохля гидравлическая б у;7;75;рохля;коммерческий;0;3
купить рохля с короткими вилами;7;32;рохля;коммерческий;0;2
pramac lx 14 45 штабелер;7;15;штабелёр;прочее;0;2
гидравлическая тележка рохля срок эксплуатации;7;7;рохля;прочее;0;1
oxlift ручная гидравлическая тележка ac25;7;51;рохля;прочее;0;1
рохля б у купить саратов;7;7;рохля;коммерческий;0;1
тележка гидравлическая из нержавеющей стали;7;22;рохля;прочее;0;3
штабелер с большими колесами электрический;7;20;штабелёр;прочее;0;1
купить рохлю в белгороде гидравлическую;7;11;рохля;коммерческий;0;1
рохля низкопрофильная купить в спб;7;10;рохля;коммерческий;0;2
стеллажный кран штабелер принцип работы;7;9;штабелёр;прочее;0;2
штабелер ручной гидравлический 1 5 тонны;7;17;штабелёр;прочее;0;3
гидравлическая тележка с подъемом на высоту;7;17;рохля;прочее;0;1
купить рохлю в москве цены недорого;7;7;рохля;коммерческий;0;2
самоходная тележка для подъема по лестнице;7;7;электротележка;прочее;0;1
тележка гидравлическая амортизационная группа основных средств;7;7;рохля;прочее;0;1
как заменить передние колеса на рохле;7;7;рохля;прочее;0;1
lema lm 20 1150x550 гидравлическая тележка;7;16;рохля;прочее;0;3
штабелер самоходный электрический срок полезного использования;7;17;штабелёр;прочее;0;6
ремонт рохли в москве с выездом цена;7;7;рохля;запчасти и сервис;0;1
самоходная тележка тс 350 купить бу на авито;7;7;электротележка;коммерческий;0;3
тележка гидравлическая 2500 кг 1150 мм tor rhp нейлоновые колеса;7;28;рохля;прочее;0;1
гидравлическая тележка tor rhp bf 3000 1150х550 мм полиуретановые колеса 1010172;7;9;рохля;прочее;0;2
тележка гидравлическая 2000 кг 1150 мм tor db полиуретановые колеса 1005943;7;7;рохля;прочее;0;2
kumpan cpcd35;6;15;вилочный;прочее;0;1
cpcd35 погрузчик;6;632;вилочный;прочее;0;2
cargador cpcd15;6;25;вилочный;прочее;0;1
heli cpd30;6;66;вилочный;прочее;0;1
hangcha cpcd30 xrw10f;6;44;вилочный;прочее;0;1
heli cpcd70 характеристики;6;10;вилочный;характеристики;0;1
cpcd50 погрузчик hangcha;6;73;вилочный;прочее;0;2
характеристики dalian cpcd50;6;8;вилочный;характеристики;0;1
погрузчик jac cpcd 15;6;21;вилочный;прочее;0;3
акб для heli cpd15;6;7;вилочный;прочее;0;1
фильтр воздушный heli cpcd30;6;9;вилочный;запчасти и сервис;0;3
каталог запчастей jac cpcd50;6;6;вилочный;запчасти и сервис;0;2
погрузчик вилочный heli cpcd15;6;65;вилочный;прочее;0;3
штабелер jac cdd 15;6;55;штабелёр;прочее;0;2
вилочный погрузчик jac cpd15;6;11;вилочный;прочее;0;1
погрузчик jac cpcd30 технические характеристики;6;6;вилочный;характеристики;0;1
lonking lg25dt вилочный погрузчик;6;24;вилочный;прочее;0;3
zoomlion вилочный погрузчик купить;6;17;вилочный;коммерческий;0;5
heli дизельный вилочный погрузчик;6;73;вилочный;прочее;0;9
ханча погрузчик вилочный отзывы владельцев;6;7;вилочный;выбор;0;1
хели вилочный погрузчик страна производитель;6;6;вилочный;прочее;0;1
вилочный погрузчик тойота 20;6;22;вилочный;прочее;0;2
вилочный погрузчик toyota 62 8fd15;6;35;вилочный;прочее;0;2
купить дизельный вилочный погрузчик тойота;6;7;вилочный;коммерческий;0;3
львовский вилочный погрузчик 10 тонн;6;6;вилочный;прочее;0;3
вилочный погрузчик doosan 7 тонн;6;6;вилочный;прочее;0;1
купить вилочный погрузчик тойота новый;6;7;вилочный;коммерческий;0;13
сколько весит вилочный погрузчик тойота;6;11;вилочный;прочее;0;2
погрузчик вилочный тойота не заводится;6;12;вилочный;прочее;0;2
сколько весит вилочный погрузчик львовский погрузчик;6;26;вилочный;прочее;0;1
погрузчик вилочный still rx 60 25;6;6;вилочный;прочее;0;1
управление автопогрузчиком;6;273;вилочный;прочее;0;7
автопогрузчик рекорд;6;28;вилочный;прочее;0;3
автопогрузчики ссср;6;19;вилочный;прочее;0;3
советские автопогрузчики;6;27;вилочный;прочее;0;3
автопогрузчик рязань;6;70;вилочный;прочее;0;4
автопогрузчик 40810мф;6;8;вилочный;прочее;0;1
автопогрузчик 4014;6;83;вилочный;прочее;0;4
автопогрузчик liugong;6;76;вилочный;прочее;0;3
автопогрузчик 4075;6;52;вилочный;прочее;0;4
4008 автопогрузчик;6;11;вилочный;прочее;0;3
мицубиси автопогрузчик;6;39;вилочный;прочее;0;4
обслуживание вилочных погрузчиков;6;324;вилочный;запчасти и сервис;0;2
вилочный погрузчик виды;6;322;вилочный;прочее;0;7
вилочный погрузчик пермь;6;234;вилочный;прочее;1;7
регистрация вилочного погрузчика;6;86;вилочный;документы;0;6
разбор вилочных погрузчиков;6;79;вилочный;прочее;0;2
топ вилочных погрузчиков;6;46;вилочный;прочее;0;2
небольшой вилочный погрузчик;6;18;вилочный;прочее;0;2
вилочный погрузчик костанай;6;16;вилочный;прочее;0;1
двери для автопогрузчиков;6;13;вилочный;прочее;0;1
армянский вилочный погрузчик;6;7;вилочный;прочее;0;3
скорость погрузчика вилочного;6;274;вилочный;характеристики;0;4
погрузчик вилочный дэу;6;52;вилочный;прочее;0;7
профстандарт водитель автопогрузчика;6;7;вилочный;прочее;0;2
вилочный погрузчик цены;6;1251;вилочный;прочее;0;10
вилочный погрузчик рейтинг;6;119;вилочный;выбор;0;6
отечественный вилочный погрузчик;6;13;вилочный;прочее;0;10
чебоксары вилочный погрузчик;6;48;вилочный;прочее;0;5
погрузчик вилочный еткс;6;38;вилочный;прочее;0;3
двигатель на вилочный погрузчик;6;537;вилочный;запчасти и сервис;0;2
захват на вилочный погрузчик;6;293;вилочный;навесное;0;3
масло для вилочного погрузчика;6;193;вилочный;запчасти и сервис;0;2
контейнер для вилочного погрузчика;6;147;вилочный;прочее;0;9
генератор на вилочный погрузчик;6;110;вилочный;прочее;0;2
аренда вилочного погрузчика рязань;6;40;вилочный;аренда;0;12
купить болгарский вилочный погрузчик;6;39;вилочный;коммерческий;0;5
водитель вилочного погрузчика это;6;24;вилочный;прочее;0;1
аренда вилочного погрузчика тюмень;6;22;вилочный;аренда;1;10
регламент то вилочного погрузчика;6;20;вилочный;запчасти и сервис;0;1
ремонт вилочных погрузчиков киров;6;17;вилочный;запчасти и сервис;0;2
навеска для вилочного погрузчика;6;16;вилочный;прочее;0;1
электродвигатель для вилочного погрузчика;6;15;вилочный;запчасти и сервис;0;1
вилочный погрузчик 1 43;6;14;вилочный;прочее;0;1
вилочный погрузчик аренда пенза;6;13;вилочный;аренда;0;13
вилочные погрузчики производства китай;6;11;вилочный;прочее;0;7
купить автопогрузчик новый дизельный;6;11;вилочный;коммерческий;0;4
ремонт вилочных погрузчиков пермь;6;11;вилочный;запчасти и сервис;1;1
программа стажировки водителя автопогрузчика;6;9;вилочный;прочее;0;2
электропогрузчик и автопогрузчик разница;6;9;вилочный;прочее;0;4
автопогрузчик грузоподъемностью 10 тонн;6;8;вилочный;характеристики;0;3
оператор вилочного погрузчика еткс;6;6;вилочный;прочее;0;1
как поддомкратить вилочный погрузчик;6;6;вилочный;прочее;0;2
трюки на вилочном погрузчике;6;6;вилочный;прочее;0;1
трап для вилочного погрузчика;6;6;вилочный;прочее;0;1
электрические вилочные погрузчики купить;6;351;вилочный;коммерческий;0;6
дизельный вилочный погрузчик цена;6;71;вилочный;коммерческий;0;14
погрузчик вилочный как выбрать;6;18;вилочный;выбор;0;8
погрузчик 1500 кг вилочный;6;52;вилочный;прочее;0;3
автопогрузчик jac cpcd 35;6;37;вилочный;прочее;0;3
стартер на погрузчик вилочный;6;207;вилочный;прочее;0;2
аренда вилочного погрузчика домодедово;6;7;вилочный;аренда;0;5
ремонт погрузчиков екатеринбург вилочных;6;12;вилочный;запчасти и сервис;1;2
погрузчик вилочный не едет;6;71;вилочный;прочее;0;3
владивосток купить вилочный погрузчик;6;40;вилочный;коммерческий;0;15
погрузчик вилочный geka d50;6;23;вилочный;прочее;0;4
вилочный погрузчик в гродно;6;24;вилочный;прочее;0;2
ремонт вилочного погрузчика киров;6;17;вилочный;запчасти и сервис;0;1
рейтинг погрузчиков вилочных погрузчиков;6;112;вилочный;выбор;0;1
электросхема погрузчика вилочного погрузчика;6;44;вилочный;прочее;0;1
аккумуляторный вилочный погрузчик купить;6;25;вилочный;запчасти и сервис;0;5
вилочный погрузчик услуги тамбов;6;6;вилочный;прочее;0;1
удлинитель вил на вилочный погрузчик;6;44;вилочный;навесное;0;1
монтажная люлька для вилочного погрузчика;6;41;вилочный;прочее;0;3
габариты вилочного погрузчика 5 тонн;6;23;вилочный;характеристики;0;6
вилочный погрузчик не едет вперед;6;22;вилочный;прочее;0;3
получение прав на вилочный погрузчик;6;17;вилочный;прочее;0;2
регистрация вилочного погрузчика в гостехнадзоре;6;15;вилочный;документы;0;2
ручной вилочный погрузчик для складов;6;15;вилочный;прочее;0;1
ковш для вилочного погрузчика купить;6;12;вилочный;навесное;0;4
аренда вилочного погрузчика в липецке;6;10;вилочный;аренда;0;8
погрузчик складской с вилочным захватом;6;8;вилочный;навесное;0;1
доп оборудование для вилочного погрузчика;6;6;вилочный;прочее;0;1
дизельный вилочный погрузчик 5т цена;6;6;вилочный;коммерческий;0;2
тормозная система вилочного погрузчика коматсу;6;6;вилочный;прочее;0;1
вилочный погрузчик 3 тонны цена;6;62;вилочный;коммерческий;0;7
вилочный погрузчик это транспортное средство;6;55;вилочный;запчасти и сервис;0;2
как управлять дизельным погрузчиком вилочным;6;20;вилочный;прочее;0;1
ремонт вилочных погрузчиков в туле;6;6;вилочный;запчасти и сервис;0;2
вилочный погрузчик из чего состоит;6;21;вилочный;прочее;0;5
купить погрузчик в иркутске вилочный;6;28;вилочный;коммерческий;0;11
колесо для погрузчика вилочного погрузчика;6;254;вилочный;прочее;0;1
водитель вилочного погрузчика вахта север;6;44;вилочный;прочее;0;3
зимние шины для погрузчика вилочного;6;15;вилочный;запчасти и сервис;0;1
ручной погрузчик вилочный как называется;6;8;вилочный;прочее;0;1
окоф для погрузчика вилочного погрузчика;6;7;вилочный;прочее;0;1
какое давление в шинах вилочного погрузчика;6;69;вилочный;прочее;0;1
какое давление в колесах вилочного погрузчика;6;45;вилочный;прочее;0;2
вилочный погрузчик в аренду в твери;6;35;вилочный;аренда;0;3
люлька для погрузчика вилочного подъема людей;6;33;вилочный;прочее;0;1
управление вилочным автопогрузчиком осуществляется с помощью;6;9;вилочный;прочее;0;1
погрузчик и автопогрузчик в чем разница;6;8;вилочный;прочее;0;1
автопогрузчик это самоходная машина или нет;6;6;вилочный;запчасти и сервис;0;1
какие категории нужны на вилочный погрузчик;6;218;вилочный;прочее;0;2
погрузчик вилочный бу купить в москве;6;78;вилочный;коммерческий;0;21
погрузчик вилочный как называется по другому;6;6;вилочный;прочее;0;2
вилочный погрузчик купить в рб бу;6;8;вилочный;коммерческий;0;6
ковш для снега на погрузчик вилочный;6;25;вилочный;навесное;0;3
погрузчик вилочный газ бензин бу купить;6;8;вилочный;коммерческий;0;1
люлька для вилочного погрузчика для подъема людей;6;21;вилочный;прочее;0;1
купить вилочный погрузчик в москве б у;6;13;вилочный;коммерческий;0;6
верный способ работы автопогрузчика и электропогрузчика со стрелой;6;132;вилочный;прочее;0;1
купить вилочный погрузчик в ростове на дону бу;6;6;вилочный;коммерческий;0;11
перемещать нагруженный погрузчик с вилочным захватом при спуске под уклон 30 градусов;6;7;вилочный;навесное;0;1
с рохлей;6;7113;рохля;прочее;0;4
высота штабелера;6;1569;штабелёр;прочее;0;3
электротележка ет;6;523;электротележка;прочее;0;3
штабелер bt;6;316;штабелёр;прочее;0;5
зарядка штабелера;6;265;штабелёр;прочее;0;5
штабелер 1030;6;262;штабелёр;прочее;0;1
штабелер отзывы;6;220;штабелёр;выбор;0;6
ричтрак управление;6;214;ричтрак;прочее;0;1
штабелер краснодар;6;185;штабелёр;прочее;0;3
грузоподъемность электроштабелера;6;156;штабелёр;характеристики;0;3
штабелер габариты;6;144;штабелёр;характеристики;0;4
вилка рохли;6;102;рохля;прочее;0;1
рохля значение;6;78;рохля;прочее;0;2
сарапульская электротележка;6;73;электротележка;прочее;0;5
электроштабелер crown;6;66;штабелёр;прочее;0;5
перевозка штабелера;6;47;штабелёр;прочее;0;1
рохля прикол;6;47;рохля;прочее;0;3
штабелер электросхема;6;26;штабелёр;прочее;0;3
разновидности штабелеров;6;26;штабелёр;прочее;0;4
ричстакер heli;6;19;ричтрак;прочее;0;2
рохля синяя;6;14;рохля;прочее;0;1
ричтрак коматсу;6;12;ричтрак;прочее;0;2
противовесный штабелер;6;11;штабелёр;прочее;0;2
домашний штабелер;6;6;штабелёр;прочее;0;1
скат рохля;6;36;рохля;прочее;0;3
ремкомплект рохля;6;411;рохля;прочее;0;4
ричтрак jac;6;88;ричтрак;прочее;0;1
электротележка jungheinrich;6;87;электротележка;прочее;0;2
грузоподъемность ричстакер;6;68;ричтрак;характеристики;0;2
узкопроходный электроштабелер;6;32;штабелёр;прочее;0;8
покупка рохли;6;24;рохля;прочее;0;5
краун штабелер;6;32;штабелёр;прочее;0;4
прокачка рохли;6;11;рохля;прочее;0;2
электротележка бу;6;24;электротележка;прочее;0;4
цепной штабелер;6;15;штабелёр;прочее;0;2
генерал рохля;6;14;рохля;прочее;0;3
рохля нечисть;6;6;рохля;прочее;0;2
либхер ричстакер;6;7;ричтрак;прочее;0;2
komatsu штабелер;6;74;штабелёр;прочее;0;4
рохля авто;6;62;рохля;прочее;0;3
компактная рохля;6;18;рохля;прочее;0;3
штабелер грост;6;6;штабелёр;прочее;0;3
сериал рохля;6;15;рохля;прочее;0;1
still электроштабелер;6;104;штабелёр;прочее;0;5
рохля unilift;6;24;рохля;прочее;0;2
stihl штабелер;6;10;штабелёр;прочее;0;3
рохля 2 т;6;174;рохля;прочее;0;2
рохля для перевозки;6;162;рохля;прочее;0;2
колесо на ричтрак;6;120;ричтрак;прочее;0;2
вилочный электропогрузчик heli;6;95;вилочный;прочее;0;4
тележка типа рохли;6;92;рохля;прочее;0;4
рохля купить минск;6;86;рохля;коммерческий;0;10
тележка гидравлическая ac25b;6;72;рохля;прочее;0;2
электрическая схема штабелера;6;64;штабелёр;прочее;0;9
тележка рохля инструкция;6;62;рохля;прочее;0;1
штабелер 12 метров;6;55;штабелёр;прочее;0;2
рохля гидравлическая 5т;6;47;рохля;прочее;0;1
рохля с аккумулятором;6;43;рохля;запчасти и сервис;0;1
как смазать рохлю;6;42;рохля;прочее;0;2
ричстакер xcmg xcs4531k;6;35;ричтрак;прочее;0;1
рохля гидравлическая 3т;6;36;рохля;прочее;0;2
рохля гидравлическая lema;6;25;рохля;прочее;0;2
гидравлический штабелер 1500кг;6;25;штабелёр;прочее;0;1
электротележка эк 2;6;24;электротележка;прочее;0;4
ремонт рохли екатеринбург;6;22;рохля;запчасти и сервис;1;5
электротележка ere 120;6;21;электротележка;прочее;0;2
рохля для газели;6;19;рохля;прочее;0;1
электро рохля это;6;19;рохля;прочее;0;2
электротележка из китая;6;18;электротележка;прочее;0;2
водитель штабелера обязанности;6;18;штабелёр;прочее;0;2
как сделать электротележку;6;16;электротележка;прочее;0;1
рохля tisel 2500;6;16;рохля;прочее;0;1
схема гидроузла рохли;6;16;рохля;прочее;0;2
рохля с двигателем;6;15;рохля;запчасти и сервис;0;1
купить электроштабелер цена;6;14;штабелёр;коммерческий;0;4
штабелер купить омск;6;13;штабелёр;коммерческий;0;3
рохля для полуприцепов;6;13;рохля;прочее;0;1
самоходная тележка советская;6;13;электротележка;прочее;0;2
жидкость для рохли;6;12;рохля;прочее;0;1
рохля 7 тонн;6;12;рохля;прочее;0;1
рохля какого рода;6;10;рохля;прочее;0;2
штабелер 8 метров;6;10;штабелёр;прочее;0;3
штабелер на мтз;6;8;штабелёр;прочее;0;2
рохля гидравлическая немецкая;6;7;рохля;прочее;0;2
гидравлическая тележка 1500;6;389;рохля;прочее;0;2
как заряжать штабелер;6;77;штабелёр;прочее;0;1
рохля подъемник купить;6;24;рохля;коммерческий;0;5
сколько стоит ричстакер;6;16;ричтрак;прочее;0;2
штабелер купить ульяновск;6;13;штабелёр;коммерческий;0;1
ричтрак купить still;6;11;ричтрак;коммерческий;0;4
рохля это тележка;6;46;рохля;запчасти и сервис;0;5
электро рохли аренда;6;13;рохля;аренда;0;3
электроштабелер срок службы;6;19;штабелёр;прочее;0;3
электрические рохли купить;6;477;рохля;коммерческий;0;4
на рохле работа;6;194;рохля;прочее;0;4
etv 216 ричтрак;6;110;ричтрак;прочее;0;3
бу ручной штабелер;6;74;штабелёр;коммерческий;0;9
электроштабелер купить москва;6;60;штабелёр;коммерческий;0;2
купить штабелер уфа;6;26;штабелёр;коммерческий;1;5
электро рохля штабелер;6;19;рохля;прочее;0;2
jungheinrich ричтрак цена;6;9;ричтрак;коммерческий;0;4
заправка маслом рохли;6;10;рохля;запчасти и сервис;0;2
spn 1533 штабелер;6;12;штабелёр;прочее;0;2
купить ричтрак тойота;6;10;ричтрак;коммерческий;0;4
штабелер ручной электрогидравлический;6;6;штабелёр;прочее;0;1
код тнвэд рохля;6;6;рохля;прочее;0;3
погрузчик контейнерный ричстакер;6;88;ричтрак;прочее;0;6
sdr 1030 штабелер;6;41;штабелёр;прочее;0;2
укороченная гидравлическая тележка;6;34;рохля;прочее;0;4
складная гидравлическая тележка;6;20;рохля;прочее;0;5
электропогрузчик вилочный фото;6;20;вилочный;прочее;0;7
гидравлическая тележка окпд;6;149;рохля;прочее;0;4
штабелер аккумуляторный купить;6;34;штабелёр;запчасти и сервис;0;2
не подымает рохля;6;385;рохля;прочее;0;1
тележка гидравлическая jhpt3000;6;130;рохля;прочее;0;2
рохля 45 ширина;6;21;рохля;прочее;0;1
рохля 2500 capacity;6;19;рохля;прочее;0;3
авито ричтрак купить;6;13;ричтрак;запчасти и сервис;0;3
купить рохля череповец;6;9;рохля;коммерческий;0;4
водитель электроштабелера в ногинске;6;172;штабелёр;прочее;0;2
гидравлическая тележка 1500 мм;6;156;рохля;прочее;0;2
гидравлическая тележка oxlift ox25;6;110;рохля;прочее;0;2
сколько масла в рохле;6;99;рохля;прочее;0;1
гидравлическая тележка типа рохля;6;76;рохля;прочее;0;5
ремонт и обслуживание штабелеров;6;38;штабелёр;запчасти и сервис;0;5
робиш рохли содри ва;6;33;рохля;прочее;0;1
рохля 2 метра купить;6;24;рохля;коммерческий;0;2
как заправить рохлю маслом;6;24;рохля;запчасти и сервис;0;2
аккумулятор для электро рохли;6;24;рохля;запчасти и сервис;0;2
гидравлическая тележка купить калининград;6;23;рохля;коммерческий;0;3
ремкомплект для гидроузла рохли;6;22;рохля;прочее;0;2
аренда рохли с весами;6;22;рохля;аренда;0;4
штабелер электрический в аренду;6;18;штабелёр;аренда;0;2
правила работы на штабелере;6;18;штабелёр;прочее;0;3
почему тележка называется рохля;6;16;рохля;прочее;0;1
рохлю купить в орле;6;15;рохля;коммерческий;0;5
штабелер с широкими вилами;6;14;штабелёр;прочее;0;2
замена масла на рохле;6;12;рохля;прочее;0;1
рохля длинная 2 метра;6;9;рохля;прочее;0;1
колесо усиленное для рохли;6;9;рохля;прочее;0;1
как пользоваться электро рохлей;6;9;рохля;прочее;0;2
как выглядит штабелер фото;6;8;штабелёр;прочее;0;2
ремонт рохли в брянске;6;8;рохля;запчасти и сервис;0;3
штабелер электрический yale цена;6;7;штабелёр;коммерческий;0;1
ремонт рохли в новосибирске;6;7;рохля;запчасти и сервис;0;5
мотор колесо для штабелера;6;7;штабелёр;прочее;0;1
электроштабелер на больших колесах;6;7;штабелёр;прочее;0;1
купить рохлю в пушкино;6;6;рохля;коммерческий;0;1
купить рохлю в серпухове;6;6;рохля;коммерческий;0;3
тележка гидравлическая 5000 кг;6;178;рохля;прочее;0;2
из чего состоит рохля;6;19;рохля;прочее;0;2
для чего предназначена рохля;6;8;рохля;прочее;0;1
гидравлическая тележка 500 кг;6;90;рохля;прочее;0;2
гидравлическая тележка в аренду;6;33;рохля;аренда;0;3
взять в аренду штабелер;6;24;штабелёр;аренда;0;2
самоходная тележка для сада;6;20;электротележка;прочее;0;4
электропогрузчик jac cpd 16;6;28;вилочный;прочее;0;3
рохлю купить в курске;6;14;рохля;коммерческий;0;7
замена масла штабелер ручной;6;19;штабелёр;прочее;0;4
штабелер электрический купить jac;6;9;штабелёр;коммерческий;0;2
jungheinrich etv 216 электроштабелер;6;25;штабелёр;прочее;0;3
тн вэд тележка гидравлическая;6;57;рохля;импорт;0;4
окпд 2 штабелер гидравлический;6;15;штабелёр;прочее;0;2
ручной штабелер lm 1016;6;11;штабелёр;прочее;0;3
как работать рохлей правильно;6;17;рохля;прочее;0;3
гидравлическая тележка как выглядит;6;7;рохля;прочее;0;3
как пишется электроштабелер правильно;6;8;штабелёр;прочее;0;2
ручной гидравлический мини штабелер;6;6;штабелёр;прочее;0;4
гидравлический штабелер ручной это;6;28;штабелёр;прочее;0;6
как управлять вилочным электропогрузчиком;6;16;вилочный;прочее;0;1
тележка гидравлическая для поддонов;6;124;рохля;прочее;0;4
ручной штабелер 6 м;6;109;штабелёр;прочее;0;1
высотный штабелер высотный фото;6;103;штабелёр;прочее;0;1
гидравлическая тележка tor db;6;90;рохля;прочее;0;1
гидравлическая тележка tor hls1000q;6;28;рохля;прочее;0;1
тележка самоходная noblelift pte20n;6;24;электротележка;прочее;0;1
цилиндр для штабелера гидравлический;6;21;штабелёр;прочее;0;1
рохля гидравлическая купить пермь;6;20;рохля;коммерческий;1;1
самоходная тележка greenworks цена;6;13;электротележка;коммерческий;0;1
пермь штабелер электрический купить;6;6;штабелёр;коммерческий;1;2
какое масло залить в рохлю;6;163;рохля;запчасти и сервис;0;2
как снять колеса на рохле;6;44;рохля;прочее;0;1
инструкция по работе с рохлей;6;33;рохля;прочее;0;3
аккумулятор тяговый 12в для штабелера;6;24;штабелёр;запчасти и сервис;0;5
гидравлическая тележка для снятия кпп;6;23;рохля;прочее;0;3
рохля бу купить в екатеринбурге;6;15;рохля;коммерческий;1;10
электрический ричтрак jungheinrich etv 318;6;14;ричтрак;прочее;0;1
как слить масло с рохли;6;10;рохля;запчасти и сервис;0;1
штабелер для бочек 200 л;6;10;штабелёр;прочее;0;2
куда залить масло в штабелер;6;9;штабелёр;запчасти и сервис;0;1
купить штабелер в санкт петербурге;6;9;штабелёр;коммерческий;0;2
замена задних колес на рохле;6;9;рохля;прочее;0;1
штабелер ручной купить в хабаровске;6;7;штабелёр;коммерческий;0;1
рохля для погрузки в машину;6;7;рохля;прочее;0;1
кран штабелер кшос 0 125;6;7;штабелёр;прочее;0;1
как поменять ручку на рохле;6;7;рохля;прочее;0;1
купить ручную рохлю в спб;6;6;рохля;коммерческий;0;1
штабелер электрический самоходный с кабиной;6;6;штабелёр;прочее;0;1
как заправить рохлю маслом правильно;6;6;рохля;запчасти и сервис;0;4
леонардо да винчи самоходная тележка;6;16;электротележка;прочее;0;3
штабелер самоходный с раздвижными вилами;6;70;штабелёр;прочее;0;3
почему не поднимает рохля причина;6;66;рохля;прочее;0;3
садовая самоходная тележка greenworks купить;6;14;электротележка;коммерческий;0;2
пружина рукоятки возвратная для рохли;6;23;рохля;прочее;0;1
рохля гидравлическая из чего состоит;6;6;рохля;прочее;0;2
штабелер ручной lema lm 1516;6;9;штабелёр;прочее;0;3
гидравлическая рохля prolift ac 25;6;18;рохля;прочее;0;1
sdr 1225 prolift самоходный штабелер;6;11;штабелёр;прочее;0;1
из рохли в принца мелодрама;6;6;рохля;прочее;0;1
тележка гидравлическая г п 2 т;6;84;рохля;прочее;0;1
тележка гидравлическая урал т 25 115;6;9;рохля;прочее;0;2
электротележка это транспортное средство или нет;6;8;электротележка;запчасти и сервис;0;1
штабелер с электроподъемом noblift dyc 1020;6;6;штабелёр;прочее;0;1
кто имеет право работать на электроштабелере;6;6;штабелёр;запчасти и сервис;0;1
гидроузел в сборе для гидравлического штабелера;6;6;штабелёр;прочее;0;1
купить ричстакер б у в россии;6;6;ричтрак;коммерческий;0;1
тележка гидравлическая для снятия установки колес;6;50;рохля;прочее;0;1
тв 3000 гидравлическая тележка с весами;6;21;рохля;прочее;0;2
тележка гидравлическая с весами с 3000;6;69;рохля;прочее;0;1
штабелер электрический самоходный купить в спб;6;11;штабелёр;коммерческий;0;2
тележка гидравлическая 2000 кг 1150 мм полиуретановые колеса;6;158;рохля;прочее;0;1
в специальной таре на стеллажах обслуживаемых краном штабелером;6;62;штабелёр;прочее;0;1
штабелер ручной гидравлический купить в ростове на дону;6;6;штабелёр;коммерческий;0;5
тележка гидравлическая tisel t30 г п 3 т;6;6;рохля;прочее;0;1
тележка гидравлическая 2000 кг 1150 мм tor jc;6;13;рохля;прочее;0;2
рохля гидравлическая с подъемным механизмом на 2 метра цена;6;6;рохля;коммерческий;0;1
тележка гидравлическая tor rhp bf 2500 1150х550 мм полиуретановые колеса;6;22;рохля;прочее;0;3
гидравлическая тележка 2000 кг длина вил 1500мм размер платформы 1500х540мм;6;6;рохля;характеристики;0;1
садовая тележка самоходная greenworks g40gck4 40v 106 л с 1хакб 4 а ч и зу;6;6;электротележка;прочее;0;1
погрузчик heli cpcd20;5;43;вилочный;прочее;0;1
heli cpcd35 купить;5;20;вилочный;коммерческий;0;2
cpcd35 jac запчасти;5;14;вилочный;запчасти и сервис;0;2
tfn cpcd50 rxw19;5;8;вилочный;прочее;0;1
погрузчик cpd 20;5;70;вилочный;прочее;0;2
погрузчик jac cpcd 70;5;15;вилочный;прочее;0;3
автопогрузчик jac cpcd30 цена;5;5;вилочный;коммерческий;0;2
heli cpcd25 технические характеристики;5;5;вилочный;характеристики;0;2
купить вилочный погрузчик heli cpcd30;5;13;вилочный;коммерческий;0;2
jac cpcd35 инструкция по эксплуатации;5;8;вилочный;прочее;0;1
вилочный погрузчик ep cpcd15t8;5;19;вилочный;прочее;0;1
купить погрузчик хели вилочный;5;31;вилочный;коммерческий;0;6
купить вилочный погрузчик лонкинг;5;20;вилочный;коммерческий;0;4
погрузчик вилочный lonking fd30t;5;28;вилочный;прочее;0;1
погрузчик вилочный lonking lg20dt;5;15;вилочный;прочее;0;2
погрузчик электрический вилочный jac;5;37;вилочный;прочее;0;3
вилочный погрузчик хели 3 тонны;5;18;вилочный;прочее;0;1
ошибки вилочного погрузчика тойота;5;44;вилочный;запчасти и сервис;0;1
львовский вилочный погрузчик вес;5;12;вилочный;прочее;0;11
электрический вилочный погрузчик тойота;5;36;вилочный;прочее;0;6
7fb15 toyota вилочный погрузчик;5;14;вилочный;прочее;0;3
новый вилочный погрузчик дусан;5;8;вилочный;коммерческий;0;1
стартер на вилочный погрузчик тойота;5;36;вилочный;прочее;0;1
погрузчик вилочный komatsu fd30t 17;5;22;вилочный;прочее;0;5
тойота двигатель на вилочный погрузчик;5;59;вилочный;запчасти и сервис;0;2
вилочный погрузчик balkancar record дв 1792;5;10;вилочный;прочее;0;1
вилочный погрузчик комацу 3 тонны цена;5;5;вилочный;коммерческий;0;3
автопогрузчик стоимость;5;123;вилочный;коммерческий;0;5
устройство автопогрузчика;5;130;вилочный;прочее;0;7
сиденье автопогрузчика;5;62;вилочный;прочее;0;2
автопогрузчик 4008м;5;8;вилочный;прочее;0;2
совок автопогрузчика;5;6;вилочный;прочее;0;1
автопогрузчик 4045р;5;18;вилочный;прочее;0;3
картинка автопогрузчик;5;37;вилочный;прочее;0;10
мощность вилочного погрузчика;5;219;вилочный;характеристики;0;6
сколько стоит автопогрузчик;5;74;вилочный;прочее;0;3
назначение вилочного погрузчика;5;73;вилочный;прочее;0;9
вилочный погрузчик хундай;5;63;вилочный;прочее;0;9
сервис вилочных погрузчиков;5;47;вилочный;прочее;0;1
шиномонтаж вилочных погрузчиков;5;45;вилочный;прочее;0;1
электросхема вилочного погрузчика;5;44;вилочный;прочее;0;4
вилочный погрузчик комбилифт;5;20;вилочный;прочее;0;5
дешевые вилочные погрузчики;5;16;вилочный;коммерческий;0;11
вилочный погрузчик тюнинг;5;12;вилочный;прочее;0;5
как управлять автопогрузчиком;5;11;вилочный;прочее;0;4
вилочный погрузчик 2т;5;78;вилочный;прочее;0;4
un вилочный погрузчик;5;62;вилочный;прочее;0;6
вилочный погрузчик ер;5;26;вилочный;прочее;0;3
погрузчик вилочный 20т;5;11;вилочный;прочее;0;4
вилочный погрузчик газ;5;360;вилочный;прочее;0;6
вилочный погрузчик омск;5;125;вилочный;прочее;0;7
forklift вилочный погрузчик;5;120;вилочный;прочее;0;3
катерпиллер вилочный погрузчик;5;32;вилочный;прочее;0;12
вилочный погрузчик благовещенск;5;54;вилочный;прочее;0;6
hc вилочный погрузчик;5;36;вилочный;прочее;0;8
окоф автопогрузчик дизельный;5;16;вилочный;прочее;0;4
модели вилочных погрузчиков;5;464;вилочный;прочее;0;2
стрела погрузчика вилочного;5;726;вилочный;прочее;0;7
погрузчик вилочный красноярск;5;222;вилочный;прочее;0;9
чита вилочный погрузчик;5;87;вилочный;прочее;0;7
цена автопогрузчика аренда;5;19;вилочный;аренда;0;9
разборка погрузчик вилочный;5;89;вилочный;прочее;0;8
jak вилочный погрузчик;5;34;вилочный;прочее;0;2
погрузчик вилочный болгарин;5;50;вилочный;прочее;0;2
корзина для вилочных погрузчиков;5;162;вилочный;прочее;0;1
платформа для вилочного погрузчика;5;141;вилочный;прочее;0;2
камера для вилочного погрузчика;5;117;вилочный;прочее;0;2
техническое обслуживание вилочного погрузчика;5;95;вилочный;запчасти и сервис;0;4
рулевое управление вилочный погрузчик;5;86;вилочный;прочее;0;3
вилочный погрузчик в уфе;5;83;вилочный;прочее;1;5
вилочные погрузчики в казани;5;71;вилочный;прочее;0;7
выучиться на вилочный погрузчик;5;63;вилочный;прочее;0;2
ступица на вилочный погрузчик;5;53;вилочный;прочее;0;1
карбюратор на вилочный погрузчик;5;49;вилочный;прочее;0;1
аренда вилочного погрузчика новосибирск;5;48;вилочный;аренда;0;15
гидроцилиндр для вилочного погрузчика;5;38;вилочный;запчасти и сервис;0;5
транспортный налог на автопогрузчики;5;31;вилочный;прочее;0;2
автопогрузчик komatsu fd25t 17;5;31;вилочный;прочее;0;1
вилочный погрузчик код тнвэд;5;30;вилочный;прочее;0;7
автопогрузчик toyota 62 8fd30;5;28;вилочный;прочее;0;2
вилочный погрузчик управление джойстиком;5;18;вилочный;прочее;0;1
купить камеру на автопогрузчик;5;18;вилочный;коммерческий;0;1
аренда вилочного погрузчика казань;5;18;вилочный;аренда;0;16
автопогрузчик вилочный heli cpcd18;5;17;вилочный;прочее;0;1
вилочный погрузчик вп 5;5;17;вилочный;прочее;0;3
рулевой мост вилочного погрузчика;5;15;вилочный;прочее;0;1
автопогрузчик doosan d30s 5;5;14;вилочный;прочее;0;2
акт приема передачи автопогрузчика;5;14;вилочный;прочее;0;1
автопогрузчик комацу fg15t 20;5;13;вилочный;прочее;0;1
устройство мачты вилочного погрузчика;5;12;вилочный;прочее;0;3
крыша для вилочного погрузчика;5;9;вилочный;прочее;0;1
автопогрузчик 4014м технические характеристики;5;6;вилочный;характеристики;0;3
автопогрузчик 40810 технические характеристики;5;6;вилочный;характеристики;0;3
аренда вилочного погрузчика севастополь;5;6;вилочный;аренда;0;3
водитель автопогрузчика в домодедово;5;5;вилочный;прочее;0;1
вилочный погрузчик на авито;5;519;вилочный;прочее;0;6
вилочный погрузчик 5 т;5;323;вилочный;прочее;0;5
диск на погрузчик вилочный;5;173;вилочный;прочее;0;4
вилочный погрузчик транспортный налог;5;51;вилочный;прочее;0;4
какие бывают вилочные погрузчики;5;34;вилочный;прочее;0;5
ремонт акпп вилочного погрузчика;5;20;вилочный;запчасти и сервис;0;2
вилочный погрузчик teu fd30t;5;11;вилочный;прочее;0;2
вилочный автопогрузчик амкодор 451а;5;9;вилочный;прочее;0;3
komatsu автопогрузчик fg15t 20;5;8;вилочный;прочее;0;3
вилочный погрузчик 40 тонн;5;5;вилочный;прочее;0;4
самый мощный вилочный погрузчик;5;5;вилочный;прочее;0;2
купить китайский вилочный погрузчик;5;82;вилочный;коммерческий;0;15
аренда вилочного погрузчика уфа;5;34;вилочный;аренда;1;14
вилочный погрузчик дизельный фото;5;21;вилочный;прочее;0;10
код по окоф автопогрузчик;5;16;вилочный;прочее;0;5
технические характеристики автопогрузчик 40814;5;11;вилочный;характеристики;0;6
амортизационная группа автопогрузчик дизельный;5;6;вилочный;прочее;0;3
купить вилочный погрузчик симферополь;5;6;вилочный;коммерческий;0;8
погрузчик вилочный для чего;5;242;вилочный;прочее;0;4
цена новый вилочный погрузчик;5;62;вилочный;коммерческий;0;11
зеркала для вилочного погрузчика;5;48;вилочный;прочее;0;2
вилочный погрузчик купить волгоград;5;41;вилочный;коммерческий;0;4
погрузчик вилочный аренда гомель;5;25;вилочный;аренда;0;4
дром чита погрузчик вилочный;5;5;вилочный;прочее;0;2
вилочный погрузчик geka d35;5;18;вилочный;прочее;0;2
вилочный погрузчик уличный купить;5;6;вилочный;коммерческий;0;2
мощность погрузчика вилочного погрузчика;5;219;вилочный;характеристики;0;1
погрузчик вилочный купить иркутск;5;28;вилочный;коммерческий;0;7
купить вилочный ручной погрузчик;5;13;вилочный;коммерческий;0;8
john deere вилочный погрузчик;5;8;вилочный;прочее;0;1
основные узлы погрузчика вилочного;5;6;вилочный;прочее;0;5
вилочный погрузчик в санкт петербурге;5;144;вилочный;прочее;0;5
руководство по эксплуатации вилочного погрузчика;5;97;вилочный;прочее;0;8
ищу работу на вилочный погрузчик;5;60;вилочный;прочее;0;5
купить кабину на вилочный погрузчик;5;55;вилочный;коммерческий;0;2
купить запчасти для вилочного погрузчика;5;36;вилочный;запчасти и сервис;0;3
купить запчасти к вилочному погрузчику;5;13;вилочный;запчасти и сервис;0;1
панель приборов вилочного погрузчика ниссан;5;13;вилочный;прочее;0;1
учиться на водителя вилочного погрузчика;5;11;вилочный;прочее;0;1
крановая установка на вилочный погрузчик;5;11;вилочный;прочее;0;1
сколько стоит вилочный погрузчик новый;5;9;вилочный;коммерческий;0;3
аренда вилочного погрузчика в красноярске;5;8;вилочный;аренда;0;12
колесосъемник на базе вилочного погрузчика;5;8;вилочный;прочее;0;1
где ставить на учет автопогрузчик;5;8;вилочный;документы;0;2
прицеп для перевозки вилочного погрузчика;5;7;вилочный;прочее;0;1
класс каретки вилочного погрузчика таблица;5;5;вилочный;прочее;0;1
аренда вилочного погрузчика в ульяновске;5;5;вилочный;аренда;0;5
вилочный погрузчик на кун мтз;5;5;вилочный;прочее;0;1
ремонт вилочного погрузчика в саранске;5;5;вилочный;запчасти и сервис;0;1
кабина для вилочного погрузчика коматсу;5;5;вилочный;прочее;0;1
купить шины для вилочного погрузчика;5;47;вилочный;запчасти и сервис;0;3
боковой захват для вилочного погрузчика;5;15;вилочный;навесное;0;2
вилочный погрузчик в твери купить;5;8;вилочный;коммерческий;0;7
продажа б у погрузчиков вилочных;5;15;вилочный;коммерческий;0;5
фильтр масляный для вилочного погрузчика;5;46;вилочный;запчасти и сервис;0;2
погрузчик вилочный с закрытой кабиной;5;23;вилочный;прочее;0;4
шины цельнолитые для вилочного погрузчика;5;69;вилочный;запчасти и сервис;0;3
вилочный погрузчик купить в ижевске;5;5;вилочный;коммерческий;1;4
вилочный погрузчик сколько стоит цена;5;6;вилочный;коммерческий;0;3
вилочный погрузчик ссср 5 тонн;5;22;вилочный;прочее;0;2
каталог запчастей погрузчиков вилочных погрузчиков;5;134;вилочный;запчасти и сервис;0;1
мачта для погрузчика вилочного погрузчика;5;95;вилочный;запчасти и сервис;0;1
органы управления погрузчика вилочного погрузчика;5;81;вилочный;прочее;0;1
дизельный двигатель на погрузчик вилочный;5;74;вилочный;запчасти и сервис;0;2
рейтинг китайских погрузчиков вилочных погрузчиков;5;27;вилочный;выбор;0;1
насадка на вилочный погрузчик кран;5;12;вилочный;прочее;0;1
погрузчик вилочный купить в екб;5;10;вилочный;коммерческий;0;1
стекло лобовое на львовский автопогрузчик;5;10;вилочный;прочее;0;1
погрузчик вилочный дизельный амортизационная группа;5;9;вилочный;прочее;0;1
аренда вилочных погрузчиков в орле;5;7;вилочный;аренда;0;1
псм на вилочный погрузчик купить;5;5;вилочный;коммерческий;0;1
погрузчик вилочный 3т электрический купить;5;5;вилочный;коммерческий;0;1
купить погрузчик вилочный бу цена дизель;5;11;вилочный;коммерческий;0;7
захват для кип на вилочный погрузчик;5;11;вилочный;навесное;0;2
вилочный погрузчик с захватом для бочек;5;10;вилочный;навесное;0;1
нужно ли осаго на вилочный погрузчик;5;9;вилочный;прочее;0;3
где поставить на учет вилочный погрузчик;5;8;вилочный;документы;0;2
какой вилочный погрузчик лучше купить отзывы;5;8;вилочный;коммерческий;0;1
аренда навесного оборудования для вилочного погрузчика;5;5;вилочный;аренда;0;1
как поменять масло на вилочном погрузчике;5;14;вилочный;запчасти и сервис;0;1
запчасти для вилочных погрузчиков набережные челны;5;11;вилочный;запчасти и сервис;1;1
аренда вилочного погрузчика спб с водителем;5;11;вилочный;аренда;0;4
погрузчик вилочный купить бу в новосибирске;5;8;вилочный;коммерческий;0;12
погрузчик вилочный 10 тонн бу купить;5;6;вилочный;коммерческий;0;3
погрузчик вилочный купить в краснодарском крае;5;54;вилочный;коммерческий;0;5
погрузчик вилочный в аренду в новосибирске;5;31;вилочный;аренда;0;3
цепи для погрузчика вилочного на колеса;5;12;вилочный;прочее;0;5
вилочный погрузчик бу купить москва и область;5;45;вилочный;коммерческий;0;2
из чего сделан противовес на вилочном погрузчике;5;9;вилочный;характеристики;0;3
захват для биг бэгов на вилочный погрузчик;5;5;вилочный;навесное;0;2
вилочный погрузчик б у купить в спб;5;8;вилочный;коммерческий;0;12
купить вилочный погрузчик 5 тонн дизельный бу;5;6;вилочный;коммерческий;0;7
вилочный погрузчик 2 5 тонны с кабиной;5;11;вилочный;прочее;0;1
какое масло заливать в гидравлику погрузчика вилочного погрузчика;5;35;вилочный;запчасти и сервис;0;1
какие права нужны на погрузчик на складе вилочный погрузчик;5;24;вилочный;прочее;0;1
купить б у погрузчик вилочный купить в санкт петербурге;5;5;вилочный;коммерческий;0;1
гост 16215 80 автопогрузчики вилочные общего назначения общие технические условия;5;8;вилочный;прочее;0;1
при перемещении грузов автопогрузчиками и электропогрузчиками какие требования необходимо соблюдать;5;5;вилочный;прочее;0;2
скорость движения автопогрузчика в затрудненных местах и при движении задним ходом должна составлять;5;16;вилочный;характеристики;0;1
электротележек;5;11066;электротележка;прочее;0;1
куплю штабелер;5;6090;штабелёр;прочее;0;2
штабелер что;5;2068;штабелёр;прочее;0;3
ричтрак что;5;1612;ричтрак;прочее;0;1
аккумулятор штабелера;5;1169;штабелёр;запчасти и сервис;0;6
электроштабелер что;5;574;штабелёр;прочее;0;1
рохля паллет;5;468;рохля;прочее;0;7
рокла рохля;5;228;рохля;прочее;0;2
рохля 5т;5;98;рохля;прочее;0;2
машинист штабелера;5;88;штабелёр;прочее;0;2
штабелер казань;5;88;штабелёр;прочее;0;3
штабелер челябинск;5;86;штабелёр;прочее;1;2
рохля калининград;5;83;рохля;прочее;0;3
ричтрак toyota;5;81;ричтрак;прочее;0;2
рохля смарт;5;76;рохля;прочее;0;4
гидроузел штабелера;5;64;штабелёр;прочее;0;2
тяговая электротележка;5;63;электротележка;прочее;0;1
электротележка noblelift;5;48;электротележка;прочее;0;1
гидро рохля;5;49;рохля;прочее;0;2
отремонтировать рохлю;5;39;рохля;запчасти и сервис;0;2
ричтрак челябинск;5;37;ричтрак;прочее;1;1
ручная электротележка;5;37;электротележка;прочее;0;5
рохля ставрополь;5;37;рохля;прочее;0;4
штабелер рф;5;35;штабелёр;прочее;0;3
разборка рохли;5;35;рохля;прочее;0;2
электроштабелер линда;5;30;штабелёр;прочее;0;6
китайские электротележки;5;28;электротележка;прочее;0;2
рохля 800мм;5;25;рохля;прочее;0;1
электротележка рохля;5;22;рохля;прочее;0;4
марка электротележки;5;20;электротележка;прочее;0;2
электротележки челябинск;5;17;электротележка;прочее;1;4
робот ричтрак;5;16;ричтрак;прочее;0;1
pfaff штабелер;5;16;штабелёр;прочее;0;4
рохля петрозаводск;5;12;рохля;прочее;0;2
штабелер 8м;5;10;штабелёр;прочее;0;2
электротележка ссср;5;9;электротележка;прочее;0;2
супер рохля;5;8;рохля;прочее;0;1
рохля наименование;5;8;рохля;прочее;0;1
штабелер бай;5;8;штабелёр;прочее;0;1
штабелер атлас;5;5;штабелёр;прочее;0;1
размеры штабелер;5;217;штабелёр;характеристики;0;7
рохля heli;5;202;рохля;прочее;0;1
эл штабелер;5;133;штабелёр;прочее;0;4
коротковильная рохля;5;68;рохля;прочее;0;3
балканкар электротележка;5;41;электротележка;прочее;0;4
боковой электроштабелер;5;31;штабелёр;прочее;0;2
рохли конструкция;5;22;рохля;прочее;0;5
ричтрак уличный;5;11;ричтрак;прочее;0;1
штабелер подъемный;5;560;штабелёр;прочее;0;3
рохля пролифт;5;61;рохля;прочее;0;2
штабелер авто;5;33;штабелёр;прочее;0;4
электроштабелер рохля;5;27;рохля;прочее;0;5
рохля газовая;5;21;рохля;прочее;0;2
имя рохля;5;12;рохля;прочее;0;2
самоподъемная рохля;5;8;рохля;прочее;0;1
электротележка makita;5;5;электротележка;прочее;0;1
toyota штабелер;5;90;штабелёр;прочее;0;4
электротележка jac;5;40;электротележка;прочее;0;3
передвижная рохля;5;40;рохля;прочее;0;2
helper штабелер;5;34;штабелёр;прочее;0;3
ferrari ричстакер;5;34;ричтрак;прочее;0;2
тойота электроштабелер;5;26;штабелёр;прочее;0;4
hyster ричстакер;5;32;ричтрак;прочее;0;2
штабелер helli;5;10;штабелёр;прочее;0;1
электротележка болгарская;5;13;электротележка;прочее;0;2
китай штабелер;5;92;штабелёр;прочее;0;4
atlet электроштабелер;5;39;штабелёр;прочее;0;5
бытовая рохля;5;24;рохля;прочее;0;2
трехтонная рохля;5;9;рохля;прочее;0;1
электротележки современные;5;7;электротележка;прочее;0;2
тележка гидравлическая 2;5;1187;рохля;прочее;0;2
рохли гидравлические запчасти;5;238;рохля;запчасти и сервис;0;2
рохли нижнем новгороде;5;192;рохля;прочее;1;5
водитель на ричтрак;5;184;ричтрак;прочее;0;1
штабелер cddr15 iii;5;111;штабелёр;прочее;0;1
штабелер 6 метров;5;108;штабелёр;прочее;0;2
рохля гидравлическая новосибирск;5;106;рохля;прочее;0;2
платформа для штабелера;5;106;штабелёр;прочее;0;1
цена на штабелер;5;100;штабелёр;коммерческий;0;2
штабелер с электроприводом;5;89;штабелёр;прочее;0;3
штабелер электрический грузоподъемность;5;89;штабелёр;характеристики;0;3
ричтрак с кабиной;5;78;ричтрак;прочее;0;1
рохля с поддоном;5;76;рохля;прочее;0;2
какой штабелер выбрать;5;75;штабелёр;выбор;0;2
как починить рохлю;5;64;рохля;прочее;0;2
оборудование для штабелера;5;57;штабелёр;прочее;0;3
гидравлическая тележка высокая;5;50;рохля;прочее;0;2
рохля 10 тонн;5;44;рохля;прочее;0;2
рохля 5000 кг;5;42;рохля;прочее;0;2
рохля аренда екатеринбург;5;41;рохля;аренда;1;7
кто такая рохля;5;40;рохля;запчасти и сервис;0;1
штабелер новый цена;5;34;штабелёр;коммерческий;0;3
проезд для штабелера;5;34;штабелёр;прочее;0;1
рохля гидравлическая характеристики;5;33;рохля;характеристики;0;2
зарядка для электроштабелера;5;31;штабелёр;прочее;0;1
техническое обслуживание рохли;5;30;рохля;запчасти и сервис;0;1
рохля гидравлическая xilin;5;30;рохля;прочее;0;2
рохля сколько грузоподъемность;5;25;рохля;характеристики;0;3
как выглядит электроштабелер;5;23;штабелёр;прочее;0;1
гидравлическая тележка автосервис;5;22;рохля;прочее;0;2
радиус разворота штабелера;5;22;штабелёр;характеристики;0;2
штабелер для контейнеров;5;18;штабелёр;прочее;0;4
как управлять электротележкой;5;16;электротележка;прочее;0;2
электропогрузчик вилочный ручной;5;15;вилочный;прочее;0;10
купить рохлю погрузчик;5;14;рохля;коммерческий;0;4
парень с рохлей;5;13;рохля;прочее;0;2
рохля тор 3000;5;13;рохля;прочее;0;1
как работает ричстакер;5;13;ричтрак;прочее;0;1
штабелер на рельсах;5;11;штабелёр;прочее;0;3
водитель штабелера ивантеевка;5;11;штабелёр;прочее;0;1
электротележка 2 тонны;5;11;электротележка;прочее;0;1
гонки на рохлях;5;10;рохля;прочее;0;2
как собирается рохля;5;10;рохля;прочее;0;1
рохля другое название;5;10;рохля;прочее;0;3
штабелер самый большой;5;10;штабелёр;прочее;0;3
самоходная тележка тюмень;5;10;электротележка;прочее;1;3
гидравлическая тележка ножницы;5;9;рохля;прочее;0;3
электронная рохля цена;5;9;рохля;коммерческий;0;5
рохля для прицепа;5;8;рохля;прочее;0;3
рохля 2000кг цена;5;7;рохля;коммерческий;0;1
отбойник от рохли;5;7;рохля;прочее;0;2
как выбрать электроштабелер;5;7;штабелёр;выбор;0;2
штабелер юнгхайнрих цена;5;7;штабелёр;коммерческий;0;4
электротележка 7 букв;5;7;электротележка;прочее;0;1
рохля короткая размеры;5;6;рохля;характеристики;0;3
ричстакер аренда спб;5;6;ричтрак;аренда;0;1
штабелер краун фото;5;5;штабелёр;прочее;0;1
оператор штабелера профстандарт;5;5;штабелёр;прочее;0;1
тележка гидравлическая облегченная;5;5;рохля;прочее;0;1
штабелер по английски;5;5;штабелёр;прочее;0;2
рохля гидравлическая тура;5;5;рохля;прочее;0;1
кран штабелер электрический;5;119;штабелёр;прочее;0;3
купить рохля иркутск;5;81;рохля;коммерческий;0;6
длинновильная гидравлическая тележка;5;76;рохля;прочее;0;3
узкая гидравлическая тележка;5;37;рохля;прочее;0;3
аренда рохли уфа;5;24;рохля;аренда;1;7
купить штабелер симферополь;5;7;штабелёр;коммерческий;0;3
тележка гидравлическая калининград;5;23;рохля;прочее;0;2
как пишется ричтрак;5;21;ричтрак;прочее;0;2
штабелер tor отзывы;5;21;штабелёр;выбор;0;6
ремонт штабелеров ярославль;5;13;штабелёр;запчасти и сервис;0;2
рохля купить мурманск;5;7;рохля;коммерческий;0;4
профстандарт водитель электроштабелера;5;8;штабелёр;прочее;0;2
гидроборт и рохля;5;41;рохля;прочее;0;1
рохля мини купить;5;35;рохля;коммерческий;0;3
рохля плохо поднимает;5;38;рохля;прочее;0;2
штабелер курск купить;5;25;штабелёр;коммерческий;0;2
самоходные штабелеры стоимость;5;23;штабелёр;коммерческий;0;5
штабелер кто такой;5;19;штабелёр;запчасти и сервис;0;3
как включить ричтрак;5;9;ричтрак;прочее;0;1
ремонт рохли пятигорск;5;6;рохля;запчасти и сервис;0;2
штабелеров электрических самоходных;5;2657;штабелёр;прочее;0;1
гидравлическая тележка 800;5;351;рохля;прочее;0;2
аренда рохля электрическая;5;94;рохля;аренда;0;6
штабелер купить авито;5;135;штабелёр;коммерческий;0;3
купить рохля волгоград;5;43;рохля;коммерческий;0;7
рохля не опускает;5;38;рохля;прочее;0;1
ричтрак узкопроходный купить;5;19;ричтрак;коммерческий;0;2
гидравлический ножной штабелер;5;10;штабелёр;прочее;0;3
маленький штабелер ручной;5;7;штабелёр;прочее;0;2
jungheinrich штабелер цена;5;14;штабелёр;коммерческий;0;8
погрузчики и ричтраки;5;226;ричтрак;прочее;0;3
водитель вилочного электропогрузчика;5;50;вилочный;прочее;0;1
купить электроштабелер новосибирск;5;23;штабелёр;коммерческий;0;2
рохля jungheinrich купить;5;19;рохля;коммерческий;0;3
штабелер электрический спб;5;37;штабелёр;прочее;0;1
штабелер yale купить;5;26;штабелёр;коммерческий;0;4
лестничная самоходная тележка;5;14;электротележка;прочее;0;8
штабелер ошибка 02а22;5;11;штабелёр;запчасти и сервис;0;2
рохля toyota электрическая;5;9;рохля;прочее;0;1
электро рохли прокат;5;7;рохля;аренда;0;1
рохли тор отзывы;5;7;рохля;выбор;0;2
рохля электрическая казань;5;6;рохля;прочее;0;1
отзывы штабелер тисел;5;5;штабелёр;выбор;0;1
уличная гидравлическая тележка;5;5;рохля;прочее;0;1
ручные гидравлические тележки рохли;5;236;рохля;прочее;0;4
краны штабелеры электрические мостовые;5;67;штабелёр;прочее;0;2
штабелер грузоподъемность 1000 кг;5;63;штабелёр;характеристики;0;2
ричтрак с кабиной стоя;5;41;ричтрак;прочее;0;1
гидравлическая тележка нижнем новгороде;5;40;рохля;прочее;1;3
рохля 2000 кг купить;5;29;рохля;коммерческий;0;3
рохля гидравлическая все инструменты;5;29;рохля;прочее;0;2
купить ремкомплект для рохли;5;28;рохля;коммерческий;0;2
как получить права штабелера;5;28;штабелёр;прочее;0;1
ручной гидравлический штабелер simetro;5;27;штабелёр;прочее;0;2
рохля с укороченными вилами;5;22;рохля;прочее;0;2
рохля гидравлическая купить волгоград;5;21;рохля;коммерческий;0;1
как обращаться с рохлей;5;17;рохля;прочее;0;1
рохля бу в хабаровске;5;16;рохля;коммерческий;0;2
электротележка для перевозки людей;5;15;электротележка;прочее;0;1
рохля с широкими вилами;5;14;рохля;прочее;0;1
купить рохлю в благовещенске;5;13;рохля;коммерческий;0;3
штабелер prolift sdf 1030;5;13;штабелёр;прочее;0;2
штабелер jungheinrich ejc 110;5;13;штабелёр;прочее;0;2
срок службы рохли гидравлической;5;12;рохля;прочее;0;1
рохля гидравлическая маленькая купить;5;12;рохля;коммерческий;0;1
купить рохлю в армавире;5;12;рохля;коммерческий;0;4
блок тандема для рохли;5;12;рохля;прочее;0;1
гидравлическая тележка в перми;5;11;рохля;прочее;1;2
купить рохлю в анапе;5;11;рохля;коммерческий;0;3
купить штабелер ручной воронеж;5;11;штабелёр;коммерческий;0;2
рохля купить в сочи;5;11;рохля;коммерческий;0;7
штабелер самоходный noblelift pse12b;5;10;штабелёр;прочее;0;2
штабелер с боковыми вилами;5;10;штабелёр;прочее;0;2
электротележка эк 202 цена;5;9;электротележка;коммерческий;0;4
ричтрак с боковыми вилами;5;9;ричтрак;прочее;0;1
водитель штабелера кто это;5;8;штабелёр;запчасти и сервис;0;4
сколько стоит рохля складская;5;8;рохля;прочее;0;2
рохля 5000 кг купить;5;8;рохля;коммерческий;0;1
ричтрак с боковой загрузкой;5;8;ричтрак;прочее;0;1
рохля в аренду оренбург;5;8;рохля;аренда;1;2
штабелер с рулонным захватом;5;8;штабелёр;навесное;0;2
откуда пошло название рохля;5;7;рохля;прочее;0;2
запчасти для ручной рохли;5;7;рохля;запчасти и сервис;0;1
для чего предназначается ричтрак;5;6;ричтрак;прочее;0;2
кран штабелер стеллажный стоимость;5;6;штабелёр;коммерческий;0;3
кран штабелер кшо 250;5;5;штабелёр;прочее;0;1
штабелер 4 метра авито;5;5;штабелёр;прочее;0;1
доливка масла в рохлю;5;5;рохля;прочее;0;1
штабелер без опорных вил;5;5;штабелёр;прочее;0;2
ремонт рохли в тюмени;5;5;рохля;запчасти и сервис;1;2
электроштабелер купить в уфе;5;5;штабелёр;коммерческий;1;3
мужик упал с рохлей;5;5;рохля;прочее;0;2
штабелер tor cty eh;5;149;штабелёр;прочее;0;1
колесики для рохли купить;5;10;рохля;коммерческий;0;2
как правильно писать электроштабелер;5;6;штабелёр;прочее;0;1
купить электроштабелер в тюмени;5;7;штабелёр;коммерческий;1;2
на штабелер нужны права;5;136;штабелёр;прочее;0;2
колеса задние на рохлю;5;103;рохля;прочее;0;2
б у купить ричтрак;5;27;ричтрак;коммерческий;0;5
рохля гидравлическая купить белгород;5;19;рохля;коммерческий;0;1
машина рохля как называется;5;18;рохля;прочее;0;3
гидравлическая тележка купить тольятти;5;8;рохля;коммерческий;0;3
купить штабелер в барнауле;5;5;штабелёр;коммерческий;0;2
штабелер ручной 2 тонны;5;149;штабелёр;прочее;0;2
гидравлическая тележка купить новосибирск;5;45;рохля;коммерческий;0;3
ручной штабелер бу купить;5;46;штабелёр;коммерческий;0;12
электрическая самоходная тележка цена;5;20;электротележка;коммерческий;0;4
самоходный штабелер noblelift pse12n;5;13;штабелёр;прочее;0;2
кран штабелер стеллажный это;5;11;штабелёр;прочее;0;3
штабелер купить в саранске;5;8;штабелёр;коммерческий;0;1
складская гидравлическая тележка рохля;5;45;рохля;прочее;0;4
штабелер гидравлический в аренду;5;24;штабелёр;аренда;0;2
гидравлический штабелер для бочек;5;36;штабелёр;прочее;0;2
ричтрак купить новый штиль;5;5;ричтрак;коммерческий;0;2
рохли купить в нижнем;5;148;рохля;коммерческий;1;3
гидравлическая тележка т 25;5;79;рохля;прочее;0;2
колеса для рохли гидравлической;5;69;рохля;прочее;0;3
электрический штабелер купить волгоград;5;21;штабелёр;коммерческий;0;1
штабелер повышенной проходимости самоходный;5;7;штабелёр;прочее;0;2
парные колеса для рохли;5;7;рохля;прочее;0;1
табло для весов рохли;5;7;рохля;прочее;0;1
штабелер mse 1000 запчасти;5;5;штабелёр;запчасти и сервис;0;1
гидравлическая тележка севастополь купить;5;5;рохля;коммерческий;0;2
тележка гидравлическая тг 2000;5;5;рохля;прочее;0;1
штабелер с электроподъемом мини;5;5;штабелёр;прочее;0;2
штабелер гидравлический tor cty eh;5;124;штабелёр;прочее;0;1
тележка гидравлическая для снятия колес;5;96;рохля;прочее;0;2
ручная гидравлическая тележка для бочек;5;33;рохля;прочее;0;2
рохля гидравлическая с ножничным подъемом;5;17;рохля;прочее;0;2
штабелер ручной купить в новосибирске;5;14;штабелёр;коммерческий;0;5
какое масло заливается в штабелер;5;12;штабелёр;запчасти и сервис;0;1
гидравлическая тележка ростов на дону;5;11;рохля;прочее;0;2
купить рохлю гидравлическую в тюмени;5;11;рохля;коммерческий;1;1
тележка для перевозки грузов рохля;5;10;рохля;прочее;0;5
как поменять масло в штабелере;5;9;штабелёр;запчасти и сервис;0;1
водитель штабелера график 1 3;5;8;штабелёр;прочее;0;1
рохля для подъема на высоту;5;7;рохля;прочее;0;2
штабелер в аренду санкт петербург;5;7;штабелёр;аренда;0;5
гидравлическая тележка на мягких колесах;5;6;рохля;прочее;0;1
как снять колесо на штабелере;5;6;штабелёр;прочее;0;1
сколько стоит штабелер электрический цена;5;5;штабелёр;коммерческий;0;2
какая жидкость заливается в рохлю;5;5;рохля;прочее;0;1
рохля с весами в краснодаре;5;5;рохля;прочее;0;1
как менять масло в штабелере;5;5;штабелёр;запчасти и сервис;0;1
инструкция по эксплуатации гидравлическая тележка;5;61;рохля;прочее;0;9
код тн вэд штабелер электрический;5;10;штабелёр;импорт;0;2
как загрузить штабелер в машину;5;7;штабелёр;прочее;0;1
рохля гидравлическая 2 тонны купить;5;169;рохля;коммерческий;0;1
ролики подвилочные для гидравлической тележки;5;28;вилочный;прочее;0;3
тележка гидравлическая рохля 5 тонн;5;16;рохля;прочее;0;3
рохля с подъемным механизмом бу;5;8;рохля;прочее;0;1
гидравлическая рохля с высоким подъемом;5;8;рохля;прочее;0;2
штабелер электрический с раздвижными вилами;5;59;штабелёр;прочее;0;1
срок полезного использования штабелер самоходный;5;52;штабелёр;прочее;0;4
штабелер гидравлический ручной sdf 1516;5;8;штабелёр;прочее;0;2
платформенная электротележка для перевозки грузов;5;12;электротележка;прочее;0;1
ведущее колесо на ричтрак купить;5;11;ричтрак;коммерческий;0;1
вилочный электропогрузчик купить в екатеринбурге;5;10;вилочный;коммерческий;1;3
тележка гидравлическая на больших колесах;5;5;рохля;прочее;0;2
садовая самоходная тележка на аккумуляторе;5;8;электротележка;запчасти и сервис;0;1
рохля чем отличается от тележки;5;8;рохля;выбор;0;1
штабелер электрический самоходный купить иркутск;5;7;штабелёр;коммерческий;0;1
ручная гидравлическая тележка с ножничным подъемом;5;16;рохля;прочее;0;3
колеса для рохли купить в курске;5;5;рохля;коммерческий;0;1
какое масло заливать в цилиндр рохли;5;5;рохля;запчасти и сервис;0;1
масло для рохли тележки гидравлические какое;5;5;рохля;запчасти и сервис;0;1
рохля гидравлическая с подъемным механизмом фото;5;5;рохля;прочее;0;1
отличие ричтрака от штабелера в чем;5;34;штабелёр;прочее;0;3
гидравлическая тележка helper bt 25 115;5;7;рохля;прочее;0;2
гидравлическая тележка для снятия грузовых колес;5;30;рохля;прочее;0;2
грузовая самоходная тележка 7 букв сканворд;5;5;электротележка;прочее;0;4
купить рохлю б у в новосибирске;5;13;рохля;коммерческий;0;6
ручной штабелер гидравлический купить в краснодаре;5;12;штабелёр;коммерческий;0;7
тележка гидравлическая tor jc 2000 tor;5;33;рохля;прочее;0;1
гидравлическая тележка grost тележка гидравлическая 2500;5;10;рохля;прочее;0;1
ручной штабелер grost hdr 10 30;5;10;штабелёр;прочее;0;1
колеса на рохлю купить в тюмени;5;6;рохля;коммерческий;1;1
самоходная тележка с двигателем внутреннего сгорания 7;5;28;электротележка;запчасти и сервис;0;1
тележка гидравлическая tor rhp 2500 резиновые колеса;5;18;рохля;прочее;0;3
рохля гидравлическая б у купить в москве;5;7;рохля;коммерческий;0;1
ручной штабелер гидравлический купить в спб бу;5;6;штабелёр;коммерческий;0;4
самоходная тележка с двигателем внутреннего сгорания и грузовой платформой;5;39;электротележка;запчасти и сервис;0;1
гидравлическая тележка tor pwh35 ii 3 5 т 1150мм полиуретан колеса 1002514;5;5;рохля;прочее;0;1
погрузчик транспортировщик рулонов сена тп 10 1;5;8;электротележка;прочее;0;1
