Запрос;Число запросов;Регион;Период
погрузчик;37767;Свердловская область;05.08.2026 — 05.09.2026
фронтальный погрузчик;6502;Свердловская область;05.08.2026 — 05.09.2026
экскаватор погрузчик;6274;Свердловская область;05.08.2026 — 05.09.2026
погрузчик вилочный;3941;Свердловская область;05.08.2026 — 05.09.2026
мини погрузчик;3696;Свердловская область;05.08.2026 — 05.09.2026
купить погрузчик;3458;Свердловская область;05.08.2026 — 05.09.2026
водитель погрузчика;2600;Свердловская область;05.08.2026 — 05.09.2026
погрузчик екатеринбург;2257;Свердловская область;05.08.2026 — 05.09.2026
какие погрузчики;1499;Свердловская область;05.08.2026 — 05.09.2026
погрузчик jcb;899;Свердловская область;05.08.2026 — 05.09.2026
водитель погрузчика вакансии;868;Свердловская область;05.08.2026 — 05.09.2026
аренда погрузчика;820;Свердловская область;05.08.2026 — 05.09.2026
купить экскаватор погрузчик;818;Свердловская область;05.08.2026 — 05.09.2026
купить фронтальный погрузчик;786;Свердловская область;05.08.2026 — 05.09.2026
погрузчик сколько;686;Свердловская область;05.08.2026 — 05.09.2026
мини погрузчик купить;655;Свердловская область;05.08.2026 — 05.09.2026
погрузчик цена;643;Свердловская область;05.08.2026 — 05.09.2026
погрузчик бу;638;Свердловская область;05.08.2026 — 05.09.2026
погрузчик свердловская;601;Свердловская область;05.08.2026 — 05.09.2026
где погрузчик;593;Свердловская область;05.08.2026 — 05.09.2026
купить погрузчик екатеринбург;574;Свердловская область;05.08.2026 — 05.09.2026
водитель погрузчика екатеринбурге;570;Свердловская область;05.08.2026 — 05.09.2026
для фронтального погрузчика;561;Свердловская область;05.08.2026 — 05.09.2026
машинист погрузчика;547;Свердловская область;05.08.2026 — 05.09.2026
для вилочных погрузчиков;542;Свердловская область;05.08.2026 — 05.09.2026
погрузчики свердловская область;537;Свердловская область;05.08.2026 — 05.09.2026
работа на погрузчике;535;Свердловская область;05.08.2026 — 05.09.2026
китайский погрузчик;533;Свердловская область;05.08.2026 — 05.09.2026
телескопический погрузчик;527;Свердловская область;05.08.2026 — 05.09.2026
экскаватор погрузчик jcb;519;Свердловская область;05.08.2026 — 05.09.2026
купить погрузчик бу;500;Свердловская область;05.08.2026 — 05.09.2026
отзывы погрузчиков;489;Свердловская область;05.08.2026 — 05.09.2026
работа водитель погрузчика;462;Свердловская область;05.08.2026 — 05.09.2026
вакансии погрузчика екатеринбург;451;Свердловская область;05.08.2026 — 05.09.2026
задний погрузчик;448;Свердловская область;05.08.2026 — 05.09.2026
погрузчик 5;439;Свердловская область;05.08.2026 — 05.09.2026
дизельный погрузчик;426;Свердловская область;05.08.2026 — 05.09.2026
погрузчик тонн;413;Свердловская область;05.08.2026 — 05.09.2026
погрузчик xcmg;406;Свердловская область;05.08.2026 — 05.09.2026
погрузчик характеристики;405;Свердловская область;05.08.2026 — 05.09.2026
масло в погрузчик;404;Свердловская область;05.08.2026 — 05.09.2026
мост погрузчика;392;Свердловская область;05.08.2026 — 05.09.2026
трактор погрузчик;391;Свердловская область;05.08.2026 — 05.09.2026
погрузчик 3;384;Свердловская область;05.08.2026 — 05.09.2026
права на погрузчик;378;Свердловская область;05.08.2026 — 05.09.2026
авито погрузчик;374;Свердловская область;05.08.2026 — 05.09.2026
экскаваторы погрузчики екатеринбург;365;Свердловская область;05.08.2026 — 05.09.2026
водитель погрузчика вакансии екатеринбург;362;Свердловская область;05.08.2026 — 05.09.2026
аренда экскаватора погрузчика;356;Свердловская область;05.08.2026 — 05.09.2026
управление погрузчиком;349;Свердловская область;05.08.2026 — 05.09.2026
свежая вакансия погрузчиком;347;Свердловская область;05.08.2026 — 05.09.2026
фронтальный погрузчик екатеринбург;346;Свердловская область;05.08.2026 — 05.09.2026
для погрузчика экскаватора;346;Свердловская область;05.08.2026 — 05.09.2026
купить вилочный погрузчик;345;Свердловская область;05.08.2026 — 05.09.2026
ремонт погрузчиков;339;Свердловская область;05.08.2026 — 05.09.2026
вилочные погрузчики екатеринбург;339;Свердловская область;05.08.2026 — 05.09.2026
можно погрузчик;332;Свердловская область;05.08.2026 — 05.09.2026
передний погрузчик;331;Свердловская область;05.08.2026 — 05.09.2026
замена погрузчику;330;Свердловская область;05.08.2026 — 05.09.2026
погрузчик амкодор;322;Свердловская область;05.08.2026 — 05.09.2026
погрузчик лонкинг;321;Свердловская область;05.08.2026 — 05.09.2026
погрузчик 1;318;Свердловская область;05.08.2026 — 05.09.2026
погрузчик видео;315;Свердловская область;05.08.2026 — 05.09.2026
купить для погрузчиков;314;Свердловская область;05.08.2026 — 05.09.2026
коробка погрузчика;312;Свердловская область;05.08.2026 — 05.09.2026
погрузчик коробок;312;Свердловская область;05.08.2026 — 05.09.2026
водитель фронтального погрузчика;311;Свердловская область;05.08.2026 — 05.09.2026
погрузчик электрический;309;Свердловская область;05.08.2026 — 05.09.2026
погрузчик тойота;307;Свердловская область;05.08.2026 — 05.09.2026
водитель погрузчика свежие;297;Свердловская область;05.08.2026 — 05.09.2026
свежие вакансии водитель погрузчика;291;Свердловская область;05.08.2026 — 05.09.2026
погрузчик фото;287;Свердловская область;05.08.2026 — 05.09.2026
какие экскаваторы погрузчики;284;Свердловская область;05.08.2026 — 05.09.2026
самодельный погрузчик;281;Свердловская область;05.08.2026 — 05.09.2026
запчасти для погрузчиков;280;Свердловская область;05.08.2026 — 05.09.2026
погрузчик liugong;276;Свердловская область;05.08.2026 — 05.09.2026
погрузчик lonking;261;Свердловская область;05.08.2026 — 05.09.2026
двигатель на погрузчик;259;Свердловская область;05.08.2026 — 05.09.2026
ковш фронтального погрузчика;258;Свердловская область;05.08.2026 — 05.09.2026
экскаватор погрузчик бу;255;Свердловская область;05.08.2026 — 05.09.2026
погрузчик т;246;Свердловская область;05.08.2026 — 05.09.2026
категория на погрузчик;242;Свердловская область;05.08.2026 — 05.09.2026
погрузчик 2;242;Свердловская область;05.08.2026 — 05.09.2026
погрузчик люгонг;241;Свердловская область;05.08.2026 — 05.09.2026
погрузчик sdlg;225;Свердловская область;05.08.2026 — 05.09.2026
вилочный погрузчик тонны;225;Свердловская область;05.08.2026 — 05.09.2026
львовский погрузчик;224;Свердловская область;05.08.2026 — 05.09.2026
работа водитель погрузчика екатеринбург;223;Свердловская область;05.08.2026 — 05.09.2026
колеса на погрузчик;223;Свердловская область;05.08.2026 — 05.09.2026
вакансии на погрузчик;220;Свердловская область;05.08.2026 — 05.09.2026
машинист экскаватора погрузчика;218;Свердловская область;05.08.2026 — 05.09.2026
услуги погрузчика;217;Свердловская область;05.08.2026 — 05.09.2026
погрузчик б у;216;Свердловская область;05.08.2026 — 05.09.2026
погрузчик вольво;215;Свердловская область;05.08.2026 — 05.09.2026
погрузчик какая категория;210;Свердловская область;05.08.2026 — 05.09.2026
работа машинист погрузчика;208;Свердловская область;05.08.2026 — 05.09.2026
размер погрузчика;208;Свердловская область;05.08.2026 — 05.09.2026
где находится погрузчик;207;Свердловская область;05.08.2026 — 05.09.2026
колесный погрузчик;206;Свердловская область;05.08.2026 — 05.09.2026
купить экскаватор погрузчик бу;206;Свердловская область;05.08.2026 — 05.09.2026
шины на погрузчик;203;Свердловская область;05.08.2026 — 05.09.2026
гидравлический погрузчик;202;Свердловская область;05.08.2026 — 05.09.2026
погрузчики схемы;202;Свердловская область;05.08.2026 — 05.09.2026
водитель вилочного погрузчика;202;Свердловская область;05.08.2026 — 05.09.2026
работа для погрузчика;196;Свердловская область;05.08.2026 — 05.09.2026
гидравлика погрузчика;194;Свердловская область;05.08.2026 — 05.09.2026
мини погрузчик екатеринбург;194;Свердловская область;05.08.2026 — 05.09.2026
рулевое погрузчика;194;Свердловская область;05.08.2026 — 05.09.2026
погрузчик какое масло;193;Свердловская область;05.08.2026 — 05.09.2026
вилы на погрузчик;192;Свердловская область;05.08.2026 — 05.09.2026
обучение на погрузчик;186;Свердловская область;05.08.2026 — 05.09.2026
погрузчик 500;185;Свердловская область;05.08.2026 — 05.09.2026
новый погрузчик;184;Свердловская область;05.08.2026 — 05.09.2026
сколько стоит погрузчик;183;Свердловская область;05.08.2026 — 05.09.2026
погрузчик jac;183;Свердловская область;05.08.2026 — 05.09.2026
мини погрузчик jcb;180;Свердловская область;05.08.2026 — 05.09.2026
запчасти погрузчик екатеринбург;180;Свердловская область;05.08.2026 — 05.09.2026
фронтальный погрузчик свердловская область;178;Свердловская область;05.08.2026 — 05.09.2026
экскаватор погрузчик свердловская область;178;Свердловская область;05.08.2026 — 05.09.2026
тормозы погрузчиков;176;Свердловская область;05.08.2026 — 05.09.2026
погрузчик арамиль;174;Свердловская область;05.08.2026 — 05.09.2026
работа на фронтальном погрузчике;172;Свердловская область;05.08.2026 — 05.09.2026
экскаватор погрузчик отзывы;170;Свердловская область;05.08.2026 — 05.09.2026
кпп погрузчика;169;Свердловская область;05.08.2026 — 05.09.2026
панель погрузчик;169;Свердловская область;05.08.2026 — 05.09.2026
грузоподъемность погрузчика;168;Свердловская область;05.08.2026 — 05.09.2026
подъем погрузчика;168;Свердловская область;05.08.2026 — 05.09.2026
для водителя погрузчика;167;Свердловская область;05.08.2026 — 05.09.2026
фронтальный погрузчик масла;166;Свердловская область;05.08.2026 — 05.09.2026
вес погрузчика;165;Свердловская область;05.08.2026 — 05.09.2026
габариты погрузчика;165;Свердловская область;05.08.2026 — 05.09.2026
шины для погрузчика;165;Свердловская область;05.08.2026 — 05.09.2026
технические характеристики погрузчиков;164;Свердловская область;05.08.2026 — 05.09.2026
фронтальный погрузчик бу;162;Свердловская область;05.08.2026 — 05.09.2026
работа вакансии водитель погрузчика;161;Свердловская область;05.08.2026 — 05.09.2026
купить погрузчик на авито;161;Свердловская область;05.08.2026 — 05.09.2026
погрузчик 8;159;Свердловская область;05.08.2026 — 05.09.2026
ковш для погрузчика;159;Свердловская область;05.08.2026 — 05.09.2026
погрузчики 4;158;Свердловская область;05.08.2026 — 05.09.2026
вахта погрузчик;158;Свердловская область;05.08.2026 — 05.09.2026
аренда погрузчика екатеринбург;158;Свердловская область;05.08.2026 — 05.09.2026
погрузчик своими руками;158;Свердловская область;05.08.2026 — 05.09.2026
погрузчик 2026;157;Свердловская область;05.08.2026 — 05.09.2026
без погрузчик;156;Свердловская область;05.08.2026 — 05.09.2026
березовский погрузчик;155;Свердловская область;05.08.2026 — 05.09.2026
вилочный погрузчик 5;153;Свердловская область;05.08.2026 — 05.09.2026
lgce погрузчик;153;Свердловская область;05.08.2026 — 05.09.2026
бортовые погрузчики;152;Свердловская область;05.08.2026 — 05.09.2026
погрузчик кат;151;Свердловская область;05.08.2026 — 05.09.2026
какой вилочный погрузчик;151;Свердловская область;05.08.2026 — 05.09.2026
3cx погрузчик;151;Свердловская область;05.08.2026 — 05.09.2026
погрузчик 15;150;Свердловская область;05.08.2026 — 05.09.2026
купить погрузчик б у;149;Свердловская область;05.08.2026 — 05.09.2026
высота погрузчика;148;Свердловская область;05.08.2026 — 05.09.2026
эксплуатация погрузчика;148;Свердловская область;05.08.2026 — 05.09.2026
бобкэт погрузчик;147;Свердловская область;05.08.2026 — 05.09.2026
снять погрузчик;147;Свердловская область;05.08.2026 — 05.09.2026
купить погрузчик в свердловской области;147;Свердловская область;05.08.2026 — 05.09.2026
самодельный мини погрузчик;147;Свердловская область;05.08.2026 — 05.09.2026
почему погрузчик;147;Свердловская область;05.08.2026 — 05.09.2026
нашли погрузчик;147;Свердловская область;05.08.2026 — 05.09.2026
хороший погрузчик;146;Свердловская область;05.08.2026 — 05.09.2026
мини погрузчик цена;146;Свердловская область;05.08.2026 — 05.09.2026
фронтальный погрузчик бу купить;145;Свердловская область;05.08.2026 — 05.09.2026
погрузчик номер;145;Свердловская область;05.08.2026 — 05.09.2026
мини экскаватор погрузчик;144;Свердловская область;05.08.2026 — 05.09.2026
погрузчик город;144;Свердловская область;05.08.2026 — 05.09.2026
погрузчик 5 тонн;143;Свердловская область;05.08.2026 — 05.09.2026
минитрактор погрузчик;143;Свердловская область;05.08.2026 — 05.09.2026
погрузчик с ковшом;143;Свердловская область;05.08.2026 — 05.09.2026
погрузчик komatsu;142;Свердловская область;05.08.2026 — 05.09.2026
машинист погрузчика вакансии;142;Свердловская область;05.08.2026 — 05.09.2026
погрузчик инструкция;142;Свердловская область;05.08.2026 — 05.09.2026
работа водителям погрузчика свежие;141;Свердловская область;05.08.2026 — 05.09.2026
погрузчик большой;141;Свердловская область;05.08.2026 — 05.09.2026
погрузчика 20;141;Свердловская область;05.08.2026 — 05.09.2026
фронтальный погрузчик амкодор;141;Свердловская область;05.08.2026 — 05.09.2026
масса погрузчика;141;Свердловская область;05.08.2026 — 05.09.2026
экскаватором погрузчиком 3cx;140;Свердловская область;05.08.2026 — 05.09.2026
погрузчик хендай;140;Свердловская область;05.08.2026 — 05.09.2026
погрузчик установка;139;Свердловская область;05.08.2026 — 05.09.2026
фронтальный погрузчик xcmg;138;Свердловская область;05.08.2026 — 05.09.2026
работа водитель погрузчик свежие вакансии;138;Свердловская область;05.08.2026 — 05.09.2026
акпп погрузчик;137;Свердловская область;05.08.2026 — 05.09.2026
погрузчик jcb 3cx;137;Свердловская область;05.08.2026 — 05.09.2026
продажа погрузчиков;136;Свердловская область;05.08.2026 — 05.09.2026
дизельный вилочный погрузчик;135;Свердловская область;05.08.2026 — 05.09.2026
скачать погрузчик;134;Свердловская область;05.08.2026 — 05.09.2026
водитель погрузчика арамиль;132;Свердловская область;05.08.2026 — 05.09.2026
машинист фронтального погрузчика;132;Свердловская область;05.08.2026 — 05.09.2026
авито бу погрузчики;131;Свердловская область;05.08.2026 — 05.09.2026
модель погрузчика;131;Свердловская область;05.08.2026 — 05.09.2026
обзор погрузчика;131;Свердловская область;05.08.2026 — 05.09.2026
погрузчик балканкар;130;Свердловская область;05.08.2026 — 05.09.2026
погрузчик производитель;130;Свердловская область;05.08.2026 — 05.09.2026
екатеринбург работа вакансии водитель погрузчика;129;Свердловская область;05.08.2026 — 05.09.2026
погрузчик пум;129;Свердловская область;05.08.2026 — 05.09.2026
бак погрузчика;129;Свердловская область;05.08.2026 — 05.09.2026
услуги экскаватора погрузчика;129;Свердловская область;05.08.2026 — 05.09.2026
вакансии водитель погрузчика арамиль свежие;128;Свердловская область;05.08.2026 — 05.09.2026
машина погрузчик;128;Свердловская область;05.08.2026 — 05.09.2026
объем погрузчика;128;Свердловская область;05.08.2026 — 05.09.2026
ищу погрузчик;128;Свердловская область;05.08.2026 — 05.09.2026
каре погрузчик;127;Свердловская область;05.08.2026 — 05.09.2026
экскаватор погрузчик jcb 3cx;127;Свердловская область;05.08.2026 — 05.09.2026
погрузчик 7;127;Свердловская область;05.08.2026 — 05.09.2026
системы погрузчика;127;Свердловская область;05.08.2026 — 05.09.2026
редуктор погрузчик;127;Свердловская область;05.08.2026 — 05.09.2026
погрузчик коматсу;127;Свердловская область;05.08.2026 — 05.09.2026
стрела экскаватора погрузчика;127;Свердловская область;05.08.2026 — 05.09.2026
вилочный погрузчик тойота;126;Свердловская область;05.08.2026 — 05.09.2026
производство погрузчиков;126;Свердловская область;05.08.2026 — 05.09.2026
погрузчик кара;126;Свердловская область;05.08.2026 — 05.09.2026
водитель погрузчика екатеринбург свежие;126;Свердловская область;05.08.2026 — 05.09.2026
погрузчик lg;125;Свердловская область;05.08.2026 — 05.09.2026
фильтра на погрузчик;124;Свердловская область;05.08.2026 — 05.09.2026
купить мини погрузчик в екатеринбурге;124;Свердловская область;05.08.2026 — 05.09.2026
погрузчик ели;124;Свердловская область;05.08.2026 — 05.09.2026
погрузчик ест;124;Свердловская область;05.08.2026 — 05.09.2026
погрузчики ев;124;Свердловская область;05.08.2026 — 05.09.2026
вакансия водитель погрузчика екатеринбург свежие вакансии;123;Свердловская область;05.08.2026 — 05.09.2026
вакансии для погрузчиком;123;Свердловская область;05.08.2026 — 05.09.2026
погрузчик электрический вилочный;122;Свердловская область;05.08.2026 — 05.09.2026
экскаватор погрузчик цена;122;Свердловская область;05.08.2026 — 05.09.2026
насос погрузчика;120;Свердловская область;05.08.2026 — 05.09.2026
ищем водителей погрузчиков;120;Свердловская область;05.08.2026 — 05.09.2026
ищу работу водитель погрузчика;120;Свердловская область;05.08.2026 — 05.09.2026
погрузчик груза;120;Свердловская область;05.08.2026 — 05.09.2026
как правильно погрузчик;120;Свердловская область;05.08.2026 — 05.09.2026
расход погрузчика;118;Свердловская область;05.08.2026 — 05.09.2026
работа машинист экскаватора погрузчика;118;Свердловская область;05.08.2026 — 05.09.2026
вакансии на фронтальный погрузчик;118;Свердловская область;05.08.2026 — 05.09.2026
трактор экскаватор погрузчик;118;Свердловская область;05.08.2026 — 05.09.2026
отвал для погрузчика;117;Свердловская область;05.08.2026 — 05.09.2026
погрузчик zl;117;Свердловская область;05.08.2026 — 05.09.2026
вакансии в екатеринбурге свежие вакансии погрузчика;117;Свердловская область;05.08.2026 — 05.09.2026
погрузчик case;117;Свердловская область;05.08.2026 — 05.09.2026
мини погрузчик своими руками;116;Свердловская область;05.08.2026 — 05.09.2026
фронтальный погрузчик на авито;115;Свердловская область;05.08.2026 — 05.09.2026
выбрать погрузчик;114;Свердловская область;05.08.2026 — 05.09.2026
погрузчик heli;114;Свердловская область;05.08.2026 — 05.09.2026
виды погрузчиков;114;Свердловская область;05.08.2026 — 05.09.2026
работа екатеринбург свежие водитель погрузчика;114;Свердловская область;05.08.2026 — 05.09.2026
фронт погрузчик;113;Свердловская область;05.08.2026 — 05.09.2026
работа водителем погрузчика в екатеринбурге свежие вакансии;113;Свердловская область;05.08.2026 — 05.09.2026
купить погрузчик бу на авито;113;Свердловская область;05.08.2026 — 05.09.2026
погрузчик hyundai;112;Свердловская область;05.08.2026 — 05.09.2026
водитель погрузчика от работодателя;112;Свердловская область;05.08.2026 — 05.09.2026
какие права на погрузчик;112;Свердловская область;05.08.2026 — 05.09.2026
коробка передач погрузчика;112;Свердловская область;05.08.2026 — 05.09.2026
погрузчик 50;111;Свердловская область;05.08.2026 — 05.09.2026
тракторист погрузчик;111;Свердловская область;05.08.2026 — 05.09.2026
для мини погрузчика;111;Свердловская область;05.08.2026 — 05.09.2026
работа для водителей погрузчика;111;Свердловская область;05.08.2026 — 05.09.2026
экскаватор погрузчик двигатель;110;Свердловская область;05.08.2026 — 05.09.2026
фронтальный мини погрузчик;110;Свердловская область;05.08.2026 — 05.09.2026
вакансия от работодателя водитель погрузчика;110;Свердловская область;05.08.2026 — 05.09.2026
водитель погрузчика мужчина;110;Свердловская область;05.08.2026 — 05.09.2026
погрузчик 3 тонны;109;Свердловская область;05.08.2026 — 05.09.2026
ремонт погрузчиков екатеринбург;109;Свердловская область;05.08.2026 — 05.09.2026
погрузчик volvo;109;Свердловская область;05.08.2026 — 05.09.2026
погрузчика тюмень;109;Свердловская область;05.08.2026 — 05.09.2026
свежие вакансии водитель погрузчика от работодателя;109;Свердловская область;05.08.2026 — 05.09.2026
погрузчик 1.5;108;Свердловская область;05.08.2026 — 05.09.2026
категории прав на погрузчик;108;Свердловская область;05.08.2026 — 05.09.2026
28 погрузчик;107;Свердловская область;05.08.2026 — 05.09.2026
работа погрузчике работодателя;107;Свердловская область;05.08.2026 — 05.09.2026
свежий вакансии для погрузчики работа;107;Свердловская область;05.08.2026 — 05.09.2026
вакансии для водителей погрузчиков;107;Свердловская область;05.08.2026 — 05.09.2026
продам погрузчик;106;Свердловская область;05.08.2026 — 05.09.2026
мост фронтального погрузчика;106;Свердловская область;05.08.2026 — 05.09.2026
стекло на погрузчик;106;Свердловская область;05.08.2026 — 05.09.2026
погрузчик hangcha;105;Свердловская область;05.08.2026 — 05.09.2026
передний мост погрузчик;105;Свердловская область;05.08.2026 — 05.09.2026
купить погрузчик jcb;105;Свердловская область;05.08.2026 — 05.09.2026
фронтальный погрузчик сколько;105;Свердловская область;05.08.2026 — 05.09.2026
свежие вакансии для водителя погрузчика;105;Свердловская область;05.08.2026 — 05.09.2026
колеса для погрузчика;105;Свердловская область;05.08.2026 — 05.09.2026
отзывы владельцев погрузчиков;104;Свердловская область;05.08.2026 — 05.09.2026
экскаватор погрузчик купить в екатеринбурге;104;Свердловская область;05.08.2026 — 05.09.2026
погрузчик bull;104;Свердловская область;05.08.2026 — 05.09.2026
задний фронтальный погрузчик;104;Свердловская область;05.08.2026 — 05.09.2026
работа для мужчин водитель погрузчика;104;Свердловская область;05.08.2026 — 05.09.2026
погрузчик d;103;Свердловская область;05.08.2026 — 05.09.2026
китайский фронтальный погрузчик;103;Свердловская область;05.08.2026 — 05.09.2026
погрузчик на мтз;103;Свердловская область;05.08.2026 — 05.09.2026
масло в коробку погрузчика;103;Свердловская область;05.08.2026 — 05.09.2026
погрузчик 6;103;Свердловская область;05.08.2026 — 05.09.2026
вилы для погрузчика;103;Свердловская область;05.08.2026 — 05.09.2026
погрузчики самые;102;Свердловская область;05.08.2026 — 05.09.2026
погрузчик 10;102;Свердловская область;05.08.2026 — 05.09.2026
фронтальный погрузчик цена;102;Свердловская область;05.08.2026 — 05.09.2026
аренда вилочного погрузчика;101;Свердловская область;05.08.2026 — 05.09.2026
фронтальный погрузчик купить в екатеринбурге;101;Свердловская область;05.08.2026 — 05.09.2026
экскаватор погрузчик lgce;101;Свердловская область;05.08.2026 — 05.09.2026
ищу работу екатеринбург погрузчик;101;Свердловская область;05.08.2026 — 05.09.2026
вила для погрузчика;100;Свердловская область;05.08.2026 — 05.09.2026
погрузчик поднял погрузчик;100;Свердловская область;05.08.2026 — 05.09.2026
аренда фронтального погрузчика;100;Свердловская область;05.08.2026 — 05.09.2026
мини погрузчик бу;99;Свердловская область;05.08.2026 — 05.09.2026
диски на погрузчик;99;Свердловская область;05.08.2026 — 05.09.2026
экскаватор погрузчик характеристики;99;Свердловская область;05.08.2026 — 05.09.2026
погрузчик пум 500;99;Свердловская область;05.08.2026 — 05.09.2026
погрузчик москва;99;Свердловская область;05.08.2026 — 05.09.2026
погрузчик 32;99;Свердловская область;05.08.2026 — 05.09.2026
погрузчики ер;99;Свердловская область;05.08.2026 — 05.09.2026
фронтальный погрузчик лонкинг;99;Свердловская область;05.08.2026 — 05.09.2026
аккумуляторный погрузчик;98;Свердловская область;05.08.2026 — 05.09.2026
ремкомплект погрузчика;98;Свердловская область;05.08.2026 — 05.09.2026
купить погрузчик новый;98;Свердловская область;05.08.2026 — 05.09.2026
фронтальный погрузчик люгонг;98;Свердловская область;05.08.2026 — 05.09.2026
гусеничный погрузчик;98;Свердловская область;05.08.2026 — 05.09.2026
стоимость погрузчика;98;Свердловская область;05.08.2026 — 05.09.2026
ищу вакансию водителя погрузчика;98;Свердловская область;05.08.2026 — 05.09.2026
ищу работу свежие вакансии водитель погрузчика;98;Свердловская область;05.08.2026 — 05.09.2026
ищу работу для погрузчиков;98;Свердловская область;05.08.2026 — 05.09.2026
погрузчик эп;97;Свердловская область;05.08.2026 — 05.09.2026
погрузчик вилочный 5 тонн;97;Свердловская область;05.08.2026 — 05.09.2026
сдм погрузчики;97;Свердловская область;05.08.2026 — 05.09.2026
запчасти для погрузчиков екатеринбург;97;Свердловская область;05.08.2026 — 05.09.2026
погрузчик 190;96;Свердловская область;05.08.2026 — 05.09.2026
погрузчик мксм;96;Свердловская область;05.08.2026 — 05.09.2026
вили погрузчик;95;Свердловская область;05.08.2026 — 05.09.2026
вило погрузчик;95;Свердловская область;05.08.2026 — 05.09.2026
погрузчик mst;95;Свердловская область;05.08.2026 — 05.09.2026
водитель экскаватора погрузчика;94;Свердловская область;05.08.2026 — 05.09.2026
погрузчик нижний тагил;94;Свердловская область;05.08.2026 — 05.09.2026
фронтальный погрузчик lonking;94;Свердловская область;05.08.2026 — 05.09.2026
сделать погрузчик;94;Свердловская область;05.08.2026 — 05.09.2026
ремонт вилочного погрузчика;94;Свердловская область;05.08.2026 — 05.09.2026
погрузчик bobcat;94;Свердловская область;05.08.2026 — 05.09.2026
погрузчик игра;94;Свердловская область;05.08.2026 — 05.09.2026
погрузчик кода;93;Свердловская область;05.08.2026 — 05.09.2026
погрузчик шланг;93;Свердловская область;05.08.2026 — 05.09.2026
нож погрузчика;92;Свердловская область;05.08.2026 — 05.09.2026
вилочный погрузчик jac;92;Свердловская область;05.08.2026 — 05.09.2026
погрузчик 833;92;Свердловская область;05.08.2026 — 05.09.2026
руководство погрузчиков;91;Свердловская область;05.08.2026 — 05.09.2026
вакансии вилочный погрузчик;91;Свердловская область;05.08.2026 — 05.09.2026
погрузчика фронтального вахта;91;Свердловская область;05.08.2026 — 05.09.2026
погрузчик озон;91;Свердловская область;05.08.2026 — 05.09.2026
задний мост погрузчика;91;Свердловская область;05.08.2026 — 05.09.2026
мосты для погрузчика;91;Свердловская область;05.08.2026 — 05.09.2026
погрузчик на складе;90;Свердловская область;05.08.2026 — 05.09.2026
купить погрузчик бу в свердловской;90;Свердловская область;05.08.2026 — 05.09.2026
погрузчики россия;90;Свердловская область;05.08.2026 — 05.09.2026
купить фронтальный погрузчик на авито;89;Свердловская область;05.08.2026 — 05.09.2026
погрузчик jcb 190;89;Свердловская область;05.08.2026 — 05.09.2026
китайский мини погрузчик;89;Свердловская область;05.08.2026 — 05.09.2026
фронтальный погрузчик sdlg;88;Свердловская область;05.08.2026 — 05.09.2026
погрузчик фронтальный отзыв;88;Свердловская область;05.08.2026 — 05.09.2026
купить экскаватор погрузчик в свердловской;88;Свердловская область;05.08.2026 — 05.09.2026
погрузчик л;87;Свердловская область;05.08.2026 — 05.09.2026
погрузчики екб;87;Свердловская область;05.08.2026 — 05.09.2026
погрузчик купить цена;87;Свердловская область;05.08.2026 — 05.09.2026
мини погрузчик jcb 190;87;Свердловская область;05.08.2026 — 05.09.2026
управление экскаватором погрузчиком;86;Свердловская область;05.08.2026 — 05.09.2026
погрузчики бу в свердловской области;86;Свердловская область;05.08.2026 — 05.09.2026
экскаватор погрузчик вакансии;86;Свердловская область;05.08.2026 — 05.09.2026
погрузчик мст;86;Свердловская область;05.08.2026 — 05.09.2026
мини погрузчик какой;85;Свердловская область;05.08.2026 — 05.09.2026
авито экскаватор погрузчик;85;Свердловская область;05.08.2026 — 05.09.2026
воздушный погрузчик;85;Свердловская область;05.08.2026 — 05.09.2026
погрузчик лев;85;Свердловская область;05.08.2026 — 05.09.2026
работа водитель фронтального погрузчика;85;Свердловская область;05.08.2026 — 05.09.2026
купить погрузчики бу в свердловской области;85;Свердловская область;05.08.2026 — 05.09.2026
водитель погрузчика разряды;85;Свердловская область;05.08.2026 — 05.09.2026
обслуживание погрузчиков;84;Свердловская область;05.08.2026 — 05.09.2026
погрузчике 16;84;Свердловская область;05.08.2026 — 05.09.2026
погрузчик поворот;84;Свердловская область;05.08.2026 — 05.09.2026
воздушный фильтр погрузчик;84;Свердловская область;05.08.2026 — 05.09.2026
погрузчик д;84;Свердловская область;05.08.2026 — 05.09.2026
спецтехника погрузчик;84;Свердловская область;05.08.2026 — 05.09.2026
погрузчик гидромек;84;Свердловская область;05.08.2026 — 05.09.2026
работа на погрузчике в екатеринбурге;84;Свердловская область;05.08.2026 — 05.09.2026
техник погрузчики;84;Свердловская область;05.08.2026 — 05.09.2026
техника погрузчик;84;Свердловская область;05.08.2026 — 05.09.2026
прибор погрузчик;84;Свердловская область;05.08.2026 — 05.09.2026
масла для погрузчиков;84;Свердловская область;05.08.2026 — 05.09.2026
погрузчик установлена;83;Свердловская область;05.08.2026 — 05.09.2026
реле погрузчика;83;Свердловская область;05.08.2026 — 05.09.2026
погрузчик ру;83;Свердловская область;05.08.2026 — 05.09.2026
экскаватор погрузчик mst;83;Свердловская область;05.08.2026 — 05.09.2026
газовый погрузчик;82;Свердловская область;05.08.2026 — 05.09.2026
панель приборов погрузчика;82;Свердловская область;05.08.2026 — 05.09.2026
ширина погрузчика;82;Свердловская область;05.08.2026 — 05.09.2026
кран погрузчик;82;Свердловская область;05.08.2026 — 05.09.2026
водитель погрузчика вахта;82;Свердловская область;05.08.2026 — 05.09.2026
вилочный погрузчик 3;82;Свердловская область;05.08.2026 — 05.09.2026
фронтальные погрузчики zl;82;Свердловская область;05.08.2026 — 05.09.2026
фронтальный погрузчик вольво;82;Свердловская область;05.08.2026 — 05.09.2026
погрузчик фронтальный бу авито;81;Свердловская область;05.08.2026 — 05.09.2026
фронтальный погрузчик редуктор;81;Свердловская область;05.08.2026 — 05.09.2026
погрузчик cat;81;Свердловская область;05.08.2026 — 05.09.2026
экскаватор погрузчик кат;81;Свердловская область;05.08.2026 — 05.09.2026
погрузчик предохранитель;81;Свердловская область;05.08.2026 — 05.09.2026
экскаватор погрузчик гидромек;80;Свердловская область;05.08.2026 — 05.09.2026
погрузчик zl20;80;Свердловская область;05.08.2026 — 05.09.2026
грейферный погрузчик;80;Свердловская область;05.08.2026 — 05.09.2026
какое масло заливать в погрузчик;79;Свердловская область;05.08.2026 — 05.09.2026
погрузка погрузчиком;79;Свердловская область;05.08.2026 — 05.09.2026
купить экскаватор погрузчик jcb;79;Свердловская область;05.08.2026 — 05.09.2026
боковой погрузчик;79;Свердловская область;05.08.2026 — 05.09.2026
погрузчик из китая;79;Свердловская область;05.08.2026 — 05.09.2026
погрузчик кальмар;79;Свердловская область;05.08.2026 — 05.09.2026
на погрузчик нужны права;78;Свердловская область;05.08.2026 — 05.09.2026
рабочий погрузчик;78;Свердловская область;05.08.2026 — 05.09.2026
погрузчик 300;78;Свердловская область;05.08.2026 — 05.09.2026
клапан на погрузчик;77;Свердловская область;05.08.2026 — 05.09.2026
погрузчик верхняя пышма;77;Свердловская область;05.08.2026 — 05.09.2026
дизель погрузчик;77;Свердловская область;05.08.2026 — 05.09.2026
погрузчик блоков;77;Свердловская область;05.08.2026 — 05.09.2026
масло в погрузчик в двигатель;77;Свердловская область;05.08.2026 — 05.09.2026
погрузчик sany;77;Свердловская область;05.08.2026 — 05.09.2026
сколько весит погрузчик;77;Свердловская область;05.08.2026 — 05.09.2026
вилочные погрузчики купить екатеринбурге;76;Свердловская область;05.08.2026 — 05.09.2026
фронтальный погрузчик характеристики;76;Свердловская область;05.08.2026 — 05.09.2026
погрузчик чертеж;76;Свердловская область;05.08.2026 — 05.09.2026
устройство погрузчика;76;Свердловская область;05.08.2026 — 05.09.2026
погрузчик джисиби;76;Свердловская область;05.08.2026 — 05.09.2026
запчасти для вилочных погрузчиков;75;Свердловская область;05.08.2026 — 05.09.2026
погрузчик 12;75;Свердловская область;05.08.2026 — 05.09.2026
экскаватор погрузчик видео;75;Свердловская область;05.08.2026 — 05.09.2026
купить экскаватор погрузчик в свердловской области;75;Свердловская область;05.08.2026 — 05.09.2026
фронтальный погрузчик бу купить на авито;75;Свердловская область;05.08.2026 — 05.09.2026
водитель вилочного погрузчика вакансии;75;Свердловская область;05.08.2026 — 05.09.2026
эверун погрузчик;75;Свердловская область;05.08.2026 — 05.09.2026
погрузчик м;74;Свердловская область;05.08.2026 — 05.09.2026
аккумулятор для погрузчика;74;Свердловская область;05.08.2026 — 05.09.2026
ручной погрузчик;74;Свердловская область;05.08.2026 — 05.09.2026
приводы погрузчика;74;Свердловская область;05.08.2026 — 05.09.2026
тяга погрузчика;74;Свердловская область;05.08.2026 — 05.09.2026
машинист погрузчика екатеринбург;73;Свердловская область;05.08.2026 — 05.09.2026
кейс погрузчик;73;Свердловская область;05.08.2026 — 05.09.2026
погрузчик 907;73;Свердловская область;05.08.2026 — 05.09.2026
управление фронтальным погрузчиком;73;Свердловская область;05.08.2026 — 05.09.2026
расход топлива погрузчик;73;Свердловская область;05.08.2026 — 05.09.2026
купить погрузчик амкодор;73;Свердловская область;05.08.2026 — 05.09.2026
погрузчик джон;73;Свердловская область;05.08.2026 — 05.09.2026
экскаватор погрузчик производитель;73;Свердловская область;05.08.2026 — 05.09.2026
case экскаватор погрузчик;73;Свердловская область;05.08.2026 — 05.09.2026
мощность погрузчика;73;Свердловская область;05.08.2026 — 05.09.2026
погрузчик комацу;72;Свердловская область;05.08.2026 — 05.09.2026
барнаулец погрузчик;72;Свердловская область;05.08.2026 — 05.09.2026
погрузчики какой двигатель;72;Свердловская область;05.08.2026 — 05.09.2026
погрузчик tcm;72;Свердловская область;05.08.2026 — 05.09.2026
база погрузчиков;72;Свердловская область;05.08.2026 — 05.09.2026
переключатель погрузчика;72;Свердловская область;05.08.2026 — 05.09.2026
погрузчик мультик;72;Свердловская область;05.08.2026 — 05.09.2026
погрузчик ханча;72;Свердловская область;05.08.2026 — 05.09.2026
ханчу погрузчики;72;Свердловская область;05.08.2026 — 05.09.2026
коробка фронтального погрузчика;72;Свердловская область;05.08.2026 — 05.09.2026
погрузчик zoomlion;71;Свердловская область;05.08.2026 — 05.09.2026
погрузчик 600;71;Свердловская область;05.08.2026 — 05.09.2026
транспортные погрузчики;71;Свердловская область;05.08.2026 — 05.09.2026
каретка погрузчика;71;Свердловская область;05.08.2026 — 05.09.2026
водитель погрузчика область;71;Свердловская область;05.08.2026 — 05.09.2026
вилочный погрузчик цена;70;Свердловская область;05.08.2026 — 05.09.2026
вилочный погрузчик б у;70;Свердловская область;05.08.2026 — 05.09.2026
проверить погрузчик;70;Свердловская область;05.08.2026 — 05.09.2026
резина на погрузчик;70;Свердловская область;05.08.2026 — 05.09.2026
экскаватор погрузчик мтз;70;Свердловская область;05.08.2026 — 05.09.2026
погрузчик штабелер;70;Свердловская область;05.08.2026 — 05.09.2026
работа на экскаваторе погрузчике;70;Свердловская область;05.08.2026 — 05.09.2026
фронтальный погрузчик liugong;70;Свердловская область;05.08.2026 — 05.09.2026
руководство по эксплуатации погрузчика;70;Свердловская область;05.08.2026 — 05.09.2026
погрузчики 1 5;70;Свердловская область;05.08.2026 — 05.09.2026
дир погрузчик;70;Свердловская область;05.08.2026 — 05.09.2026
погрузчик джон дир;70;Свердловская область;05.08.2026 — 05.09.2026
погрузчик четра;69;Свердловская область;05.08.2026 — 05.09.2026
погрузчик 800;69;Свердловская область;05.08.2026 — 05.09.2026
купить фронтальный погрузчик амкодор;69;Свердловская область;05.08.2026 — 05.09.2026
машинист водитель погрузчика;69;Свердловская область;05.08.2026 — 05.09.2026
генератор на погрузчик;69;Свердловская область;05.08.2026 — 05.09.2026
мотора погрузчик;69;Свердловская область;05.08.2026 — 05.09.2026
под погрузчик;69;Свердловская область;05.08.2026 — 05.09.2026
типы погрузчиков;69;Свердловская область;05.08.2026 — 05.09.2026
вилочный погрузчик сколько;69;Свердловская область;05.08.2026 — 05.09.2026
лего погрузчик;68;Свердловская область;05.08.2026 — 05.09.2026
мачта погрузчика;68;Свердловская область;05.08.2026 — 05.09.2026
мини погрузчик барнаулец;68;Свердловская область;05.08.2026 — 05.09.2026
маленький погрузчик;68;Свердловская область;05.08.2026 — 05.09.2026
купить мини погрузчик бу;68;Свердловская область;05.08.2026 — 05.09.2026
погрузчик либхер;68;Свердловская область;05.08.2026 — 05.09.2026
стартер на погрузчик;67;Свердловская область;05.08.2026 — 05.09.2026
940 погрузчик;67;Свердловская область;05.08.2026 — 05.09.2026
погрузчик ниссан;67;Свердловская область;05.08.2026 — 05.09.2026
масло экскаватор погрузчик;67;Свердловская область;05.08.2026 — 05.09.2026
радиатор на погрузчик;66;Свердловская область;05.08.2026 — 05.09.2026
экскаватор погрузчик xcmg;66;Свердловская область;05.08.2026 — 05.09.2026
китайский погрузчик купить;66;Свердловская область;05.08.2026 — 05.09.2026
погрузчик toyota;66;Свердловская область;05.08.2026 — 05.09.2026
заказать погрузчик;66;Свердловская область;05.08.2026 — 05.09.2026
уральский погрузчик;66;Свердловская область;05.08.2026 — 05.09.2026
погрузчик сайты;66;Свердловская область;05.08.2026 — 05.09.2026
мост экскаватора погрузчика;66;Свердловская область;05.08.2026 — 05.09.2026
поворотные погрузчики;65;Свердловская область;05.08.2026 — 05.09.2026
длина погрузчика;65;Свердловская область;05.08.2026 — 05.09.2026
погрузчик 434;65;Свердловская область;05.08.2026 — 05.09.2026
как управляем погрузчик;65;Свердловская область;05.08.2026 — 05.09.2026
как управлять погрузчиком;65;Свердловская область;05.08.2026 — 05.09.2026
погрузчик zl30;65;Свердловская область;05.08.2026 — 05.09.2026
экскаватор погрузчик вольво;65;Свердловская область;05.08.2026 — 05.09.2026
права на погрузчик какая категория;65;Свердловская область;05.08.2026 — 05.09.2026
экскаватор погрузчик bull;65;Свердловская область;05.08.2026 — 05.09.2026
тнвд погрузчика;65;Свердловская область;05.08.2026 — 05.09.2026
погрузчик каменск;65;Свердловская область;05.08.2026 — 05.09.2026
сколько экскаватор погрузчик;65;Свердловская область;05.08.2026 — 05.09.2026
экскаватор погрузчик мст;65;Свердловская область;05.08.2026 — 05.09.2026
ковш для фронтального погрузчика;65;Свердловская область;05.08.2026 — 05.09.2026
права на вилочный погрузчик;64;Свердловская область;05.08.2026 — 05.09.2026
манит погрузчик;64;Свердловская область;05.08.2026 — 05.09.2026
маниту погрузчик;64;Свердловская область;05.08.2026 — 05.09.2026
мод на погрузчик;64;Свердловская область;05.08.2026 — 05.09.2026
фронтальный погрузчик экскаватор;64;Свердловская область;05.08.2026 — 05.09.2026
фронтальный погрузчик видео;63;Свердловская область;05.08.2026 — 05.09.2026
редуктор моста погрузчика;63;Свердловская область;05.08.2026 — 05.09.2026
скорость погрузчика;63;Свердловская область;05.08.2026 — 05.09.2026
погрузчик c;63;Свердловская область;05.08.2026 — 05.09.2026
погрузчик тсм;63;Свердловская область;05.08.2026 — 05.09.2026
обучение на погрузчик екатеринбург;62;Свердловская область;05.08.2026 — 05.09.2026
погрузчик каменск уральский;62;Свердловская область;05.08.2026 — 05.09.2026
фары на погрузчик;62;Свердловская область;05.08.2026 — 05.09.2026
погрузчик амкодор бу;62;Свердловская область;05.08.2026 — 05.09.2026
фронтальный погрузчик фото;62;Свердловская область;05.08.2026 — 05.09.2026
курсы погрузчика;61;Свердловская область;05.08.2026 — 05.09.2026
погрузчик купить озон;61;Свердловская область;05.08.2026 — 05.09.2026
фронтальный погрузчик 3;61;Свердловская область;05.08.2026 — 05.09.2026
погрузчик shantui;61;Свердловская область;05.08.2026 — 05.09.2026
помпа на погрузчик;61;Свердловская область;05.08.2026 — 05.09.2026
мини погрузчик видео;61;Свердловская область;05.08.2026 — 05.09.2026
погрузчик ант;61;Свердловская область;05.08.2026 — 05.09.2026
погрузчик хитачи;61;Свердловская область;05.08.2026 — 05.09.2026
работа погрузчик экскаватор екатеринбург;61;Свердловская область;05.08.2026 — 05.09.2026
погрузчик 0;61;Свердловская область;05.08.2026 — 05.09.2026
погрузчик искра;60;Свердловская область;05.08.2026 — 05.09.2026
купить погрузчик амкодор бу;60;Свердловская область;05.08.2026 — 05.09.2026
куплю бу фронтальный погрузчик амкодор;60;Свердловская область;05.08.2026 — 05.09.2026
фронтальный погрузчик амкодор бу;60;Свердловская область;05.08.2026 — 05.09.2026
водитель фронтального погрузчика вакансии;60;Свердловская область;05.08.2026 — 05.09.2026
погрузчик ru;60;Свердловская область;05.08.2026 — 05.09.2026
какой погрузчик лучше;60;Свердловская область;05.08.2026 — 05.09.2026
навесное для погрузчика;60;Свердловская область;05.08.2026 — 05.09.2026
погрузчик волгодонец;60;Свердловская область;05.08.2026 — 05.09.2026
мини погрузчик 500;60;Свердловская область;05.08.2026 — 05.09.2026
jsb погрузчик;60;Свердловская область;05.08.2026 — 05.09.2026
комплект погрузчика;60;Свердловская область;05.08.2026 — 05.09.2026
погрузчики cukurova;60;Свердловская область;05.08.2026 — 05.09.2026
экскаватор погрузчик cukurova;60;Свердловская область;05.08.2026 — 05.09.2026
новые погрузчики цены;60;Свердловская область;05.08.2026 — 05.09.2026
ремонт вилочных погрузчиков екатеринбург;60;Свердловская область;05.08.2026 — 05.09.2026
грузоподъемность вилочного погрузчика;60;Свердловская область;05.08.2026 — 05.09.2026
челюстной погрузчик;60;Свердловская область;05.08.2026 — 05.09.2026
камера для погрузчика;60;Свердловская область;05.08.2026 — 05.09.2026
фильтры для погрузчика;60;Свердловская область;05.08.2026 — 05.09.2026
погрузчики катерпиллер;59;Свердловская область;05.08.2026 — 05.09.2026
оборудование для погрузчика;59;Свердловская область;05.08.2026 — 05.09.2026
лучшие экскаваторы погрузчики;59;Свердловская область;05.08.2026 — 05.09.2026
водитель погрузчика свердловская область;59;Свердловская область;05.08.2026 — 05.09.2026
аренда мини погрузчика;59;Свердловская область;05.08.2026 — 05.09.2026
как называется погрузчик;58;Свердловская область;05.08.2026 — 05.09.2026
погрузчик 1000;58;Свердловская область;05.08.2026 — 05.09.2026
какие права нужны на погрузчик;58;Свердловская область;05.08.2026 — 05.09.2026
работа на вилочном погрузчике;58;Свердловская область;05.08.2026 — 05.09.2026
тракторист машинист погрузчика;58;Свердловская область;05.08.2026 — 05.09.2026
погрузчик trf;58;Свердловская область;05.08.2026 — 05.09.2026
бульдозер погрузчик;58;Свердловская область;05.08.2026 — 05.09.2026
отвал для фронтального погрузчика;58;Свердловская область;05.08.2026 — 05.09.2026
двигатель для погрузчика;58;Свердловская область;05.08.2026 — 05.09.2026
покрышки на погрузчик;57;Свердловская область;05.08.2026 — 05.09.2026
договор погрузчика;57;Свердловская область;05.08.2026 — 05.09.2026
экскаватор погрузчик 434;57;Свердловская область;05.08.2026 — 05.09.2026
погрузчик митсубер;57;Свердловская область;05.08.2026 — 05.09.2026
погрузчик 1.5 т;57;Свердловская область;05.08.2026 — 05.09.2026
машинист экскаватора погрузчика вакансии;56;Свердловская область;05.08.2026 — 05.09.2026
экскаватор погрузчики характеристики технические;56;Свердловская область;05.08.2026 — 05.09.2026
экскаватор погрузчик б у;56;Свердловская область;05.08.2026 — 05.09.2026
погрузчик терекс;56;Свердловская область;05.08.2026 — 05.09.2026
акпп фронтального погрузчика;56;Свердловская область;05.08.2026 — 05.09.2026
погрузчик пермь;56;Свердловская область;05.08.2026 — 05.09.2026
погрузчик вилочный бу;56;Свердловская область;05.08.2026 — 05.09.2026
ошибка на погрузчике;56;Свердловская область;05.08.2026 — 05.09.2026
редуктор для погрузчиков;56;Свердловская область;05.08.2026 — 05.09.2026
вакансии погрузчик верхней пышме;55;Свердловская область;05.08.2026 — 05.09.2026
купить погрузчик россия;55;Свердловская область;05.08.2026 — 05.09.2026
универсальный погрузчик;55;Свердловская область;05.08.2026 — 05.09.2026
водитель вилочного погрузчика екатеринбург;55;Свердловская область;05.08.2026 — 05.09.2026
екатеринбург работа вилочного погрузчика;55;Свердловская область;05.08.2026 — 05.09.2026
захват для погрузчика;55;Свердловская область;05.08.2026 — 05.09.2026
движение погрузчика;55;Свердловская область;05.08.2026 — 05.09.2026
погрузчик фронтальный 25;55;Свердловская область;05.08.2026 — 05.09.2026
датчики на погрузчик;55;Свердловская область;05.08.2026 — 05.09.2026
фронтальный погрузчик 833;54;Свердловская область;05.08.2026 — 05.09.2026
обучение на водителя погрузчика;54;Свердловская область;05.08.2026 — 05.09.2026
мини погрузчик 600;54;Свердловская область;05.08.2026 — 05.09.2026
весы на погрузчик;54;Свердловская область;05.08.2026 — 05.09.2026
горит погрузчик;54;Свердловская область;05.08.2026 — 05.09.2026
вилочный погрузчик 7;54;Свердловская область;05.08.2026 — 05.09.2026
китайский экскаватор погрузчик;54;Свердловская область;05.08.2026 — 05.09.2026
вилочный погрузчик 3 тонны;54;Свердловская область;05.08.2026 — 05.09.2026
погрузчик 835;54;Свердловская область;05.08.2026 — 05.09.2026
водитель погрузчика категории с;54;Свердловская область;05.08.2026 — 05.09.2026
погрузчик 928;54;Свердловская область;05.08.2026 — 05.09.2026
замена масла в погрузчике;54;Свердловская область;05.08.2026 — 05.09.2026
права для погрузчика;54;Свердловская область;05.08.2026 — 05.09.2026
мосты для фронтальных погрузчиков;54;Свердловская область;05.08.2026 — 05.09.2026
работа водителем вилочного погрузчика;53;Свердловская область;05.08.2026 — 05.09.2026
какой погрузчик выбрать;53;Свердловская область;05.08.2026 — 05.09.2026
замена вилочного погрузчика;53;Свердловская область;05.08.2026 — 05.09.2026
red погрузчик;53;Свердловская область;05.08.2026 — 05.09.2026
вилочный погрузчик ниссан;53;Свердловская область;05.08.2026 — 05.09.2026
найти фронтальный погрузчик;53;Свердловская область;05.08.2026 — 05.09.2026
водитель погрузчика верхняя пышма;53;Свердловская область;05.08.2026 — 05.09.2026
включаем погрузчик;52;Свердловская область;05.08.2026 — 05.09.2026
колесный фронтальный погрузчик;52;Свердловская область;05.08.2026 — 05.09.2026
погрузчик cpcd;52;Свердловская область;05.08.2026 — 05.09.2026
погрузчик тн;52;Свердловская область;05.08.2026 — 05.09.2026
погрузчик 80;52;Свердловская область;05.08.2026 — 05.09.2026
габариты экскаватора погрузчика;52;Свердловская область;05.08.2026 — 05.09.2026
нужен экскаватор погрузчик;52;Свердловская область;05.08.2026 — 05.09.2026
права водителя погрузчика;52;Свердловская область;05.08.2026 — 05.09.2026
погрузчик 24;52;Свердловская область;05.08.2026 — 05.09.2026
мотоблок погрузчик;52;Свердловская область;05.08.2026 — 05.09.2026
гостехнадзор погрузчики;52;Свердловская область;05.08.2026 — 05.09.2026
территория погрузчиков;51;Свердловская область;05.08.2026 — 05.09.2026
погрузчик hidromek;51;Свердловская область;05.08.2026 — 05.09.2026
погрузчик елаз;51;Свердловская область;05.08.2026 — 05.09.2026
навесное оборудование для погрузчиков;51;Свердловская область;05.08.2026 — 05.09.2026
работа машинист фронтального погрузчика;51;Свердловская область;05.08.2026 — 05.09.2026
китайские погрузчики екатеринбург;51;Свердловская область;05.08.2026 — 05.09.2026
тракторный погрузчик;51;Свердловская область;05.08.2026 — 05.09.2026
погрузчик shanmon;51;Свердловская область;05.08.2026 — 05.09.2026
погрузчики в нижнем;51;Свердловская область;05.08.2026 — 05.09.2026
трактор фронтальный погрузчик;51;Свердловская область;05.08.2026 — 05.09.2026
погрузчик 5 т;51;Свердловская область;05.08.2026 — 05.09.2026
нужны фронтальные погрузчики;51;Свердловская область;05.08.2026 — 05.09.2026
погрузчик doosan;51;Свердловская область;05.08.2026 — 05.09.2026
ремонт фронтальных погрузчиков;51;Свердловская область;05.08.2026 — 05.09.2026
погрузчики цена екатеринбург;51;Свердловская область;05.08.2026 — 05.09.2026
вилочный погрузчик 1;50;Свердловская область;05.08.2026 — 05.09.2026
тормоза экскаватора погрузчика;50;Свердловская область;05.08.2026 — 05.09.2026
правила погрузчик;50;Свердловская область;05.08.2026 — 05.09.2026
погрузчик вале;50;Свердловская область;05.08.2026 — 05.09.2026
показать погрузчик;50;Свердловская область;05.08.2026 — 05.09.2026
аналог погрузчика;50;Свердловская область;05.08.2026 — 05.09.2026
мини погрузчик волгодонец;50;Свердловская область;05.08.2026 — 05.09.2026
экскаватор погрузчик hidromek;50;Свердловская область;05.08.2026 — 05.09.2026
где на фронтальном погрузчике;50;Свердловская область;05.08.2026 — 05.09.2026
погрузчик первоуральск;50;Свердловская область;05.08.2026 — 05.09.2026
погрузчик джак;50;Свердловская область;05.08.2026 — 05.09.2026
holland погрузчик;50;Свердловская область;05.08.2026 — 05.09.2026
погрузчик new;50;Свердловская область;05.08.2026 — 05.09.2026
погрузчик new holland;50;Свердловская область;05.08.2026 — 05.09.2026
смотреть погрузчики;50;Свердловская область;05.08.2026 — 05.09.2026
погрузчик нью холланд;50;Свердловская область;05.08.2026 — 05.09.2026
погрузчик холланд;50;Свердловская область;05.08.2026 — 05.09.2026
погрузчик центр;50;Свердловская область;05.08.2026 — 05.09.2026
фронтальный погрузчик 5;50;Свердловская область;05.08.2026 — 05.09.2026
погрузчик п;50;Свердловская область;05.08.2026 — 05.09.2026
оператор погрузчика;49;Свердловская область;05.08.2026 — 05.09.2026
купить экскаватор погрузчик бу в свердловской;49;Свердловская область;05.08.2026 — 05.09.2026
погрузчик кат 434;49;Свердловская область;05.08.2026 — 05.09.2026
экскаватор погрузчик кат 434;49;Свердловская область;05.08.2026 — 05.09.2026
погрузчик поставь;49;Свердловская область;05.08.2026 — 05.09.2026
бортовой мини погрузчик;49;Свердловская область;05.08.2026 — 05.09.2026
экскаватор погрузчик задняя стрела;49;Свердловская область;05.08.2026 — 05.09.2026
выучиться на погрузчик;49;Свердловская область;05.08.2026 — 05.09.2026
масло гидравлика погрузчик;49;Свердловская область;05.08.2026 — 05.09.2026
погрузчик jcb аренда;49;Свердловская область;05.08.2026 — 05.09.2026
погрузчик 100;49;Свердловская область;05.08.2026 — 05.09.2026
погрузчики газ;49;Свердловская область;05.08.2026 — 05.09.2026
водитель погрузчика какая категория;49;Свердловская область;05.08.2026 — 05.09.2026
погрузчик щебень;49;Свердловская область;05.08.2026 — 05.09.2026
запчасти экскаватор погрузчик;49;Свердловская область;05.08.2026 — 05.09.2026
экскаватор погрузчик бу купить в области;48;Свердловская область;05.08.2026 — 05.09.2026
экскаватор погрузчик shanmon;48;Свердловская область;05.08.2026 — 05.09.2026
погрузчик e;48;Свердловская область;05.08.2026 — 05.09.2026
погрузчик 200;48;Свердловская область;05.08.2026 — 05.09.2026
погрузчик nissan;48;Свердловская область;05.08.2026 — 05.09.2026
погрузчик лонг;48;Свердловская область;05.08.2026 — 05.09.2026
переломка погрузчик;48;Свердловская область;05.08.2026 — 05.09.2026
права на фронтальный погрузчик;48;Свердловская область;05.08.2026 — 05.09.2026
механизм погрузчика;48;Свердловская область;05.08.2026 — 05.09.2026
экскаватор погрузчик свердловский бу области;48;Свердловская область;05.08.2026 — 05.09.2026
ремень на погрузчик;48;Свердловская область;05.08.2026 — 05.09.2026
сальники на погрузчик;48;Свердловская область;05.08.2026 — 05.09.2026
погрузчиком без опыта;48;Свердловская область;05.08.2026 — 05.09.2026
люконг погрузчик;48;Свердловская область;05.08.2026 — 05.09.2026
российские погрузчики;47;Свердловская область;05.08.2026 — 05.09.2026
погрузчик дороги;47;Свердловская область;05.08.2026 — 05.09.2026
профессия погрузчик;47;Свердловская область;05.08.2026 — 05.09.2026
погрузчик зл;47;Свердловская область;05.08.2026 — 05.09.2026
экскаватор погрузчик liugong;47;Свердловская область;05.08.2026 — 05.09.2026
погрузчик cdm;47;Свердловская область;05.08.2026 — 05.09.2026
высокий погрузчик;47;Свердловская область;05.08.2026 — 05.09.2026
марки погрузчиков;47;Свердловская область;05.08.2026 — 05.09.2026
мини погрузчик lonking;47;Свердловская область;05.08.2026 — 05.09.2026
ответы на погрузчик;47;Свердловская область;05.08.2026 — 05.09.2026
блокировка погрузчика;47;Свердловская область;05.08.2026 — 05.09.2026
погрузчик категории d;47;Свердловская область;05.08.2026 — 05.09.2026
погрузчик dieci;47;Свердловская область;05.08.2026 — 05.09.2026
ковш погрузчика jcb;47;Свердловская область;05.08.2026 — 05.09.2026
водитель погрузчика тракторист;46;Свердловская область;05.08.2026 — 05.09.2026
цилиндр экскаватора погрузчика;46;Свердловская область;05.08.2026 — 05.09.2026
разгрузка погрузчика;46;Свердловская область;05.08.2026 — 05.09.2026
как выглядит погрузчик;46;Свердловская область;05.08.2026 — 05.09.2026
запчасти погрузчики тойота;46;Свердловская область;05.08.2026 — 05.09.2026
как работать на погрузчике;46;Свердловская область;05.08.2026 — 05.09.2026
учет погрузчика;46;Свердловская область;05.08.2026 — 05.09.2026
джойстик на погрузчик;46;Свердловская область;05.08.2026 — 05.09.2026
цельнолитой для погрузчика;46;Свердловская область;05.08.2026 — 05.09.2026
погрузчик барнаулец 500;46;Свердловская область;05.08.2026 — 05.09.2026
купить минитрактор погрузчик;46;Свердловская область;05.08.2026 — 05.09.2026
3 экскаватор погрузчик;46;Свердловская область;05.08.2026 — 05.09.2026
купить экскаватор погрузчик бу в свердловской области;45;Свердловская область;05.08.2026 — 05.09.2026
одноковшовых погрузчиков;45;Свердловская область;05.08.2026 — 05.09.2026
погрузчик zl50g;45;Свердловская область;05.08.2026 — 05.09.2026
сборка погрузчика;45;Свердловская область;05.08.2026 — 05.09.2026
ключ от погрузчика;45;Свердловская область;05.08.2026 — 05.09.2026
сколько масла в погрузчике;45;Свердловская область;05.08.2026 — 05.09.2026
работа машинистом экскаватора погрузчика в свердловской области;45;Свердловская область;05.08.2026 — 05.09.2026
болдер погрузчик;45;Свердловская область;05.08.2026 — 05.09.2026
елаз экскаватор погрузчик;45;Свердловская область;05.08.2026 — 05.09.2026
рама погрузчиков;45;Свердловская область;05.08.2026 — 05.09.2026
ооо погрузчик;45;Свердловская область;05.08.2026 — 05.09.2026
мини погрузчик из китая;45;Свердловская область;05.08.2026 — 05.09.2026
масляные фильтра на погрузчик;45;Свердловская область;05.08.2026 — 05.09.2026
рулевые тяги погрузчика;45;Свердловская область;05.08.2026 — 05.09.2026
экскаваторы погрузчики обзор;45;Свердловская область;05.08.2026 — 05.09.2026
колесный экскаватор погрузчик;45;Свердловская область;05.08.2026 — 05.09.2026
вилочный погрузчик фото;45;Свердловская область;05.08.2026 — 05.09.2026
погрузчик b877f;45;Свердловская область;05.08.2026 — 05.09.2026
экскаватор погрузчик b877f;45;Свердловская область;05.08.2026 — 05.09.2026
мини погрузчик барнаулец 500;45;Свердловская область;05.08.2026 — 05.09.2026
фронтальный погрузчик shantui;45;Свердловская область;05.08.2026 — 05.09.2026
машинист погрузчика вакансии екатеринбург;45;Свердловская область;05.08.2026 — 05.09.2026
фронтальный погрузчик 20;45;Свердловская область;05.08.2026 — 05.09.2026
давление фронтального погрузчика;45;Свердловская область;05.08.2026 — 05.09.2026
аккумуляторная для погрузчиков;45;Свердловская область;05.08.2026 — 05.09.2026
рулевая для погрузчика;45;Свердловская область;05.08.2026 — 05.09.2026
экскаватор погрузчик cat;44;Свердловская область;05.08.2026 — 05.09.2026
работа водитель экскаватор погрузчика;44;Свердловская область;05.08.2026 — 05.09.2026
погрузчики вилочные львовские;44;Свердловская область;05.08.2026 — 05.09.2026
свежие машинист погрузчика;44;Свердловская область;05.08.2026 — 05.09.2026
погрузчик челябинск;44;Свердловская область;05.08.2026 — 05.09.2026
погрузчик снега;44;Свердловская область;05.08.2026 — 05.09.2026
тормозная система погрузчика;44;Свердловская область;05.08.2026 — 05.09.2026
серия погрузчик;44;Свердловская область;05.08.2026 — 05.09.2026
каталог погрузчиков;44;Свердловская область;05.08.2026 — 05.09.2026
водитель погрузчика березовском;44;Свердловская область;05.08.2026 — 05.09.2026
погрузчик hzm;44;Свердловская область;05.08.2026 — 05.09.2026
сдать на погрузчик;44;Свердловская область;05.08.2026 — 05.09.2026
задний мост фронтального погрузчика;44;Свердловская область;05.08.2026 — 05.09.2026
перевозка погрузчика;44;Свердловская область;05.08.2026 — 05.09.2026
авто погрузчики;44;Свердловская область;05.08.2026 — 05.09.2026
погрузчик lovol;44;Свердловская область;05.08.2026 — 05.09.2026
погрузчики h;44;Свердловская область;05.08.2026 — 05.09.2026
мост вилочного погрузчика;44;Свердловская область;05.08.2026 — 05.09.2026
вило для погрузчика;44;Свердловская область;05.08.2026 — 05.09.2026
самосвал погрузчик;43;Свердловская область;05.08.2026 — 05.09.2026
свежие вакансии машинист погрузчика;43;Свердловская область;05.08.2026 — 05.09.2026
погрузчик вилочный 1.5;43;Свердловская область;05.08.2026 — 05.09.2026
погрузчик 02;43;Свердловская область;05.08.2026 — 05.09.2026
погрузчик xcmg купить;43;Свердловская область;05.08.2026 — 05.09.2026
экскаватор погрузчик 28 28;43;Свердловская область;05.08.2026 — 05.09.2026
погрузчик goodsense;43;Свердловская область;05.08.2026 — 05.09.2026
погрузчик 3 5;43;Свердловская область;05.08.2026 — 05.09.2026
погрузчик в лизинг;43;Свердловская область;05.08.2026 — 05.09.2026
погрузчик пк;43;Свердловская область;05.08.2026 — 05.09.2026
джисиби экскаватор погрузчик;43;Свердловская область;05.08.2026 — 05.09.2026
погрузчик фронтальный lgce;43;Свердловская область;05.08.2026 — 05.09.2026
экскаватор погрузчик 388h;43;Свердловская область;05.08.2026 — 05.09.2026
какая категория нужна на погрузчик;43;Свердловская область;05.08.2026 — 05.09.2026
погрузчик кинг;43;Свердловская область;05.08.2026 — 05.09.2026
погрузчик амбал;43;Свердловская область;05.08.2026 — 05.09.2026
купить экскаватор погрузчик б у;43;Свердловская область;05.08.2026 — 05.09.2026
погрузчик 5т;43;Свердловская область;05.08.2026 — 05.09.2026
подъемный погрузчик;43;Свердловская область;05.08.2026 — 05.09.2026
болгарский погрузчик;43;Свердловская область;05.08.2026 — 05.09.2026
телескопический погрузчик jcb;42;Свердловская область;05.08.2026 — 05.09.2026
фронтальный 1 погрузчик;42;Свердловская область;05.08.2026 — 05.09.2026
дизельный двигатель погрузчика;42;Свердловская область;05.08.2026 — 05.09.2026
зумлион погрузчик;42;Свердловская область;05.08.2026 — 05.09.2026
охрана труда погрузчики;42;Свердловская область;05.08.2026 — 05.09.2026
погрузчик охраны;42;Свердловская область;05.08.2026 — 05.09.2026
zoomlion мини погрузчик;42;Свердловская область;05.08.2026 — 05.09.2026
схема мини погрузчика;42;Свердловская область;05.08.2026 — 05.09.2026
погрузчик кировец;42;Свердловская область;05.08.2026 — 05.09.2026
фронтальный погрузчик jcb;42;Свердловская область;05.08.2026 — 05.09.2026
водитель фронтального погрузчика екатеринбург;42;Свердловская область;05.08.2026 — 05.09.2026
погрузчик вольт;42;Свердловская область;05.08.2026 — 05.09.2026
работа вакансии машиниста погрузчика;42;Свердловская область;05.08.2026 — 05.09.2026
аренда экскаватора погрузчика jcb;42;Свердловская область;05.08.2026 — 05.09.2026
погрузчик надо;42;Свердловская область;05.08.2026 — 05.09.2026
манипулятор погрузчик;42;Свердловская область;05.08.2026 — 05.09.2026
машинист экскаватор погрузчик екатеринбурге;42;Свердловская область;05.08.2026 — 05.09.2026
знак погрузчик;42;Свердловская область;05.08.2026 — 05.09.2026
экскаватор погрузчик hyundai;42;Свердловская область;05.08.2026 — 05.09.2026
погрузчик mitsuber;42;Свердловская область;05.08.2026 — 05.09.2026
акпп погрузчик масло;42;Свердловская область;05.08.2026 — 05.09.2026
кпп фронтального погрузчика;42;Свердловская область;05.08.2026 — 05.09.2026
радиатор фронтального погрузчика;42;Свердловская область;05.08.2026 — 05.09.2026
двс погрузчиков;42;Свердловская область;05.08.2026 — 05.09.2026
шины для вилочных погрузчиков;42;Свердловская область;05.08.2026 — 05.09.2026
купить вилочный погрузчик б у;41;Свердловская область;05.08.2026 — 05.09.2026
купля погрузчика;41;Свердловская область;05.08.2026 — 05.09.2026
погрузчик профессионал;41;Свердловская область;05.08.2026 — 05.09.2026
купить ковш экскаватор погрузчик;41;Свердловская область;05.08.2026 — 05.09.2026
управление вилочным погрузчиком;41;Свердловская область;05.08.2026 — 05.09.2026
новые погрузчики фронтальной;41;Свердловская область;05.08.2026 — 05.09.2026
авито мини погрузчик;41;Свердловская область;05.08.2026 — 05.09.2026
фронтальный погрузчик zl50g;41;Свердловская область;05.08.2026 — 05.09.2026
погрузчик deere;41;Свердловская область;05.08.2026 — 05.09.2026
объем ковша погрузчика;41;Свердловская область;05.08.2026 — 05.09.2026
водитель погрузчика зарплата;41;Свердловская область;05.08.2026 — 05.09.2026
погрузчик l;41;Свердловская область;05.08.2026 — 05.09.2026
передний мост фронтального погрузчика;41;Свердловская область;05.08.2026 — 05.09.2026
фронтальный погрузчик кубов;41;Свердловская область;05.08.2026 — 05.09.2026
экскаватор погрузчик 570;41;Свердловская область;05.08.2026 — 05.09.2026
отучиться на погрузчик;41;Свердловская область;05.08.2026 — 05.09.2026
гусеничный мини погрузчик;41;Свердловская область;05.08.2026 — 05.09.2026
экскаватор погрузчик лонкинг;41;Свердловская область;05.08.2026 — 05.09.2026
работа на погрузчике вакансии;41;Свердловская область;05.08.2026 — 05.09.2026
ножи для погрузчика;41;Свердловская область;05.08.2026 — 05.09.2026
для экскаватора погрузчика купить;41;Свердловская область;05.08.2026 — 05.09.2026
погрузчик картинка;40;Свердловская область;05.08.2026 — 05.09.2026
погрузчик 910;40;Свердловская область;05.08.2026 — 05.09.2026
фильтр топливный погрузчик;40;Свердловская область;05.08.2026 — 05.09.2026
погрузчик хели;40;Свердловская область;05.08.2026 — 05.09.2026
гидроцилиндры фронтального погрузчика;40;Свердловская область;05.08.2026 — 05.09.2026
нанук погрузчик;40;Свердловская область;05.08.2026 — 05.09.2026
погрузчик мксм 800;40;Свердловская область;05.08.2026 — 05.09.2026
запчасти для китайских погрузчиков;40;Свердловская область;05.08.2026 — 05.09.2026
погрузчик гта;40;Свердловская область;05.08.2026 — 05.09.2026
горный погрузчик;40;Свердловская область;05.08.2026 — 05.09.2026
щит погрузчика;40;Свердловская область;05.08.2026 — 05.09.2026
куплю мини погрузчик в свердловской;40;Свердловская область;05.08.2026 — 05.09.2026
вилочный погрузчик heli;40;Свердловская область;05.08.2026 — 05.09.2026
рулевая погрузчики вилочные;40;Свердловская область;05.08.2026 — 05.09.2026
погрузчик на навеску;40;Свердловская область;05.08.2026 — 05.09.2026
водитель фронтального погрузчика вахта;40;Свердловская область;05.08.2026 — 05.09.2026
экскаватор погрузчик 2026;40;Свердловская область;05.08.2026 — 05.09.2026
погрузчик john;40;Свердловская область;05.08.2026 — 05.09.2026
ремонт экскаваторов погрузчиков;40;Свердловская область;05.08.2026 — 05.09.2026
дизельный погрузчик купить;40;Свердловская область;05.08.2026 — 05.09.2026
вакансия экскаватора погрузчика работа;40;Свердловская область;05.08.2026 — 05.09.2026
топливный бак погрузчика;40;Свердловская область;05.08.2026 — 05.09.2026
шпилька погрузчики;40;Свердловская область;05.08.2026 — 05.09.2026
погрузчик ant;39;Свердловская область;05.08.2026 — 05.09.2026
автомобиль погрузчик;39;Свердловская область;05.08.2026 — 05.09.2026
топливный насос погрузчика;39;Свердловская область;05.08.2026 — 05.09.2026
про погрузчик;39;Свердловская область;05.08.2026 — 05.09.2026
двигатель на фронтальный погрузчик;39;Свердловская область;05.08.2026 — 05.09.2026
экскаватор погрузчик профессионал;39;Свердловская область;05.08.2026 — 05.09.2026
скачать мод погрузчики;39;Свердловская область;05.08.2026 — 05.09.2026
пермские погрузчики;39;Свердловская область;05.08.2026 — 05.09.2026
работа екатеринбург машинист погрузчика;39;Свердловская область;05.08.2026 — 05.09.2026
погрузчик redstar;39;Свердловская область;05.08.2026 — 05.09.2026
заводской погрузчик;39;Свердловская область;05.08.2026 — 05.09.2026
кун погрузчик;39;Свердловская область;05.08.2026 — 05.09.2026
фс 17 погрузчик;39;Свердловская область;05.08.2026 — 05.09.2026
фронтальный погрузчик volvo;39;Свердловская область;05.08.2026 — 05.09.2026
одноковшовый фронтальный погрузчик;39;Свердловская область;05.08.2026 — 05.09.2026
мини погрузчик в свердловской области;39;Свердловская область;05.08.2026 — 05.09.2026
фронтальный гидравлический погрузчик;39;Свердловская область;05.08.2026 — 05.09.2026
погрузчик caterpillar;39;Свердловская область;05.08.2026 — 05.09.2026
вопрос ответ погрузчик;39;Свердловская область;05.08.2026 — 05.09.2026
полноприводный погрузчик;39;Свердловская область;05.08.2026 — 05.09.2026
фронтальный погрузчик какое масло;39;Свердловская область;05.08.2026 — 05.09.2026
погрузчики john deere;39;Свердловская область;05.08.2026 — 05.09.2026
погрузчик сдм 833;39;Свердловская область;05.08.2026 — 05.09.2026
работа вакансии машинист экскаватора погрузчика;39;Свердловская область;05.08.2026 — 05.09.2026
экскаватор погрузчик кейс;39;Свердловская область;05.08.2026 — 05.09.2026
весы для погрузчика;39;Свердловская область;05.08.2026 — 05.09.2026
водитель погрузчика нижний;38;Свердловская область;05.08.2026 — 05.09.2026
водитель погрузчика нижний тагил;38;Свердловская область;05.08.2026 — 05.09.2026
работа нижний тагил погрузчик;38;Свердловская область;05.08.2026 — 05.09.2026
погрузчики 1 тонна;38;Свердловская область;05.08.2026 — 05.09.2026
экскаватор погрузчик терекс;38;Свердловская область;05.08.2026 — 05.09.2026
зуб погрузчика;38;Свердловская область;05.08.2026 — 05.09.2026
погрузчик строительный;38;Свердловская область;05.08.2026 — 05.09.2026
вилочные погрузчики области;38;Свердловская область;05.08.2026 — 05.09.2026
масло в двигатель фронтального погрузчика;38;Свердловская область;05.08.2026 — 05.09.2026
лонкинг погрузчики 833;38;Свердловская область;05.08.2026 — 05.09.2026
машинист фронтального погрузчика вакансии;38;Свердловская область;05.08.2026 — 05.09.2026
погрузчик лейте;38;Свердловская область;05.08.2026 — 05.09.2026
погрузчик редстар;38;Свердловская область;05.08.2026 — 05.09.2026
погрузчик 2 тонны;38;Свердловская область;05.08.2026 — 05.09.2026
стальная воля погрузчик;38;Свердловская область;05.08.2026 — 05.09.2026
погрузчик still;38;Свердловская область;05.08.2026 — 05.09.2026
фронтальный погрузчик hzm;38;Свердловская область;05.08.2026 — 05.09.2026
инструкция по эксплуатации погрузчика;38;Свердловская область;05.08.2026 — 05.09.2026
карьерный погрузчик;38;Свердловская область;05.08.2026 — 05.09.2026
образцы погрузчиков;38;Свердловская область;05.08.2026 — 05.09.2026
чехол на погрузчик;38;Свердловская область;05.08.2026 — 05.09.2026
свет погрузчика;38;Свердловская область;05.08.2026 — 05.09.2026
пневматические погрузчики;38;Свердловская область;05.08.2026 — 05.09.2026
фронтальный погрузчик komatsu;38;Свердловская область;05.08.2026 — 05.09.2026
разборка погрузчиков;38;Свердловская область;05.08.2026 — 05.09.2026
погрузчик 900;38;Свердловская область;05.08.2026 — 05.09.2026
купить шины для погрузчика;38;Свердловская область;05.08.2026 — 05.09.2026
двигатель погрузчика тойота;38;Свердловская область;05.08.2026 — 05.09.2026
средний погрузчик;38;Свердловская область;05.08.2026 — 05.09.2026
погрузчик 62;38;Свердловская область;05.08.2026 — 05.09.2026
фронтальный погрузчик нижний тагил;38;Свердловская область;05.08.2026 — 05.09.2026
кардан на погрузчик;38;Свердловская область;05.08.2026 — 05.09.2026
металлический погрузчик;38;Свердловская область;05.08.2026 — 05.09.2026
гидроцилиндр ковша погрузчика;38;Свердловская область;05.08.2026 — 05.09.2026
работа погрузчика отзывы;38;Свердловская область;05.08.2026 — 05.09.2026
мини погрузчик 907;37;Свердловская область;05.08.2026 — 05.09.2026
погрузчик xcmg zl50g;37;Свердловская область;05.08.2026 — 05.09.2026
камера на погрузчик;37;Свердловская область;05.08.2026 — 05.09.2026
день погрузчика;37;Свердловская область;05.08.2026 — 05.09.2026
погрузчик 34;37;Свердловская область;05.08.2026 — 05.09.2026
мост погрузчик купить;37;Свердловская область;05.08.2026 — 05.09.2026
вилочные погрузчики 8;37;Свердловская область;05.08.2026 — 05.09.2026
вилочные погрузчики 2;37;Свердловская область;05.08.2026 — 05.09.2026
работа на погрузчике свердловская область;37;Свердловская область;05.08.2026 — 05.09.2026
рукоять погрузчика;37;Свердловская область;05.08.2026 — 05.09.2026
установка фронтального погрузчика;37;Свердловская область;05.08.2026 — 05.09.2026
права машиниста погрузчика;37;Свердловская область;05.08.2026 — 05.09.2026
смотреть экскаваторы погрузчики;37;Свердловская область;05.08.2026 — 05.09.2026
погрузчик 4cx;37;Свердловская область;05.08.2026 — 05.09.2026
разобранный погрузчик;37;Свердловская область;05.08.2026 — 05.09.2026
погрузчик lgce b877f;37;Свердловская область;05.08.2026 — 05.09.2026
экскаватор погрузчик lgce b877f;37;Свердловская область;05.08.2026 — 05.09.2026
tfn погрузчики;37;Свердловская область;05.08.2026 — 05.09.2026
погрузчик 855;37;Свердловская область;05.08.2026 — 05.09.2026
работа машинист фронтального погрузчика в свердловской области;37;Свердловская область;05.08.2026 — 05.09.2026
погрузчик на час;37;Свердловская область;05.08.2026 — 05.09.2026
погрузчик на часы;37;Свердловская область;05.08.2026 — 05.09.2026
купить львовский погрузчик;37;Свердловская область;05.08.2026 — 05.09.2026
экскаватор погрузчик фото;37;Свердловская область;05.08.2026 — 05.09.2026
нужен водитель погрузчика;37;Свердловская область;05.08.2026 — 05.09.2026
погрузчик булл;37;Свердловская область;05.08.2026 — 05.09.2026
купить экскаватор погрузчик на авито;37;Свердловская область;05.08.2026 — 05.09.2026
погрузчик 1500;37;Свердловская область;05.08.2026 — 05.09.2026
погрузчик 4х4;37;Свердловская область;05.08.2026 — 05.09.2026
вилочный погрузчик купить бу;36;Свердловская область;05.08.2026 — 05.09.2026
вилочный погрузчик тонны купить;36;Свердловская область;05.08.2026 — 05.09.2026
лучшие фронтальные погрузчики;36;Свердловская область;05.08.2026 — 05.09.2026
разбор погрузчиков;36;Свердловская область;05.08.2026 — 05.09.2026
мост на мини погрузчик;36;Свердловская область;05.08.2026 — 05.09.2026
авито погрузчик амкодор;36;Свердловская область;05.08.2026 — 05.09.2026
авито фронтальный погрузчик амкодор;36;Свердловская область;05.08.2026 — 05.09.2026
купить погрузчик амкодор на авито;36;Свердловская область;05.08.2026 — 05.09.2026
купить фронтальный погрузчик амкодор на авито;36;Свердловская область;05.08.2026 — 05.09.2026
вентилятор погрузчика;36;Свердловская область;05.08.2026 — 05.09.2026
машинист погрузчика категории;36;Свердловская область;05.08.2026 — 05.09.2026
xcmg xc8 экскаватор погрузчик;36;Свердловская область;05.08.2026 — 05.09.2026
погрузчик xcmg xc8;36;Свердловская область;05.08.2026 — 05.09.2026
погрузчики хундай;36;Свердловская область;05.08.2026 — 05.09.2026
фронтальном погрузчике xcmg zl50g;36;Свердловская область;05.08.2026 — 05.09.2026
погрузчик вилочный авито;36;Свердловская область;05.08.2026 — 05.09.2026
купить резину на погрузчик;36;Свердловская область;05.08.2026 — 05.09.2026
погрузчик сцепление;36;Свердловская область;05.08.2026 — 05.09.2026
фронтальный погрузчик т;36;Свердловская область;05.08.2026 — 05.09.2026
мини погрузчик лонкинг;36;Свердловская область;05.08.2026 — 05.09.2026
сочленение погрузчика;36;Свердловская область;05.08.2026 — 05.09.2026
разъем погрузчика;36;Свердловская область;05.08.2026 — 05.09.2026
работа в екатеринбурге водителем погрузчика вилочного;36;Свердловская область;05.08.2026 — 05.09.2026
машинист водитель погрузчика вакансии;36;Свердловская область;05.08.2026 — 05.09.2026
погрузчики официальный сайт;35;Свердловская область;05.08.2026 — 05.09.2026
продажа фронтального погрузчика;35;Свердловская область;05.08.2026 — 05.09.2026
вилочный погрузчик tcm;35;Свердловская область;05.08.2026 — 05.09.2026
авито погрузчики амкодор бу купить;35;Свердловская область;05.08.2026 — 05.09.2026
авито фронтальный погрузчик амкодор бу;35;Свердловская область;05.08.2026 — 05.09.2026
амкодор фронтальный погрузчик бу купить на авито;35;Свердловская область;05.08.2026 — 05.09.2026
погрузчик амкодор бу авито;35;Свердловская область;05.08.2026 — 05.09.2026
4sx экскаватор погрузчик;35;Свердловская область;05.08.2026 — 05.09.2026
камера для вилочного погрузчика;35;Свердловская область;05.08.2026 — 05.09.2026
карданный вал погрузчика;35;Свердловская область;05.08.2026 — 05.09.2026
погрузчик 936;35;Свердловская область;05.08.2026 — 05.09.2026
российский экскаватор погрузчик;35;Свердловская область;05.08.2026 — 05.09.2026
новый экскаватор погрузчик;35;Свердловская область;05.08.2026 — 05.09.2026
погрузчик какой аккумулятор;35;Свердловская область;05.08.2026 — 05.09.2026
заводской номер погрузчика;35;Свердловская область;05.08.2026 — 05.09.2026
погрузчик вилочный toyota;35;Свердловская область;05.08.2026 — 05.09.2026
погрузчик jcb 4cx;35;Свердловская область;05.08.2026 — 05.09.2026
погрузчик барнаулец цена;35;Свердловская область;05.08.2026 — 05.09.2026
быстросъем на погрузчик;35;Свердловская область;05.08.2026 — 05.09.2026
баллон на погрузчик;35;Свердловская область;05.08.2026 — 05.09.2026
погрузчик шантуй;35;Свердловская область;05.08.2026 — 05.09.2026
экзамен на погрузчик;35;Свердловская область;05.08.2026 — 05.09.2026
бензиновый погрузчик;35;Свердловская область;05.08.2026 — 05.09.2026
экскаватор погрузчик holland;35;Свердловская область;05.08.2026 — 05.09.2026
экскаватор погрузчик new;35;Свердловская область;05.08.2026 — 05.09.2026
экскаватор погрузчик new holland;35;Свердловская область;05.08.2026 — 05.09.2026
погрузчик ревда;35;Свердловская область;05.08.2026 — 05.09.2026
данные погрузчика;35;Свердловская область;05.08.2026 — 05.09.2026
фронтальный погрузчик какая категория;35;Свердловская область;05.08.2026 — 05.09.2026
фронтальный погрузчик zl30;35;Свердловская область;05.08.2026 — 05.09.2026
погрузчик см;35;Свердловская область;05.08.2026 — 05.09.2026
гидравлика экскаватора погрузчика;35;Свердловская область;05.08.2026 — 05.09.2026
погрузчик доосан;35;Свердловская область;05.08.2026 — 05.09.2026
газовый вилочный погрузчик;35;Свердловская область;05.08.2026 — 05.09.2026
погрузчик для склада;35;Свердловская область;05.08.2026 — 05.09.2026
рулевая тяга для погрузчика;35;Свердловская область;05.08.2026 — 05.09.2026
владельцы фронтальных погрузчиков;34;Свердловская область;05.08.2026 — 05.09.2026
учебно погрузчик;34;Свердловская область;05.08.2026 — 05.09.2026
мини погрузчик 2026;34;Свердловская область;05.08.2026 — 05.09.2026
работа машинист экскаватора екатеринбурге погрузчика экскаватора;34;Свердловская область;05.08.2026 — 05.09.2026
погрузчики юмз;34;Свердловская область;05.08.2026 — 05.09.2026
требования к погрузчику;34;Свердловская область;05.08.2026 — 05.09.2026
экскаватор погрузчик хендай;34;Свердловская область;05.08.2026 — 05.09.2026
погрузчик сани;34;Свердловская область;05.08.2026 — 05.09.2026
переломка 4х4 погрузчик;34;Свердловская область;05.08.2026 — 05.09.2026
погрузчик 888;34;Свердловская область;05.08.2026 — 05.09.2026
экскаватор погрузчик 888;34;Свердловская область;05.08.2026 — 05.09.2026
экскаватор погрузчик база;34;Свердловская область;05.08.2026 — 05.09.2026
погрузка вилочными погрузчиками;34;Свердловская область;05.08.2026 — 05.09.2026
погрузчик zl 20;34;Свердловская область;05.08.2026 — 05.09.2026
экскаватор погрузчик hmk;34;Свердловская область;05.08.2026 — 05.09.2026
топливо на погрузчик;34;Свердловская область;05.08.2026 — 05.09.2026
погрузчик грузит;34;Свердловская область;05.08.2026 — 05.09.2026
какое масло в гидравлику погрузчика;34;Свердловская область;05.08.2026 — 05.09.2026
погрузчик дп;34;Свердловская область;05.08.2026 — 05.09.2026
водитель погрузчика машинист экскаватора;34;Свердловская область;05.08.2026 — 05.09.2026
фронтальный погрузчик mitsuber;34;Свердловская область;05.08.2026 — 05.09.2026
мини погрузчик бобкэт;34;Свердловская область;05.08.2026 — 05.09.2026
лонг кинг погрузчик;34;Свердловская область;05.08.2026 — 05.09.2026
жидкости в погрузчик;34;Свердловская область;05.08.2026 — 05.09.2026
балка погрузчика;34;Свердловская область;05.08.2026 — 05.09.2026
вакансии фронтальный погрузчик екатеринбург;34;Свердловская область;05.08.2026 — 05.09.2026
linde погрузчики;34;Свердловская область;05.08.2026 — 05.09.2026
погрузчик экскаватор 4cx;34;Свердловская область;05.08.2026 — 05.09.2026
погрузчик электро;34;Свердловская область;05.08.2026 — 05.09.2026
фонарь на фронтальный погрузчик;34;Свердловская область;05.08.2026 — 05.09.2026
передний ковш экскаватора погрузчика;34;Свердловская область;05.08.2026 — 05.09.2026
3 какой погрузчик;34;Свердловская область;05.08.2026 — 05.09.2026
где купить погрузчик;34;Свердловская область;05.08.2026 — 05.09.2026
митсубер фронтальный погрузчик;34;Свердловская область;05.08.2026 — 05.09.2026
моточасы на погрузчике;34;Свердловская область;05.08.2026 — 05.09.2026
обзор мини погрузчика;34;Свердловская область;05.08.2026 — 05.09.2026
погрузчик марк;34;Свердловская область;05.08.2026 — 05.09.2026
права на экскаватор погрузчик;34;Свердловская область;05.08.2026 — 05.09.2026
самый большой погрузчик;34;Свердловская область;05.08.2026 — 05.09.2026
погрузчик xgma;34;Свердловская область;05.08.2026 — 05.09.2026
ковшовых погрузчиков;34;Свердловская область;05.08.2026 — 05.09.2026
ф погрузчик;34;Свердловская область;05.08.2026 — 05.09.2026
погрузчик hzm xc600;33;Свердловская область;05.08.2026 — 05.09.2026
работа на фронтальном погрузчике в екатеринбурге;33;Свердловская область;05.08.2026 — 05.09.2026
ремкомплект гидроцилиндра погрузчика;33;Свердловская область;05.08.2026 — 05.09.2026
навесной экскаватор погрузчик;33;Свердловская область;05.08.2026 — 05.09.2026
погрузчик пф;33;Свердловская область;05.08.2026 — 05.09.2026
трактор погрузчик мтз;33;Свердловская область;05.08.2026 — 05.09.2026
аренда экскаватора погрузчика в екатеринбурге;33;Свердловская область;05.08.2026 — 05.09.2026
погрузчик бобкат;33;Свердловская область;05.08.2026 — 05.09.2026
клык погрузчика;33;Свердловская область;05.08.2026 — 05.09.2026
цилиндра подъема погрузчика;33;Свердловская область;05.08.2026 — 05.09.2026
погрузчик lg833n;33;Свердловская область;05.08.2026 — 05.09.2026
фронтальный погрузчик отзывы владельцев;33;Свердловская область;05.08.2026 — 05.09.2026
руководство по эксплуатации погрузчика скачать;33;Свердловская область;05.08.2026 — 05.09.2026
скачать руководство погрузчика;33;Свердловская область;05.08.2026 — 05.09.2026
сигнал погрузчика;33;Свердловская область;05.08.2026 — 05.09.2026
погрузчик макер;33;Свердловская область;05.08.2026 — 05.09.2026
погрузчик жсб;33;Свердловская область;05.08.2026 — 05.09.2026
купить запчасти на погрузчик;33;Свердловская область;05.08.2026 — 05.09.2026
погрузчик категории д;33;Свердловская область;05.08.2026 — 05.09.2026
купить фронтальный погрузчик xcmg;33;Свердловская область;05.08.2026 — 05.09.2026
часы экскаватор погрузчик;33;Свердловская область;05.08.2026 — 05.09.2026
погрузчик shanmon 388h;33;Свердловская область;05.08.2026 — 05.09.2026
экскаватор погрузчик shanmon 388h;33;Свердловская область;05.08.2026 — 05.09.2026
мини погрузчик переломка;33;Свердловская область;05.08.2026 — 05.09.2026
вилочный погрузчик характеристики;33;Свердловская область;05.08.2026 — 05.09.2026
мульчер на погрузчик;33;Свердловская область;05.08.2026 — 05.09.2026
вилочный погрузчик liugong;33;Свердловская область;05.08.2026 — 05.09.2026
погрузчик фронтальный л;33;Свердловская область;05.08.2026 — 05.09.2026
работа машинист погрузчика свежие;33;Свердловская область;05.08.2026 — 05.09.2026
работники погрузчик;33;Свердловская область;05.08.2026 — 05.09.2026
барнаулец мини погрузчик цена;33;Свердловская область;05.08.2026 — 05.09.2026
дверь на погрузчика;33;Свердловская область;05.08.2026 — 05.09.2026
фронтальный погрузчик тонн;33;Свердловская область;05.08.2026 — 05.09.2026
экскаватор погрузчик джон;33;Свердловская область;05.08.2026 — 05.09.2026
экскаватор погрузчик джон дир;33;Свердловская область;05.08.2026 — 05.09.2026
экскаватор погрузчик дир;33;Свердловская область;05.08.2026 — 05.09.2026
авито погрузчик б;33;Свердловская область;05.08.2026 — 05.09.2026
симулятор погрузчика;33;Свердловская область;05.08.2026 — 05.09.2026
купить запчасти для погрузчика;33;Свердловская область;05.08.2026 — 05.09.2026
двери для погрузчиков;33;Свердловская область;05.08.2026 — 05.09.2026
фронтальный погрузчик hzm xc600;32;Свердловская область;05.08.2026 — 05.09.2026
водитель экскаватора погрузчика вакансии;32;Свердловская область;05.08.2026 — 05.09.2026
купить самодельный погрузчик;32;Свердловская область;05.08.2026 — 05.09.2026
погрузчики трансмиссия;32;Свердловская область;05.08.2026 — 05.09.2026
как получить права на погрузчик;32;Свердловская область;05.08.2026 — 05.09.2026
купить стекло на погрузчик;32;Свердловская область;05.08.2026 — 05.09.2026
экскаватор погрузчик россия;32;Свердловская область;05.08.2026 — 05.09.2026
погрузчик cpcd50;32;Свердловская область;05.08.2026 — 05.09.2026
мини погрузчик пум;32;Свердловская область;05.08.2026 — 05.09.2026
погрузчик 2020;32;Свердловская область;05.08.2026 — 05.09.2026
купить погрузчик вольво;32;Свердловская область;05.08.2026 — 05.09.2026
фс 19 погрузчик;32;Свердловская область;05.08.2026 — 05.09.2026
стрела для погрузчика;32;Свердловская область;05.08.2026 — 05.09.2026
ковшовой погрузчик;32;Свердловская область;05.08.2026 — 05.09.2026
ковшовый погрузчик;32;Свердловская область;05.08.2026 — 05.09.2026
погрузчик clg;32;Свердловская область;05.08.2026 — 05.09.2026
производство экскаваторов погрузчик;32;Свердловская область;05.08.2026 — 05.09.2026
мини погрузчик макер;32;Свердловская область;05.08.2026 — 05.09.2026
погрузчик пермский край;32;Свердловская область;05.08.2026 — 05.09.2026
каталог запчастей погрузчика;32;Свердловская область;05.08.2026 — 05.09.2026
погрузчик umg;32;Свердловская область;05.08.2026 — 05.09.2026
экскаватор погрузчик каменск уральский;32;Свердловская область;05.08.2026 — 05.09.2026
бензонасос погрузчика;32;Свердловская область;05.08.2026 — 05.09.2026
какая высота погрузчика;32;Свердловская область;05.08.2026 — 05.09.2026
скачать фс погрузчика;32;Свердловская область;05.08.2026 — 05.09.2026
погрузчик митсубиси;32;Свердловская область;05.08.2026 — 05.09.2026
погрузчики обозначение;32;Свердловская область;05.08.2026 — 05.09.2026
купить колесо на погрузчик;32;Свердловская область;05.08.2026 — 05.09.2026
патрубок на погрузчик;32;Свердловская область;05.08.2026 — 05.09.2026
зимний погрузчик;32;Свердловская область;05.08.2026 — 05.09.2026
вакансия водитель погрузчика свердловская область;32;Свердловская область;05.08.2026 — 05.09.2026
машинист экскаватора погрузчика свежие;32;Свердловская область;05.08.2026 — 05.09.2026
работа машинист экскаватора погрузчика свежие;32;Свердловская область;05.08.2026 — 05.09.2026
работа экскаватора погрузчика свежие;32;Свердловская область;05.08.2026 — 05.09.2026
свежие вакансии работы машиниста погрузчика;32;Свердловская область;05.08.2026 — 05.09.2026
датчик температуры погрузчик;32;Свердловская область;05.08.2026 — 05.09.2026
гидроцилиндр стрелы погрузчика;32;Свердловская область;05.08.2026 — 05.09.2026
складской погрузчик;32;Свердловская область;05.08.2026 — 05.09.2026
стартер двигателя погрузчика;32;Свердловская область;05.08.2026 — 05.09.2026
экскаватор погрузчик jcb 4cx;32;Свердловская область;05.08.2026 — 05.09.2026
фронтальный погрузчик искра;32;Свердловская область;05.08.2026 — 05.09.2026
фронтальные погрузчики тюмени;32;Свердловская область;05.08.2026 — 05.09.2026
погрузчик леса;32;Свердловская область;05.08.2026 — 05.09.2026
погрузчик не едет;32;Свердловская область;05.08.2026 — 05.09.2026
вопросы на погрузчик;32;Свердловская область;05.08.2026 — 05.09.2026
покрышка для погрузчика;32;Свердловская область;05.08.2026 — 05.09.2026
человек погрузчик;31;Свердловская область;05.08.2026 — 05.09.2026
гидравлическая стрела погрузчика;31;Свердловская область;05.08.2026 — 05.09.2026
номер у фронтального погрузчика;31;Свердловская область;05.08.2026 — 05.09.2026
дром погрузчики;31;Свердловская область;05.08.2026 — 05.09.2026
погрузчик перкинс;31;Свердловская область;05.08.2026 — 05.09.2026
защита погрузчика;31;Свердловская область;05.08.2026 — 05.09.2026
вилочный захват для погрузчика;31;Свердловская область;05.08.2026 — 05.09.2026
ковш для экскаватора погрузчика;31;Свердловская область;05.08.2026 — 05.09.2026
радиатор охлаждения погрузчик;31;Свердловская область;05.08.2026 — 05.09.2026
погрузчик фронтальный лонг;31;Свердловская область;05.08.2026 — 05.09.2026
погрузчик уралмаш;31;Свердловская область;05.08.2026 — 05.09.2026
технические характеристики фронтального погрузчика;31;Свердловская область;05.08.2026 — 05.09.2026
купить мини погрузчик в свердловской области;31;Свердловская область;05.08.2026 — 05.09.2026
купить погрузчик новый цена;31;Свердловская область;05.08.2026 — 05.09.2026
погрузчик bull 4sx;31;Свердловская область;05.08.2026 — 05.09.2026
экскаватор погрузчик bull 4sx;31;Свердловская область;05.08.2026 — 05.09.2026
вакансия екатеринбург экскаватор погрузчик;31;Свердловская область;05.08.2026 — 05.09.2026
погрузчик снимать экскаватор;31;Свердловская область;05.08.2026 — 05.09.2026
как работает экскаватор погрузчик;31;Свердловская область;05.08.2026 — 05.09.2026
погрузчик без водителя;31;Свердловская область;05.08.2026 — 05.09.2026
программа погрузчик;31;Свердловская область;05.08.2026 — 05.09.2026
использование погрузчиков;31;Свердловская область;05.08.2026 — 05.09.2026
погрузчик lw300f;31;Свердловская область;05.08.2026 — 05.09.2026
купить трактор погрузчик;31;Свердловская область;05.08.2026 — 05.09.2026
помпы водяные погрузчик;31;Свердловская область;05.08.2026 — 05.09.2026
погрузчик 935;31;Свердловская область;05.08.2026 — 05.09.2026
погрузчик sem;31;Свердловская область;05.08.2026 — 05.09.2026
погрузчик решетка;31;Свердловская область;05.08.2026 — 05.09.2026
погрузчик поднимает груз;31;Свердловская область;05.08.2026 — 05.09.2026
машинист экскаватор погрузчик свежие вакансии;31;Свердловская область;05.08.2026 — 05.09.2026
работа экскаватора погрузчика свежие вакансии;31;Свердловская область;05.08.2026 — 05.09.2026
работу машинист экскаватора погрузчика свежие вакансии;31;Свердловская область;05.08.2026 — 05.09.2026
свежая вакансия экскаватора погрузчика;31;Свердловская область;05.08.2026 — 05.09.2026
редуктор погрузчик xcmg;31;Свердловская область;05.08.2026 — 05.09.2026
купить погрузчик екб;31;Свердловская область;05.08.2026 — 05.09.2026
вакансии фронтальный погрузчик в свердловской области;31;Свердловская область;05.08.2026 — 05.09.2026
путевой лист погрузчика;31;Свердловская область;05.08.2026 — 05.09.2026
путевый лист погрузчика;31;Свердловская область;05.08.2026 — 05.09.2026
купить телескопический погрузчик;31;Свердловская область;05.08.2026 — 05.09.2026
фронтальный погрузчик оборудование;31;Свердловская область;05.08.2026 — 05.09.2026
погрузчик 7 тонн;31;Свердловская область;05.08.2026 — 05.09.2026
аренда погрузчика цена;31;Свердловская область;05.08.2026 — 05.09.2026
фронтальный погрузчик б у;31;Свердловская область;05.08.2026 — 05.09.2026
мини погрузчик bobcat;31;Свердловская область;05.08.2026 — 05.09.2026
погрузчик групп;31;Свердловская область;05.08.2026 — 05.09.2026
вилочный погрузчик trf;31;Свердловская область;05.08.2026 — 05.09.2026
нож для фронтального погрузчика;31;Свердловская область;05.08.2026 — 05.09.2026
шины для фронтальных погрузчиков;31;Свердловская область;05.08.2026 — 05.09.2026
погрузчик для трактора;31;Свердловская область;05.08.2026 — 05.09.2026
куплю погрузчик львовский вилочный;30;Свердловская область;05.08.2026 — 05.09.2026
погрузчик ант 1200;30;Свердловская область;05.08.2026 — 05.09.2026
погрузчик 938;30;Свердловская область;05.08.2026 — 05.09.2026
погрузчик львов;30;Свердловская область;05.08.2026 — 05.09.2026
фронтальный погрузчик 50;30;Свердловская область;05.08.2026 — 05.09.2026
погрузчик дусан;30;Свердловская область;05.08.2026 — 05.09.2026
купить погрузчик 5 тонн;30;Свердловская область;05.08.2026 — 05.09.2026
погрузчик для детей;30;Свердловская область;05.08.2026 — 05.09.2026
части погрузчика;30;Свердловская область;05.08.2026 — 05.09.2026
погрузчик terex;30;Свердловская область;05.08.2026 — 05.09.2026
требуется погрузчик;30;Свердловская область;05.08.2026 — 05.09.2026
шланг гидравлический подъема стрелы погрузчика 1.5 т;30;Свердловская область;05.08.2026 — 05.09.2026
погрузчики бывают;30;Свердловская область;05.08.2026 — 05.09.2026
экскаватор погрузчик коматсу;30;Свердловская область;05.08.2026 — 05.09.2026
колеса на экскаватор погрузчик;30;Свердловская область;05.08.2026 — 05.09.2026
рулевая колонка погрузчик;30;Свердловская область;05.08.2026 — 05.09.2026
мини погрузчик амбал;30;Свердловская область;05.08.2026 — 05.09.2026
погрузчик lugong;30;Свердловская область;05.08.2026 — 05.09.2026
двигатель на вилочный погрузчик;30;Свердловская область;05.08.2026 — 05.09.2026
ковш передний на погрузчик;30;Свердловская область;05.08.2026 — 05.09.2026
беларус погрузчик;30;Свердловская область;05.08.2026 — 05.09.2026
корпус погрузчика;30;Свердловская область;05.08.2026 — 05.09.2026
для чего нужен погрузчик;30;Свердловская область;05.08.2026 — 05.09.2026
фронтальный погрузчик d;30;Свердловская область;05.08.2026 — 05.09.2026
вакансии водитель погрузчика в верхней пышме;30;Свердловская область;05.08.2026 — 05.09.2026
ошибки фронтального погрузчика;30;Свердловская область;05.08.2026 — 05.09.2026
фронтальный погрузчик лонкинг 833;30;Свердловская область;05.08.2026 — 05.09.2026
погрузчик тесты;30;Свердловская область;05.08.2026 — 05.09.2026
maker погрузчик;30;Свердловская область;05.08.2026 — 05.09.2026
переломка погрузчика своими руками;30;Свердловская область;05.08.2026 — 05.09.2026
вал на погрузчик;30;Свердловская область;05.08.2026 — 05.09.2026
соединение погрузчика;30;Свердловская область;05.08.2026 — 05.09.2026
мощность двигателей погрузчиков;30;Свердловская область;05.08.2026 — 05.09.2026
мини экскаватор погрузчик купить;30;Свердловская область;05.08.2026 — 05.09.2026
фронтальный погрузчик расход;30;Свердловская область;05.08.2026 — 05.09.2026
запчасти на фронтальный погрузчик;30;Свердловская область;05.08.2026 — 05.09.2026
шарнирный погрузчик;30;Свердловская область;05.08.2026 — 05.09.2026
купить экскаватор погрузчик цена;30;Свердловская область;05.08.2026 — 05.09.2026
погрузчик daewoo;30;Свердловская область;05.08.2026 — 05.09.2026
погрузчики фронтальные болдеры;30;Свердловская область;05.08.2026 — 05.09.2026
погрузчики на карьерах;30;Свердловская область;05.08.2026 — 05.09.2026
садовый погрузчик;30;Свердловская область;05.08.2026 — 05.09.2026
схема экскаватора погрузчика;30;Свердловская область;05.08.2026 — 05.09.2026
погрузчики описание;30;Свердловская область;05.08.2026 — 05.09.2026
погрузчик мзик;30;Свердловская область;05.08.2026 — 05.09.2026
какие права для погрузчика;30;Свердловская область;05.08.2026 — 05.09.2026
мост фронтального погрузчика купить;29;Свердловская область;05.08.2026 — 05.09.2026
погрузчик 1604;29;Свердловская область;05.08.2026 — 05.09.2026
сочлененный погрузчик;29;Свердловская область;05.08.2026 — 05.09.2026
снять фронтальный погрузчик;29;Свердловская область;05.08.2026 — 05.09.2026
бортовой фронтальный погрузчик;29;Свердловская область;05.08.2026 — 05.09.2026
погрузчик органы управления;29;Свердловская область;05.08.2026 — 05.09.2026
работа ру погрузчик;29;Свердловская область;05.08.2026 — 05.09.2026
погрузчик хидромек;29;Свердловская область;05.08.2026 — 05.09.2026
хидромек экскаватор погрузчик;29;Свердловская область;05.08.2026 — 05.09.2026
водитель погрузчика 4;29;Свердловская область;05.08.2026 — 05.09.2026
погрузчик geka;29;Свердловская область;05.08.2026 — 05.09.2026
как заглушить погрузчик;29;Свердловская область;05.08.2026 — 05.09.2026
погрузчик 956;29;Свердловская область;05.08.2026 — 05.09.2026
1 экскаватор погрузчик;29;Свердловская область;05.08.2026 — 05.09.2026
погрузчик бу екатеринбург;29;Свердловская область;05.08.2026 — 05.09.2026
погрузчик 953;29;Свердловская область;05.08.2026 — 05.09.2026
вилочные погрузчики отзывы;29;Свердловская область;05.08.2026 — 05.09.2026
zl 20 фронтальный погрузчик;29;Свердловская область;05.08.2026 — 05.09.2026
погрузчики больший;29;Свердловская область;05.08.2026 — 05.09.2026
погрузчик 21;29;Свердловская область;05.08.2026 — 05.09.2026
погрузчик на заднюю навеску;29;Свердловская область;05.08.2026 — 05.09.2026
рулевой мост погрузчика;29;Свердловская область;05.08.2026 — 05.09.2026
тл погрузчик;29;Свердловская область;05.08.2026 — 05.09.2026
погрузчик асбест;29;Свердловская область;05.08.2026 — 05.09.2026
шины на вилочный погрузчик;29;Свердловская область;05.08.2026 — 05.09.2026
габариты фронтального погрузчика;29;Свердловская область;05.08.2026 — 05.09.2026
погрузчик 3 куб;29;Свердловская область;05.08.2026 — 05.09.2026
погрузчик 3 куба;29;Свердловская область;05.08.2026 — 05.09.2026
палец фронтального погрузчика;29;Свердловская область;05.08.2026 — 05.09.2026
работа на погрузчике в свердловской;29;Свердловская область;05.08.2026 — 05.09.2026
погрузчик case 570;29;Свердловская область;05.08.2026 — 05.09.2026
экскаватор погрузчик case 570;29;Свердловская область;05.08.2026 — 05.09.2026
погрузчики рейтинг;29;Свердловская область;05.08.2026 — 05.09.2026
погрузчик б у свердловская область;29;Свердловская область;05.08.2026 — 05.09.2026
кулак поворотный погрузчик;29;Свердловская область;05.08.2026 — 05.09.2026
погрузчик бл;29;Свердловская область;05.08.2026 — 05.09.2026
запчасти для погрузчиков тойота;29;Свердловская область;05.08.2026 — 05.09.2026
то для погрузчика;29;Свердловская область;05.08.2026 — 05.09.2026
погрузчик рф;28;Свердловская область;05.08.2026 — 05.09.2026
мини погрузчик ант;28;Свердловская область;05.08.2026 — 05.09.2026
полноприводный вилочный погрузчик;28;Свердловская область;05.08.2026 — 05.09.2026
работа погрузчик в тагиле;28;Свердловская область;05.08.2026 — 05.09.2026
водитель погрузчика категория прав;28;Свердловская область;05.08.2026 — 05.09.2026
заднее стекло на погрузчик;28;Свердловская область;05.08.2026 — 05.09.2026
капот погрузчика;28;Свердловская область;05.08.2026 — 05.09.2026
погрузчик сдлж;28;Свердловская область;05.08.2026 — 05.09.2026
учеба на погрузчик;28;Свердловская область;05.08.2026 — 05.09.2026
наклейки на погрузчик;28;Свердловская область;05.08.2026 — 05.09.2026
сколько ковша погрузчика;28;Свердловская область;05.08.2026 — 05.09.2026
погрузчик вилочный дизель;28;Свердловская область;05.08.2026 — 05.09.2026
погрузчик тойота 5к;28;Свердловская область;05.08.2026 — 05.09.2026
купить кару погрузчик;28;Свердловская область;05.08.2026 — 05.09.2026
освещение погрузчика;28;Свердловская область;05.08.2026 — 05.09.2026
тракторист погрузчика вакансии;28;Свердловская область;05.08.2026 — 05.09.2026
машинист экскаватора погрузчик екатеринбург вакансии;28;Свердловская область;05.08.2026 — 05.09.2026
мир погрузчиков;28;Свердловская область;05.08.2026 — 05.09.2026
погрузчик зтм;28;Свердловская область;05.08.2026 — 05.09.2026
погрузчик tlb;28;Свердловская область;05.08.2026 — 05.09.2026
погрузчик вакансии вахта;28;Свердловская область;05.08.2026 — 05.09.2026
значок погрузчика;28;Свердловская область;05.08.2026 — 05.09.2026
погрузчик новосибирск;28;Свердловская область;05.08.2026 — 05.09.2026
сдать на права на погрузчик;28;Свердловская область;05.08.2026 — 05.09.2026
тормоза фронтального погрузчика;28;Свердловская область;05.08.2026 — 05.09.2026
где найти погрузчики;28;Свердловская область;05.08.2026 — 05.09.2026
каток погрузчик;28;Свердловская область;05.08.2026 — 05.09.2026
погрузчик сдлг;28;Свердловская область;05.08.2026 — 05.09.2026
работа водитель погрузчика машинист экскаватор;28;Свердловская область;05.08.2026 — 05.09.2026
работа машинист погрузчика водитель погрузчика;28;Свердловская область;05.08.2026 — 05.09.2026
втулки на погрузчик;28;Свердловская область;05.08.2026 — 05.09.2026
кантователь для фронтального погрузчика;28;Свердловская область;05.08.2026 — 05.09.2026
прокладка погрузчика;28;Свердловская область;05.08.2026 — 05.09.2026
масло заливаемое в коробку погрузчик;28;Свердловская область;05.08.2026 — 05.09.2026
погрузчик объем бака;28;Свердловская область;05.08.2026 — 05.09.2026
гидросистема погрузчика;28;Свердловская область;05.08.2026 — 05.09.2026
моторное масло погрузчик;28;Свердловская область;05.08.2026 — 05.09.2026
maker мини погрузчик;28;Свердловская область;05.08.2026 — 05.09.2026
проверка погрузчика;28;Свердловская область;05.08.2026 — 05.09.2026
обратный погрузчик;28;Свердловская область;05.08.2026 — 05.09.2026
русские погрузчики;28;Свердловская область;05.08.2026 — 05.09.2026
желтый погрузчик;28;Свердловская область;05.08.2026 — 05.09.2026
цилиндр стрелы погрузчика;28;Свердловская область;05.08.2026 — 05.09.2026
погрузчики турс;28;Свердловская область;05.08.2026 — 05.09.2026
фронтальный погрузчик lovol;28;Свердловская область;05.08.2026 — 05.09.2026
погрузчик xcmg lw300f;28;Свердловская область;05.08.2026 — 05.09.2026
подушки двигателя погрузчика;28;Свердловская область;05.08.2026 — 05.09.2026
погрузчик jcb цена;28;Свердловская область;05.08.2026 — 05.09.2026
работа для экскаватора погрузчика;28;Свердловская область;05.08.2026 — 05.09.2026
для телескопические погрузчики;28;Свердловская область;05.08.2026 — 05.09.2026
к погрузчикам относятся;27;Свердловская область;05.08.2026 — 05.09.2026
наборы погрузчиков;27;Свердловская область;05.08.2026 — 05.09.2026
какой погрузчик купить;27;Свердловская область;05.08.2026 — 05.09.2026
погрузчик какие колеса;27;Свердловская область;05.08.2026 — 05.09.2026
мачта вилочного погрузчика;27;Свердловская область;05.08.2026 — 05.09.2026
права машиниста погрузчика тракториста;27;Свердловская область;05.08.2026 — 05.09.2026
погрузчик бочки;27;Свердловская область;05.08.2026 — 05.09.2026
mst 544 экскаватор погрузчик;27;Свердловская область;05.08.2026 — 05.09.2026
погрузчика mst 544;27;Свердловская область;05.08.2026 — 05.09.2026
должностная инструкция погрузчика;27;Свердловская область;05.08.2026 — 05.09.2026
погрузчик 2024;27;Свердловская область;05.08.2026 — 05.09.2026
редуктор переднего моста погрузчика;27;Свердловская область;05.08.2026 — 05.09.2026
жсб экскаватор погрузчик;27;Свердловская область;05.08.2026 — 05.09.2026
погрузчик 770;27;Свердловская область;05.08.2026 — 05.09.2026
кит погрузчик;27;Свердловская область;05.08.2026 — 05.09.2026
погрузчик какие документы;27;Свердловская область;05.08.2026 — 05.09.2026
сочленение фронтального погрузчика;27;Свердловская область;05.08.2026 — 05.09.2026
погрузчик st;27;Свердловская область;05.08.2026 — 05.09.2026
нужен мини погрузчик;27;Свердловская область;05.08.2026 — 05.09.2026
vin погрузчика;27;Свердловская область;05.08.2026 — 05.09.2026
нож для ковша погрузчика;27;Свердловская область;05.08.2026 — 05.09.2026
погрузчики чукурова;27;Свердловская область;05.08.2026 — 05.09.2026
экскаватор погрузчик купить новый;27;Свердловская область;05.08.2026 — 05.09.2026
погрузчик jac cpcd;27;Свердловская область;05.08.2026 — 05.09.2026
код ошибки погрузчика;27;Свердловская область;05.08.2026 — 05.09.2026
кнопки на погрузчик;27;Свердловская область;05.08.2026 — 05.09.2026
универсальный мини погрузчик;27;Свердловская область;05.08.2026 — 05.09.2026
погрузчик на уазовских мостах;27;Свердловская область;05.08.2026 — 05.09.2026
ковш на вилочный погрузчик;27;Свердловская область;05.08.2026 — 05.09.2026
размер шины погрузчик;27;Свердловская область;05.08.2026 — 05.09.2026
погрузчиках разряд какие;27;Свердловская область;05.08.2026 — 05.09.2026
какое давление в погрузчике;27;Свердловская область;05.08.2026 — 05.09.2026
экскаватор погрузчик tlb;27;Свердловская область;05.08.2026 — 05.09.2026
аренда погрузчика области;27;Свердловская область;05.08.2026 — 05.09.2026
владелец экскаватора погрузчика;27;Свердловская область;05.08.2026 — 05.09.2026
отзывы владельцев экскаваторов погрузчиков;27;Свердловская область;05.08.2026 — 05.09.2026
погрузчик 180;27;Свердловская область;05.08.2026 — 05.09.2026
погрузчики бу купить екатеринбург;27;Свердловская область;05.08.2026 — 05.09.2026
камаз погрузчик;27;Свердловская область;05.08.2026 — 05.09.2026
погрузчик jcb 3;27;Свердловская область;05.08.2026 — 05.09.2026
погрузчик ось;27;Свердловская область;05.08.2026 — 05.09.2026
вилочный погрузчик 5т;27;Свердловская область;05.08.2026 — 05.09.2026
погрузчик yale;27;Свердловская область;05.08.2026 — 05.09.2026
вилочный погрузчик вакансии екатеринбург;27;Свердловская область;05.08.2026 — 05.09.2026
фронтальный погрузчик датчики;27;Свердловская область;05.08.2026 — 05.09.2026
аренда экскаватора погрузчика 3cx;27;Свердловская область;05.08.2026 — 05.09.2026
для погрузчика нужны права;27;Свердловская область;05.08.2026 — 05.09.2026
какие права нужны для погрузчика;27;Свердловская область;05.08.2026 — 05.09.2026
запчасти для вилочного погрузчика тойота;26;Свердловская область;05.08.2026 — 05.09.2026
запчасти для погрузчиков вилочных тойота в екатеринбурге;26;Свердловская область;05.08.2026 — 05.09.2026
погрузчик hyster;26;Свердловская область;05.08.2026 — 05.09.2026
погрузчик фронтальный г;26;Свердловская область;05.08.2026 — 05.09.2026
телескопический погрузчик маниту;26;Свердловская область;05.08.2026 — 05.09.2026
посмотреть погрузчики;26;Свердловская область;05.08.2026 — 05.09.2026
категория на фронтальный погрузчик;26;Свердловская область;05.08.2026 — 05.09.2026
погрузчик авант;26;Свердловская область;05.08.2026 — 05.09.2026
купить погрузчик bull;26;Свердловская область;05.08.2026 — 05.09.2026
экскаватор погрузчик оборудование;26;Свердловская область;05.08.2026 — 05.09.2026
погрузчик сат;26;Свердловская область;05.08.2026 — 05.09.2026
генератор вилочного погрузчика;26;Свердловская область;05.08.2026 — 05.09.2026
мини погрузчик ant;26;Свердловская область;05.08.2026 — 05.09.2026
вилочные погрузчики 1 5;26;Свердловская область;05.08.2026 — 05.09.2026
мини погрузчик 800;26;Свердловская область;05.08.2026 — 05.09.2026
телескоп погрузчик;26;Свердловская область;05.08.2026 — 05.09.2026
вилочный погрузчик тонны дизельный;26;Свердловская область;05.08.2026 — 05.09.2026
купить погрузчик лонкинг;26;Свердловская область;05.08.2026 — 05.09.2026
погрузчик высота подъема;26;Свердловская область;05.08.2026 — 05.09.2026
решетка радиатора погрузчика;26;Свердловская область;05.08.2026 — 05.09.2026
вилочный погрузчик где;26;Свердловская область;05.08.2026 — 05.09.2026
продам мини погрузчик;26;Свердловская область;05.08.2026 — 05.09.2026
конструктор погрузчик;26;Свердловская область;05.08.2026 — 05.09.2026
час работы погрузчика;26;Свердловская область;05.08.2026 — 05.09.2026
вилочный погрузчик 5 т;26;Свердловская область;05.08.2026 — 05.09.2026
мини погрузчик макер 600;26;Свердловская область;05.08.2026 — 05.09.2026
погрузчик макер 600;26;Свердловская область;05.08.2026 — 05.09.2026
экскаватор погрузчик 777;26;Свердловская область;05.08.2026 — 05.09.2026
гидроцилиндр подъема погрузчика;26;Свердловская область;05.08.2026 — 05.09.2026
редуктор бортовой погрузчика;26;Свердловская область;05.08.2026 — 05.09.2026
тендер погрузчики;26;Свердловская область;05.08.2026 — 05.09.2026
изготовление погрузчиков;26;Свердловская область;05.08.2026 — 05.09.2026
погрузчик 3 1;26;Свердловская область;05.08.2026 — 05.09.2026
купить фронтальный мини погрузчик;26;Свердловская область;05.08.2026 — 05.09.2026
redstar экскаватор погрузчик;26;Свердловская область;05.08.2026 — 05.09.2026
погрузчики четра мксм;26;Свердловская область;05.08.2026 — 05.09.2026
фронтальный погрузчик sem;26;Свердловская область;05.08.2026 — 05.09.2026
фронтальный погрузчик 300;26;Свердловская область;05.08.2026 — 05.09.2026
паспорт погрузчика;26;Свердловская область;05.08.2026 — 05.09.2026
работа ру машинист погрузчика;26;Свердловская область;05.08.2026 — 05.09.2026
получить водитель погрузчика;26;Свердловская область;05.08.2026 — 05.09.2026
купить погрузчик мтз;26;Свердловская область;05.08.2026 — 05.09.2026
мини погрузчик 4х4;26;Свердловская область;05.08.2026 — 05.09.2026
мини погрузчик переломка 4х4;26;Свердловская область;05.08.2026 — 05.09.2026
вилочный погрузчик 7 тонн;26;Свердловская область;05.08.2026 — 05.09.2026
лобовое на погрузчик;26;Свердловская область;05.08.2026 — 05.09.2026
гидромолот на экскаватор погрузчик;26;Свердловская область;05.08.2026 — 05.09.2026
арендовать погрузчик;26;Свердловская область;05.08.2026 — 05.09.2026
масло коробка фронтальный погрузчик;26;Свердловская область;05.08.2026 — 05.09.2026
нью холланд экскаватор погрузчик;26;Свердловская область;05.08.2026 — 05.09.2026
экскаватор погрузчик холланд;26;Свердловская область;05.08.2026 — 05.09.2026
курсы водителя погрузчика;26;Свердловская область;05.08.2026 — 05.09.2026
экскаватор погрузчик размеры;26;Свердловская область;05.08.2026 — 05.09.2026
ширина ковша погрузчика;26;Свердловская область;05.08.2026 — 05.09.2026
вилочный погрузчик на т;26;Свердловская область;05.08.2026 — 05.09.2026
ручка переключения передач погрузчик lg 935h;26;Свердловская область;05.08.2026 — 05.09.2026
экскаваторы погрузчики бу на авито;26;Свердловская область;05.08.2026 — 05.09.2026
магазин для погрузчик;26;Свердловская область;05.08.2026 — 05.09.2026
категория для погрузчиков;26;Свердловская область;05.08.2026 — 05.09.2026
запчасти на львовский погрузчик;25;Свердловская область;05.08.2026 — 05.09.2026
редуктор заднего моста фронтального погрузчика;25;Свердловская область;05.08.2026 — 05.09.2026
погрузчик 3 т;25;Свердловская область;05.08.2026 — 05.09.2026
аренда телескопического погрузчика;25;Свердловская область;05.08.2026 — 05.09.2026
окз погрузчик;25;Свердловская область;05.08.2026 — 05.09.2026
погрузчик вп;25;Свердловская область;05.08.2026 — 05.09.2026
погрузчик прикол;25;Свердловская область;05.08.2026 — 05.09.2026
боковые стекла погрузчика;25;Свердловская область;05.08.2026 — 05.09.2026
гонг погрузчик;25;Свердловская область;05.08.2026 — 05.09.2026
вилы на фронтальный погрузчик;25;Свердловская область;05.08.2026 — 05.09.2026
погрузчики назначение;25;Свердловская область;05.08.2026 — 05.09.2026
вилочные погрузчики лев;25;Свердловская область;05.08.2026 — 05.09.2026
погрузчик российского производства;25;Свердловская область;05.08.2026 — 05.09.2026
экскаватор погрузчик knack;25;Свердловская область;05.08.2026 — 05.09.2026
погрузчик на базе мтз;25;Свердловская область;05.08.2026 — 05.09.2026
культиватор на погрузчик;25;Свердловская область;05.08.2026 — 05.09.2026
подушка двигателя экскаватор погрузчик;25;Свердловская область;05.08.2026 — 05.09.2026
liugong 890h погрузчик;25;Свердловская область;05.08.2026 — 05.09.2026
рулевой цилиндр погрузчик;25;Свердловская область;05.08.2026 — 05.09.2026
категория на вилочный погрузчик;25;Свердловская область;05.08.2026 — 05.09.2026
погрузчик 975;25;Свердловская область;05.08.2026 — 05.09.2026
инструкция машиниста погрузчика;25;Свердловская область;05.08.2026 — 05.09.2026
какие погрузчики должны быть;25;Свердловская область;05.08.2026 — 05.09.2026
размер фронтального погрузчика;25;Свердловская область;05.08.2026 — 05.09.2026
расход топливо фронтальный погрузчик;25;Свердловская область;05.08.2026 — 05.09.2026
новый мини погрузчик;25;Свердловская область;05.08.2026 — 05.09.2026
отопитель погрузчика;25;Свердловская область;05.08.2026 — 05.09.2026
чукурова экскаватор погрузчик;25;Свердловская область;05.08.2026 — 05.09.2026
плита для погрузчика;25;Свердловская область;05.08.2026 — 05.09.2026
погрузчик грунта;25;Свердловская область;05.08.2026 — 05.09.2026
экскаватор погрузчик jcb цена;25;Свердловская область;05.08.2026 — 05.09.2026
дорожные погрузчики;25;Свердловская область;05.08.2026 — 05.09.2026
экскаватор погрузчик jcb ковш;25;Свердловская область;05.08.2026 — 05.09.2026
погрузчик 5 разряда;25;Свердловская область;05.08.2026 — 05.09.2026
ru водитель погрузчика;25;Свердловская область;05.08.2026 — 05.09.2026
погрузчик эп 103;25;Свердловская область;05.08.2026 — 05.09.2026
робот погрузчик;25;Свердловская область;05.08.2026 — 05.09.2026
фары на мини погрузчик;25;Свердловская область;05.08.2026 — 05.09.2026
вилочные погрузчики оборудование;25;Свердловская область;05.08.2026 — 05.09.2026
какой экскаватор погрузчик лучше;25;Свердловская область;05.08.2026 — 05.09.2026
права на погрузчик екатеринбург;25;Свердловская область;05.08.2026 — 05.09.2026
экскаватор погрузчик deere;25;Свердловская область;05.08.2026 — 05.09.2026
мини погрузчик размеры;25;Свердловская область;05.08.2026 — 05.09.2026
работает водителем погрузчика;25;Свердловская область;05.08.2026 — 05.09.2026
направляющие погрузчика;25;Свердловская область;05.08.2026 — 05.09.2026
колесо на вилочный погрузчик;25;Свердловская область;05.08.2026 — 05.09.2026
двигатель погрузчика xcmg;25;Свердловская область;05.08.2026 — 05.09.2026
погрузчик деревьев;25;Свердловская область;05.08.2026 — 05.09.2026
управление погрузчиком xcmg;25;Свердловская область;05.08.2026 — 05.09.2026
отвал для вилочного погрузчика;25;Свердловская область;05.08.2026 — 05.09.2026
стартеры для погрузчиков;25;Свердловская область;05.08.2026 — 05.09.2026
погрузчик барнаулец 500 цена;24;Свердловская область;05.08.2026 — 05.09.2026
крепление для погрузчика;24;Свердловская область;05.08.2026 — 05.09.2026
водитель погрузчика d;24;Свердловская область;05.08.2026 — 05.09.2026
фронтальный погрузчик хитачи;24;Свердловская область;05.08.2026 — 05.09.2026
купить помпу на погрузчик;24;Свердловская область;05.08.2026 — 05.09.2026
купить вила на погрузчик;24;Свердловская область;05.08.2026 — 05.09.2026
купить вилы на погрузчик;24;Свердловская область;05.08.2026 — 05.09.2026
экскаватор погрузчик катерпиллер;24;Свердловская область;05.08.2026 — 05.09.2026
спецтехника фронтальный погрузчик;24;Свердловская область;05.08.2026 — 05.09.2026
экскаватор погрузчик в лизинг;24;Свердловская область;05.08.2026 — 05.09.2026
что делает погрузчик;24;Свердловская область;05.08.2026 — 05.09.2026
цельнолитые шины для погрузчиков;24;Свердловская область;05.08.2026 — 05.09.2026
погрузчик 933;24;Свердловская область;05.08.2026 — 05.09.2026
педаль на погрузчик;24;Свердловская область;05.08.2026 — 05.09.2026
какое гидравлическое масло погрузчик;24;Свердловская область;05.08.2026 — 05.09.2026
какое масло заливать в мини погрузчик;24;Свердловская область;05.08.2026 — 05.09.2026
н тагил погрузчик;24;Свердловская область;05.08.2026 — 05.09.2026
фронтальный погрузчик почему фронтальный;24;Свердловская область;05.08.2026 — 05.09.2026
работа на погрузчике в области;24;Свердловская область;05.08.2026 — 05.09.2026
zl30g погрузчик;24;Свердловская область;05.08.2026 — 05.09.2026
вин погрузчика;24;Свердловская область;05.08.2026 — 05.09.2026
погрузчик 2000;24;Свердловская область;05.08.2026 — 05.09.2026
руль погрузчика;24;Свердловская область;05.08.2026 — 05.09.2026
задняя балка погрузчика;24;Свердловская область;05.08.2026 — 05.09.2026
мини погрузчик бобкат;24;Свердловская область;05.08.2026 — 05.09.2026
трактор беларус погрузчик;24;Свердловская область;05.08.2026 — 05.09.2026
погрузчик 4 разряда;24;Свердловская область;05.08.2026 — 05.09.2026
погрузчик амкодор то 28;24;Свердловская область;05.08.2026 — 05.09.2026
погрузчик на мтз 82;24;Свердловская область;05.08.2026 — 05.09.2026
переключение передач на погрузчике;24;Свердловская область;05.08.2026 — 05.09.2026
погрузчик lw;24;Свердловская область;05.08.2026 — 05.09.2026
фронтальный погрузчик обзор;24;Свердловская область;05.08.2026 — 05.09.2026
какое масло заливают в гидравлику погрузчика;24;Свердловская область;05.08.2026 — 05.09.2026
вилочный погрузчик 15 15;24;Свердловская область;05.08.2026 — 05.09.2026
фронтальный погрузчик кировец;24;Свердловская область;05.08.2026 — 05.09.2026
спецтехника погрузчик экскаватор;24;Свердловская область;05.08.2026 — 05.09.2026
погрузчик переломка 4х4 своими руками;24;Свердловская область;05.08.2026 — 05.09.2026
погрузчик фукс;24;Свердловская область;05.08.2026 — 05.09.2026
категория на экскаватор погрузчик;24;Свердловская область;05.08.2026 — 05.09.2026
колодки на погрузчик;24;Свердловская область;05.08.2026 — 05.09.2026
грузовичок лева погрузчик;24;Свердловская область;05.08.2026 — 05.09.2026
грузовичок погрузчик;24;Свердловская область;05.08.2026 — 05.09.2026
оператор экскаватора погрузчика;24;Свердловская область;05.08.2026 — 05.09.2026
погрузчик вольво 120;24;Свердловская область;05.08.2026 — 05.09.2026
погрузчик на заводе;24;Свердловская область;05.08.2026 — 05.09.2026
погрузчик cpcd30;24;Свердловская область;05.08.2026 — 05.09.2026
дай погрузчик;24;Свердловская область;05.08.2026 — 05.09.2026
вилочный погрузчик hangcha;24;Свердловская область;05.08.2026 — 05.09.2026
резина на фронтальный погрузчик;24;Свердловская область;05.08.2026 — 05.09.2026
окпд погрузчик;24;Свердловская область;05.08.2026 — 05.09.2026
регистрация погрузчика;24;Свердловская область;05.08.2026 — 05.09.2026
погрузчик дв;24;Свердловская область;05.08.2026 — 05.09.2026
погрузчик на рычагах;24;Свердловская область;05.08.2026 — 05.09.2026
погрузчик lw300;24;Свердловская область;05.08.2026 — 05.09.2026
быстросъем на экскаватор погрузчик;24;Свердловская область;05.08.2026 — 05.09.2026
вилочные погрузчики хендай;24;Свердловская область;05.08.2026 — 05.09.2026
телескопический погрузчик xcmg;24;Свердловская область;05.08.2026 — 05.09.2026
погрузчик какой шины;24;Свердловская область;05.08.2026 — 05.09.2026
мини погрузчик с ковшом;24;Свердловская область;05.08.2026 — 05.09.2026
шины на фронтальный погрузчик;24;Свердловская область;05.08.2026 — 05.09.2026
батареи для погрузчиков;24;Свердловская область;05.08.2026 — 05.09.2026
рычаги управления погрузчиком;24;Свердловская область;05.08.2026 — 05.09.2026
экскаваторщик погрузчика;24;Свердловская область;05.08.2026 — 05.09.2026
фронтальный погрузчик ml333n;24;Свердловская область;05.08.2026 — 05.09.2026
погрузчик антифриза;24;Свердловская область;05.08.2026 — 05.09.2026
игрушка погрузчик;24;Свердловская область;05.08.2026 — 05.09.2026
купить экскаватор погрузчик бу на авито;24;Свердловская область;05.08.2026 — 05.09.2026
размер колеса погрузчика;24;Свердловская область;05.08.2026 — 05.09.2026
продажа погрузчиков бу;24;Свердловская область;05.08.2026 — 05.09.2026
купить погрузчик liugong;24;Свердловская область;05.08.2026 — 05.09.2026
вакансии водитель погрузчика екатеринбург уралмаш;24;Свердловская область;05.08.2026 — 05.09.2026
ремонт для погрузчиков;24;Свердловская область;05.08.2026 — 05.09.2026
нож для ковша фронтального погрузчика;24;Свердловская область;05.08.2026 — 05.09.2026
запчасти вилочный погрузчик купить;23;Свердловская область;05.08.2026 — 05.09.2026
вилочный погрузчик 5 тонны купить;23;Свердловская область;05.08.2026 — 05.09.2026
фонари на погрузчик купить;23;Свердловская область;05.08.2026 — 05.09.2026
погрузчики на базе тракторов;23;Свердловская область;05.08.2026 — 05.09.2026
мини погрузчик б у;23;Свердловская область;05.08.2026 — 05.09.2026
everun погрузчик;23;Свердловская область;05.08.2026 — 05.09.2026
35 погрузчик;23;Свердловская область;05.08.2026 — 05.09.2026
машинист погрузчика вахта;23;Свердловская область;05.08.2026 — 05.09.2026
гидроцилиндры ковша фронтального погрузчика;23;Свердловская область;05.08.2026 — 05.09.2026
купить экскаватор погрузчик в россии;23;Свердловская область;05.08.2026 — 05.09.2026
мини погрузчик барнаулец 500 цена;23;Свердловская область;05.08.2026 — 05.09.2026
вакансии погрузчик пермь;23;Свердловская область;05.08.2026 — 05.09.2026
удостоверение на погрузчик;23;Свердловская область;05.08.2026 — 05.09.2026
норма расхода погрузчика;23;Свердловская область;05.08.2026 — 05.09.2026
машинист тракторист водитель погрузчика;23;Свердловская область;05.08.2026 — 05.09.2026
зарядная погрузчиков;23;Свердловская область;05.08.2026 — 05.09.2026
мини погрузчик купить цена;23;Свердловская область;05.08.2026 — 05.09.2026
земля погрузчик;23;Свердловская область;05.08.2026 — 05.09.2026
лобовое стекло на погрузчик;23;Свердловская область;05.08.2026 — 05.09.2026
погрузчик ричтрак;23;Свердловская область;05.08.2026 — 05.09.2026
транспорт погрузчик;23;Свердловская область;05.08.2026 — 05.09.2026
экскаватор бульдозер погрузчик;23;Свердловская область;05.08.2026 — 05.09.2026
блок управления погрузчиком;23;Свердловская область;05.08.2026 — 05.09.2026
погрузчик ausa;23;Свердловская область;05.08.2026 — 05.09.2026
обслуживание погрузчиков екатеринбург;23;Свердловская область;05.08.2026 — 05.09.2026
экскаватор погрузчик caterpillar;23;Свердловская область;05.08.2026 — 05.09.2026
красный погрузчик;23;Свердловская область;05.08.2026 — 05.09.2026
вилочный погрузчик категория прав;23;Свердловская область;05.08.2026 — 05.09.2026
погрузчики ant 750;23;Свердловская область;05.08.2026 — 05.09.2026
производим погрузчики;23;Свердловская область;05.08.2026 — 05.09.2026
экскаватор погрузчик для детей;23;Свердловская область;05.08.2026 — 05.09.2026
какие бывают погрузчики;23;Свердловская область;05.08.2026 — 05.09.2026
выбираем экскаватор погрузчик;23;Свердловская область;05.08.2026 — 05.09.2026
машинки погрузчики;23;Свердловская область;05.08.2026 — 05.09.2026
какие права на вилочный погрузчик;23;Свердловская область;05.08.2026 — 05.09.2026
мини погрузчик 928;23;Свердловская область;05.08.2026 — 05.09.2026
мини погрузчик масло в гидравлику;23;Свердловская область;05.08.2026 — 05.09.2026
японский погрузчик;23;Свердловская область;05.08.2026 — 05.09.2026
погрузчик фронтальный бак;23;Свердловская область;05.08.2026 — 05.09.2026
детский погрузчик;23;Свердловская область;05.08.2026 — 05.09.2026
погрузчик металла;23;Свердловская область;05.08.2026 — 05.09.2026
экскаватор погрузчик инструкции;23;Свердловская область;05.08.2026 — 05.09.2026
цилиндр для погрузчика;23;Свердловская область;05.08.2026 — 05.09.2026
куплю запчасти львовский погрузчик;23;Свердловская область;05.08.2026 — 05.09.2026
куплю фронт погрузчик;23;Свердловская область;05.08.2026 — 05.09.2026
китайский вилочный погрузчик;23;Свердловская область;05.08.2026 — 05.09.2026
водитель погрузчика 4 разряда;23;Свердловская область;05.08.2026 — 05.09.2026
с помощью погрузчика;23;Свердловская область;05.08.2026 — 05.09.2026
какое масло залито мостах погрузчик;23;Свердловская область;05.08.2026 — 05.09.2026
вилочный телескопический погрузчик;23;Свердловская область;05.08.2026 — 05.09.2026
купит погрузчик бу тюмень;23;Свердловская область;05.08.2026 — 05.09.2026
куплю фронтальный погрузчик тюмень бу;23;Свердловская область;05.08.2026 — 05.09.2026
погрузчик бу тюмень;23;Свердловская область;05.08.2026 — 05.09.2026
фронтальный погрузчик бу тюмень;23;Свердловская область;05.08.2026 — 05.09.2026
погрузчик на гидроходу;23;Свердловская область;05.08.2026 — 05.09.2026
масло в погрузчик балканкар;23;Свердловская область;05.08.2026 — 05.09.2026
экскаватор погрузчик bl;23;Свердловская область;05.08.2026 — 05.09.2026
гидроцилиндр для погрузчика;23;Свердловская область;05.08.2026 — 05.09.2026
на вилочный погрузчик нужны права;23;Свердловская область;05.08.2026 — 05.09.2026
права тракториста на погрузчик;23;Свердловская область;05.08.2026 — 05.09.2026
погрузчик сколько час;23;Свердловская область;05.08.2026 — 05.09.2026
погрузчик 150;23;Свердловская область;05.08.2026 — 05.09.2026
куплю фронтальный погрузчик свердловский;23;Свердловская область;05.08.2026 — 05.09.2026
навеска на мини погрузчик;23;Свердловская область;05.08.2026 — 05.09.2026
сдм погрузчики фронтальные;23;Свердловская область;05.08.2026 — 05.09.2026
мини погрузчик клапан;23;Свердловская область;05.08.2026 — 05.09.2026
лифт погрузчик;23;Свердловская область;05.08.2026 — 05.09.2026
клык на ковш погрузчика;23;Свердловская область;05.08.2026 — 05.09.2026
погрузчик цвета;23;Свердловская область;05.08.2026 — 05.09.2026
погрузчик 853;23;Свердловская область;05.08.2026 — 05.09.2026
категория прав тракториста погрузчика;23;Свердловская область;05.08.2026 — 05.09.2026
палец ковша погрузчика;23;Свердловская область;05.08.2026 — 05.09.2026
lg экскаватор погрузчик;23;Свердловская область;05.08.2026 — 05.09.2026
другие погрузчики;23;Свердловская область;05.08.2026 — 05.09.2026
запчасти для фронтального погрузчика;23;Свердловская область;05.08.2026 — 05.09.2026
устройства для погрузчиков;23;Свердловская область;05.08.2026 — 05.09.2026
работа для фронтального погрузчика;23;Свердловская область;05.08.2026 — 05.09.2026
zl 50 погрузчик;22;Свердловская область;05.08.2026 — 05.09.2026
погрузчик онлайн;22;Свердловская область;05.08.2026 — 05.09.2026
погрузчик л 34;22;Свердловская область;05.08.2026 — 05.09.2026
погрузчик зерна;22;Свердловская область;05.08.2026 — 05.09.2026
коробка вилочного погрузчика;22;Свердловская область;05.08.2026 — 05.09.2026
диечи погрузчик;22;Свердловская область;05.08.2026 — 05.09.2026
погрузчик диеч;22;Свердловская область;05.08.2026 — 05.09.2026
безопасность погрузчика;22;Свердловская область;05.08.2026 — 05.09.2026
высота вилочного погрузчика;22;Свердловская область;05.08.2026 — 05.09.2026
фронтальный погрузчик doosan;22;Свердловская область;05.08.2026 — 05.09.2026
купить погрузчик пуму;22;Свердловская область;05.08.2026 — 05.09.2026
экскаватор погрузчик сани;22;Свердловская область;05.08.2026 — 05.09.2026
фронтальный телескопический погрузчик;22;Свердловская область;05.08.2026 — 05.09.2026
lg953 погрузчик;22;Свердловская область;05.08.2026 — 05.09.2026
погрузчик управление видео;22;Свердловская область;05.08.2026 — 05.09.2026
экскаватор погрузчик топливо;22;Свердловская область;05.08.2026 — 05.09.2026
фронтальные погрузчики россии;22;Свердловская область;05.08.2026 — 05.09.2026
меняю на погрузчик;22;Свердловская область;05.08.2026 — 05.09.2026
погрузчик mitsuber ml333n;22;Свердловская область;05.08.2026 — 05.09.2026
погрузчики уфа;22;Свердловская область;05.08.2026 — 05.09.2026
xc8 s3570 экскаватор погрузчик;22;Свердловская область;05.08.2026 — 05.09.2026
погрузчик xc8 s3570;22;Свердловская область;05.08.2026 — 05.09.2026
кит комплект погрузчика;22;Свердловская область;05.08.2026 — 05.09.2026
купить фронтальный погрузчик 25;22;Свердловская область;05.08.2026 — 05.09.2026
погрузчик дэм;22;Свердловская область;05.08.2026 — 05.09.2026
экскаватор погрузчик дэм;22;Свердловская область;05.08.2026 — 05.09.2026
погрузчики jcb бу;22;Свердловская область;05.08.2026 — 05.09.2026
экскаваторы погрузчики jcb бу;22;Свердловская область;05.08.2026 — 05.09.2026
погрузчик волна;22;Свердловская область;05.08.2026 — 05.09.2026
экскаватор погрузчик беларус;22;Свердловская область;05.08.2026 — 05.09.2026
минитрактор с фронтальным погрузчиком;22;Свердловская область;05.08.2026 — 05.09.2026
погрузчик спб;22;Свердловская область;05.08.2026 — 05.09.2026
экскаватор погрузчик john;22;Свердловская область;05.08.2026 — 05.09.2026
экскаватор погрузчик john deere;22;Свердловская область;05.08.2026 — 05.09.2026
vector погрузчик;22;Свердловская область;05.08.2026 — 05.09.2026
фреза на погрузчике;22;Свердловская область;05.08.2026 — 05.09.2026
погрузчик мини сайт;22;Свердловская область;05.08.2026 — 05.09.2026
кронштейн погрузчика;22;Свердловская область;05.08.2026 — 05.09.2026
водитель погрузчика код;22;Свердловская область;05.08.2026 — 05.09.2026
погрузчик зтм 216;22;Свердловская область;05.08.2026 — 05.09.2026
мини погрузчик пиксель;22;Свердловская область;05.08.2026 — 05.09.2026
пиксель погрузчик;22;Свердловская область;05.08.2026 — 05.09.2026
мини погрузчик 1200;22;Свердловская область;05.08.2026 — 05.09.2026
погрузчики iskra;22;Свердловская область;05.08.2026 — 05.09.2026
куплю погрузчик электрический;22;Свердловская область;05.08.2026 — 05.09.2026
экскаваторных погрузчиках;22;Свердловская область;05.08.2026 — 05.09.2026
работу экскаватором погрузчика в городе березовском;22;Свердловская область;05.08.2026 — 05.09.2026
реестр погрузчиков;22;Свердловская область;05.08.2026 — 05.09.2026
стеклоочиститель погрузчика;22;Свердловская область;05.08.2026 — 05.09.2026
экскаватор погрузчик пермский край;22;Свердловская область;05.08.2026 — 05.09.2026
батыр погрузчик;22;Свердловская область;05.08.2026 — 05.09.2026
фронтальный погрузчик батыр;22;Свердловская область;05.08.2026 — 05.09.2026
авито свердловская область погрузчики;22;Свердловская область;05.08.2026 — 05.09.2026
погрузчик звезда;22;Свердловская область;05.08.2026 — 05.09.2026
ступица на погрузчик;22;Свердловская область;05.08.2026 — 05.09.2026
закрытый погрузчик;22;Свердловская область;05.08.2026 — 05.09.2026
вилочный погрузчик коматсу;22;Свердловская область;05.08.2026 — 05.09.2026
щетка для погрузчика;22;Свердловская область;05.08.2026 — 05.09.2026
погрузчик 350;22;Свердловская область;05.08.2026 — 05.09.2026
ремкомплект цилиндра погрузчика;22;Свердловская область;05.08.2026 — 05.09.2026
окз водитель погрузчика;22;Свердловская область;05.08.2026 — 05.09.2026
водитель погрузчика категории d;22;Свердловская область;05.08.2026 — 05.09.2026
зажигание на погрузчике;22;Свердловская область;05.08.2026 — 05.09.2026
погрузчик бизон;22;Свердловская область;05.08.2026 — 05.09.2026
трф погрузчик;22;Свердловская область;05.08.2026 — 05.09.2026
погрузчик зимой;22;Свердловская область;05.08.2026 — 05.09.2026
фронтальные погрузчики карьеры;22;Свердловская область;05.08.2026 — 05.09.2026
фронтальный погрузчик карьер;22;Свердловская область;05.08.2026 — 05.09.2026
какое масло в погрузчик в двигатель;22;Свердловская область;05.08.2026 — 05.09.2026
бортоповоротный погрузчик;22;Свердловская область;05.08.2026 — 05.09.2026
водитель погрузчика 5;22;Свердловская область;05.08.2026 — 05.09.2026
где можно купить погрузчик;22;Свердловская область;05.08.2026 — 05.09.2026
покупаю погрузчик;22;Свердловская область;05.08.2026 — 05.09.2026
вилочный погрузчик джак;22;Свердловская область;05.08.2026 — 05.09.2026
погрузчик с ковшом амкодор;22;Свердловская область;05.08.2026 — 05.09.2026
ответы водитель погрузчика;22;Свердловская область;05.08.2026 — 05.09.2026
какое масло в гидравлику мини погрузчик;22;Свердловская область;05.08.2026 — 05.09.2026
фронтальный погрузчик 935;22;Свердловская область;05.08.2026 — 05.09.2026
погрузчик не заводится;22;Свердловская область;05.08.2026 — 05.09.2026
погрузчик сервис;22;Свердловская область;05.08.2026 — 05.09.2026
работа фронтальном погрузчике в нижнем;22;Свердловская область;05.08.2026 — 05.09.2026
экскаватор погрузчик komatsu;22;Свердловская область;05.08.2026 — 05.09.2026
как управлять фронтальным погрузчиком;22;Свердловская область;05.08.2026 — 05.09.2026
маша погрузчик;22;Свердловская область;05.08.2026 — 05.09.2026
самоделка погрузчик;22;Свердловская область;05.08.2026 — 05.09.2026
вакансии работы водитель погрузчика экскаватора;22;Свердловская область;05.08.2026 — 05.09.2026
машинист экскаватора водитель погрузчика вакансии;22;Свердловская область;05.08.2026 — 05.09.2026
частники экскаватор погрузчик;22;Свердловская область;05.08.2026 — 05.09.2026
большой фронтальный погрузчик;22;Свердловская область;05.08.2026 — 05.09.2026
экскаватор погрузчик lonking;22;Свердловская область;05.08.2026 — 05.09.2026
погрузчик хендай 770;22;Свердловская область;05.08.2026 — 05.09.2026
выполненные погрузчики;22;Свердловская область;05.08.2026 — 05.09.2026
фронтального погрузчика lw300f;22;Свердловская область;05.08.2026 — 05.09.2026
помпа на погрузчик балканкар;22;Свердловская область;05.08.2026 — 05.09.2026
крепление газового баллона на погрузчик;22;Свердловская область;05.08.2026 — 05.09.2026
фронтальный погрузчик lugong;22;Свердловская область;05.08.2026 — 05.09.2026
замена колодок погрузчик;22;Свердловская область;05.08.2026 — 05.09.2026
планировка погрузчиком;22;Свердловская область;05.08.2026 — 05.09.2026
ковш экскаватор погрузчик бу;22;Свердловская область;05.08.2026 — 05.09.2026
фронтальный погрузчик амкодор бу купить тюмень;22;Свердловская область;05.08.2026 — 05.09.2026
купить колесо для погрузчика;22;Свердловская область;05.08.2026 — 05.09.2026
погрузчики для производства;22;Свердловская область;05.08.2026 — 05.09.2026
виды для погрузчика;22;Свердловская область;05.08.2026 — 05.09.2026
для львовских погрузчиков;22;Свердловская область;05.08.2026 — 05.09.2026
дизельный вилочный погрузчик купить;21;Свердловская область;05.08.2026 — 05.09.2026
шина погрузчик вилочный купить;21;Свердловская область;05.08.2026 — 05.09.2026
вилочный погрузчик hyundai;21;Свердловская область;05.08.2026 — 05.09.2026
купить экскаватор погрузчик bull;21;Свердловская область;05.08.2026 — 05.09.2026
опоры погрузчика;21;Свердловская область;05.08.2026 — 05.09.2026
электрический мини погрузчик;21;Свердловская область;05.08.2026 — 05.09.2026
стекла фронтальных погрузчиков;21;Свердловская область;05.08.2026 — 05.09.2026
погрузчик mitsubishi;21;Свердловская область;05.08.2026 — 05.09.2026
погрузчик пески;21;Свердловская область;05.08.2026 — 05.09.2026
погрузчик это транспортное средство;21;Свердловская область;05.08.2026 — 05.09.2026
купить фронтальный погрузчик в свердловской области;21;Свердловская область;05.08.2026 — 05.09.2026
окпд 2 погрузчики;21;Свердловская область;05.08.2026 — 05.09.2026
неисправности погрузчиков;21;Свердловская область;05.08.2026 — 05.09.2026
фронтальный погрузчик какие права;21;Свердловская область;05.08.2026 — 05.09.2026
фронтальный погрузчик hyundai;21;Свердловская область;05.08.2026 — 05.09.2026
погрузчик видео уроки;21;Свердловская область;05.08.2026 — 05.09.2026
погрузчик урок;21;Свердловская область;05.08.2026 — 05.09.2026
экскаватор погрузчик ру;21;Свердловская область;05.08.2026 — 05.09.2026
взять погрузчик;21;Свердловская область;05.08.2026 — 05.09.2026
дверь экскаватор погрузчик;21;Свердловская область;05.08.2026 — 05.09.2026
гидравлическое масло фронтальный погрузчик;21;Свердловская область;05.08.2026 — 05.09.2026
погрузчик сколько тонн;21;Свердловская область;05.08.2026 — 05.09.2026
компрессор на погрузчик;21;Свердловская область;05.08.2026 — 05.09.2026
фронтальный погрузчик пермь;21;Свердловская область;05.08.2026 — 05.09.2026
характеристика мини погрузчика;21;Свердловская область;05.08.2026 — 05.09.2026
корпус фильтра погрузчика;21;Свердловская область;05.08.2026 — 05.09.2026
погрузчик wa900;21;Свердловская область;05.08.2026 — 05.09.2026
мультик погрузчик лева;21;Свердловская область;05.08.2026 — 05.09.2026
мини погрузчик переломка своими руками;21;Свердловская область;05.08.2026 — 05.09.2026
погрузчик диагностика;21;Свердловская область;05.08.2026 — 05.09.2026
погрузчик сургуте;21;Свердловская область;05.08.2026 — 05.09.2026
вилочный погрузчик cpcd;21;Свердловская область;05.08.2026 — 05.09.2026
удостоверение водителя погрузчика;21;Свердловская область;05.08.2026 — 05.09.2026
фронтальный погрузчик mitsuber ml333n;21;Свердловская область;05.08.2026 — 05.09.2026
кабины для погрузчиков;21;Свердловская область;05.08.2026 — 05.09.2026
роторный погрузчик;21;Свердловская область;05.08.2026 — 05.09.2026
погрузчики neo;21;Свердловская область;05.08.2026 — 05.09.2026
погрузчик liugong clg;21;Свердловская область;05.08.2026 — 05.09.2026
фронтальный погрузчик модели;21;Свердловская область;05.08.2026 — 05.09.2026
регулировка клапанов погрузчик;21;Свердловская область;05.08.2026 — 05.09.2026
малогабаритные погрузчики;21;Свердловская область;05.08.2026 — 05.09.2026
акпп вилочного погрузчика;21;Свердловская область;05.08.2026 — 05.09.2026
замена сальника на погрузчике;21;Свердловская область;05.08.2026 — 05.09.2026
проверить фронтальный погрузчик;21;Свердловская область;05.08.2026 — 05.09.2026
крестовина кардана погрузчика;21;Свердловская область;05.08.2026 — 05.09.2026
мини погрузчик грузоподъемность;21;Свердловская область;05.08.2026 — 05.09.2026
снеговой погрузчик;21;Свердловская область;05.08.2026 — 05.09.2026
погрузчик для контейнеров;21;Свердловская область;05.08.2026 — 05.09.2026
вилочный погрузчик lonking;21;Свердловская область;05.08.2026 — 05.09.2026
подшипники на погрузчик;21;Свердловская область;05.08.2026 — 05.09.2026
погрузчик 1 8;21;Свердловская область;05.08.2026 — 05.09.2026
force vector погрузчик;21;Свердловская область;05.08.2026 — 05.09.2026
купить погрузчик фронтальный б у;21;Свердловская область;05.08.2026 — 05.09.2026
вод погрузчика;21;Свердловская область;05.08.2026 — 05.09.2026
фронтальный погрузчик пф;21;Свердловская область;05.08.2026 — 05.09.2026
купить двигатель на погрузчик;21;Свердловская область;05.08.2026 — 05.09.2026
крестовина на погрузчик;21;Свердловская область;05.08.2026 — 05.09.2026
погрузчик видео смотреть;21;Свердловская область;05.08.2026 — 05.09.2026
смотреть экскаваторы погрузчики видео;21;Свердловская область;05.08.2026 — 05.09.2026
погрузчик 250;21;Свердловская область;05.08.2026 — 05.09.2026
работа в екатеринбурге фронтального погрузчика водителем;21;Свердловская область;05.08.2026 — 05.09.2026
скачать вилочный погрузчик;21;Свердловская область;05.08.2026 — 05.09.2026
машинист погрузчика обучение;21;Свердловская область;05.08.2026 — 05.09.2026
фронтальный погрузчик из лего;21;Свердловская область;05.08.2026 — 05.09.2026
экскаватор погрузчик jcb 3;21;Свердловская область;05.08.2026 — 05.09.2026
купить самодельный мини погрузчик;21;Свердловская область;05.08.2026 — 05.09.2026
погрузчик вилочный 2 тонны;21;Свердловская область;05.08.2026 — 05.09.2026
погрузчики с телескопической стрелой;21;Свердловская область;05.08.2026 — 05.09.2026
погрузчик w;21;Свердловская область;05.08.2026 — 05.09.2026
погрузчик из мотоблока своими руками;21;Свердловская область;05.08.2026 — 05.09.2026
услуги фронтального погрузчика;21;Свердловская область;05.08.2026 — 05.09.2026
погрузчик дп 1604;21;Свердловская область;05.08.2026 — 05.09.2026
раздатка погрузчик;21;Свердловская область;05.08.2026 — 05.09.2026
погрузчики чсдм;21;Свердловская область;05.08.2026 — 05.09.2026
фронтальный погрузчик на мтз;21;Свердловская область;05.08.2026 — 05.09.2026
схема вилочного погрузчика;21;Свердловская область;05.08.2026 — 05.09.2026
экскаватор погрузчик масса;21;Свердловская область;05.08.2026 — 05.09.2026
работа водителем погрузчика в нижнем;21;Свердловская область;05.08.2026 — 05.09.2026
мини погрузчик case;21;Свердловская область;05.08.2026 — 05.09.2026
фронтальный погрузчик лонг кинг;21;Свердловская область;05.08.2026 — 05.09.2026
купить культиватор на фронт погрузчик;21;Свердловская область;05.08.2026 — 05.09.2026
фильтр на фронтальный погрузчик;21;Свердловская область;05.08.2026 — 05.09.2026
погрузчик 1792;21;Свердловская область;05.08.2026 — 05.09.2026
кабина погрузчика купить;21;Свердловская область;05.08.2026 — 05.09.2026
погрузчик форсунка;21;Свердловская область;05.08.2026 — 05.09.2026
открой погрузчик;21;Свердловская область;05.08.2026 — 05.09.2026
коробка для погрузчика;21;Свердловская область;05.08.2026 — 05.09.2026
погрузчик для коробок;21;Свердловская область;05.08.2026 — 05.09.2026
мини погрузчик четра;20;Свердловская область;05.08.2026 — 05.09.2026
запчасть погрузчика магазин;20;Свердловская область;05.08.2026 — 05.09.2026
погрузчик 1.5 тонны;20;Свердловская область;05.08.2026 — 05.09.2026
запуск погрузчика;20;Свердловская область;05.08.2026 — 05.09.2026
вилочный погрузчик ханчи;20;Свердловская область;05.08.2026 — 05.09.2026
рукоять экскаватора погрузчика;20;Свердловская область;05.08.2026 — 05.09.2026
рулевое управление погрузчика;20;Свердловская область;05.08.2026 — 05.09.2026
наклейки на фронтальный погрузчик;20;Свердловская область;05.08.2026 — 05.09.2026
колеса на мини погрузчик;20;Свердловская область;05.08.2026 — 05.09.2026
шахтный погрузчик;20;Свердловская область;05.08.2026 — 05.09.2026
двигатель погрузчика перкинс;20;Свердловская область;05.08.2026 — 05.09.2026
клапан блокировки гидравлики мини погрузчик бобкат;20;Свердловская область;05.08.2026 — 05.09.2026
купить компрессор погрузчика;20;Свердловская область;05.08.2026 — 05.09.2026
заказать экскаватор погрузчик;20;Свердловская область;05.08.2026 — 05.09.2026
погрузчик 1 т;20;Свердловская область;05.08.2026 — 05.09.2026
не запускается погрузчик;20;Свердловская область;05.08.2026 — 05.09.2026
заправка погрузчика;20;Свердловская область;05.08.2026 — 05.09.2026
грузовичок лева мини погрузчик;20;Свердловская область;05.08.2026 — 05.09.2026
лева и мини погрузчик;20;Свердловская область;05.08.2026 — 05.09.2026
лева и мини погрузчик мультик;20;Свердловская область;05.08.2026 — 05.09.2026
лева и мини погрузчик мультик грузовичок;20;Свердловская область;05.08.2026 — 05.09.2026
мини погрузчик мультик;20;Свердловская область;05.08.2026 — 05.09.2026
вакансии тракториста водителя погрузчика;20;Свердловская область;05.08.2026 — 05.09.2026
стояночный тормоз погрузчика;20;Свердловская область;05.08.2026 — 05.09.2026
права машиниста погрузчика категории;20;Свердловская область;05.08.2026 — 05.09.2026
экскаватор погрузчик бл;20;Свердловская область;05.08.2026 — 05.09.2026
погрузчик лиугонг;20;Свердловская область;05.08.2026 — 05.09.2026
lg ce погрузчик;20;Свердловская область;05.08.2026 — 05.09.2026
права на погрузчик обучение;20;Свердловская область;05.08.2026 — 05.09.2026
водитель погрузчика какие права;20;Свердловская область;05.08.2026 — 05.09.2026
погрузчик nichiyu;20;Свердловская область;05.08.2026 — 05.09.2026
категории трактористов погрузчик машинист;20;Свердловская область;05.08.2026 — 05.09.2026
аккумуляторная батарея для погрузчика;20;Свердловская область;05.08.2026 — 05.09.2026
категория с тракториста погрузчика;20;Свердловская область;05.08.2026 — 05.09.2026
погрузчик 333;20;Свердловская область;05.08.2026 — 05.09.2026
весы для фронтального погрузчика;20;Свердловская область;05.08.2026 — 05.09.2026
погрузчик категории b;20;Свердловская область;05.08.2026 — 05.09.2026
вилочный погрузчик весит;20;Свердловская область;05.08.2026 — 05.09.2026
сколько весит погрузчик вилочный;20;Свердловская область;05.08.2026 — 05.09.2026
экскаватор погрузчик тюмень;20;Свердловская область;05.08.2026 — 05.09.2026
купить диски на погрузчик;20;Свердловская область;05.08.2026 — 05.09.2026
мини погрузчик на уазовских мостах;20;Свердловская область;05.08.2026 — 05.09.2026
погрузчик искра отзывы;20;Свердловская область;05.08.2026 — 05.09.2026
погрузчик днр;20;Свердловская область;05.08.2026 — 05.09.2026
купить погрузчик джисиби;20;Свердловская область;05.08.2026 — 05.09.2026
фронтальный погрузчик 2 2;20;Свердловская область;05.08.2026 — 05.09.2026
рулевая экскаватор погрузчика;20;Свердловская область;05.08.2026 — 05.09.2026
цилиндр фронтального погрузчика;20;Свердловская область;05.08.2026 — 05.09.2026
купить бу погрузчик россии;20;Свердловская область;05.08.2026 — 05.09.2026
экскаватор погрузчик knack wesson;20;Свердловская область;05.08.2026 — 05.09.2026
челюстной ковш на погрузчик;20;Свердловская область;05.08.2026 — 05.09.2026
погрузчик 550;20;Свердловская область;05.08.2026 — 05.09.2026
вилочный погрузчик тсм;20;Свердловская область;05.08.2026 — 05.09.2026
погрузчик 3000;20;Свердловская область;05.08.2026 — 05.09.2026
диктум погрузчик;20;Свердловская область;05.08.2026 — 05.09.2026
погрузчик ньюхолонд;20;Свердловская область;05.08.2026 — 05.09.2026
погрузчик xcmg xc8 s3570;20;Свердловская область;05.08.2026 — 05.09.2026
экскаватор погрузчик xcmg xc8 s3570;20;Свердловская область;05.08.2026 — 05.09.2026
вилы на мини погрузчик;20;Свердловская область;05.08.2026 — 05.09.2026
погрузчик х;20;Свердловская область;05.08.2026 — 05.09.2026
кромки погрузчика;20;Свердловская область;05.08.2026 — 05.09.2026
погрузчик узлы;20;Свердловская область;05.08.2026 — 05.09.2026
фронтальный погрузчик новый цена;20;Свердловская область;05.08.2026 — 05.09.2026
вакансии погрузчик без опыта;20;Свердловская область;05.08.2026 — 05.09.2026
купить погрузчик cat;20;Свердловская область;05.08.2026 — 05.09.2026
направляющая экскаватора погрузчика;20;Свердловская область;05.08.2026 — 05.09.2026
газовый баллон для погрузчика;20;Свердловская область;05.08.2026 — 05.09.2026
мини погрузчик 910;20;Свердловская область;05.08.2026 — 05.09.2026
фронтальные погрузчики гостехнадзор;20;Свердловская область;05.08.2026 — 05.09.2026
зик погрузчики;20;Свердловская область;05.08.2026 — 05.09.2026
вилочный погрузчик митсубиси;20;Свердловская область;05.08.2026 — 05.09.2026
jsb экскаватор погрузчик;20;Свердловская область;05.08.2026 — 05.09.2026
лампочки на погрузчик;20;Свердловская область;05.08.2026 — 05.09.2026
погрузчик 342;20;Свердловская область;05.08.2026 — 05.09.2026
погрузчик амкодор 342;20;Свердловская область;05.08.2026 — 05.09.2026
высота экскаватора погрузчика;20;Свердловская область;05.08.2026 — 05.09.2026
водитель погрузчика москва;20;Свердловская область;05.08.2026 — 05.09.2026
водитель погрузчика на склад;20;Свердловская область;05.08.2026 — 05.09.2026
где находится клапан на погрузчике;20;Свердловская область;05.08.2026 — 05.09.2026
погрузчик liugong 777;20;Свердловская область;05.08.2026 — 05.09.2026
экскаватор погрузчик liugong 777;20;Свердловская область;05.08.2026 — 05.09.2026
фронтальный погрузчик грузоподъемность;20;Свердловская область;05.08.2026 — 05.09.2026
термостат погрузчика;20;Свердловская область;05.08.2026 — 05.09.2026
мини погрузчик мксм;20;Свердловская область;05.08.2026 — 05.09.2026
кантователь блоков для фронтального погрузчика;20;Свердловская область;05.08.2026 — 05.09.2026
мини погрузчик jcb купить;20;Свердловская область;05.08.2026 — 05.09.2026
давление масла погрузчика;20;Свердловская область;05.08.2026 — 05.09.2026
погрузчик 320;20;Свердловская область;05.08.2026 — 05.09.2026
масло в кпп погрузчика;20;Свердловская область;05.08.2026 — 05.09.2026
самоходный погрузчик;20;Свердловская область;05.08.2026 — 05.09.2026
аренда погрузчика jcb 3cx;20;Свердловская область;05.08.2026 — 05.09.2026
аренда экскаватора погрузчика jcb 3cx;20;Свердловская область;05.08.2026 — 05.09.2026
поворотник на погрузчик;20;Свердловская область;05.08.2026 — 05.09.2026
магазин запчастей для погрузчиков;20;Свердловская область;05.08.2026 — 05.09.2026
погрузчик для стекол;20;Свердловская область;05.08.2026 — 05.09.2026
баллон для погрузчика;20;Свердловская область;05.08.2026 — 05.09.2026
какому относятся погрузчики;19;Свердловская область;05.08.2026 — 05.09.2026
погрузчик dalian;19;Свердловская область;05.08.2026 — 05.09.2026
погрузчик 835h;19;Свердловская область;05.08.2026 — 05.09.2026
дизельный погрузчик 3;19;Свердловская область;05.08.2026 — 05.09.2026
экскаватор погрузчик 4 4;19;Свердловская область;05.08.2026 — 05.09.2026
погрузчик loader;19;Свердловская область;05.08.2026 — 05.09.2026
погрузчик 220;19;Свердловская область;05.08.2026 — 05.09.2026
экскаватор погрузчик volvo;19;Свердловская область;05.08.2026 — 05.09.2026
мини погрузчик трактор;19;Свердловская область;05.08.2026 — 05.09.2026
погрузчики окоф;19;Свердловская область;05.08.2026 — 05.09.2026
мод погрузчик амкодор;19;Свердловская область;05.08.2026 — 05.09.2026
мод погрузчик амкодор с ковшом вилы фс22;19;Свердловская область;05.08.2026 — 05.09.2026
моды фс22 погрузчики;19;Свердловская область;05.08.2026 — 05.09.2026
погрузчики фс22;19;Свердловская область;05.08.2026 — 05.09.2026
новые вилочные погрузчики;19;Свердловская область;05.08.2026 — 05.09.2026
экскаватор погрузчик terex;19;Свердловская область;05.08.2026 — 05.09.2026
погрузчик хелли;19;Свердловская область;05.08.2026 — 05.09.2026
погрузчик назад;19;Свердловская область;05.08.2026 — 05.09.2026
вилочный погрузчик 1 тонна;19;Свердловская область;05.08.2026 — 05.09.2026
погрузчики wa;19;Свердловская область;05.08.2026 — 05.09.2026
чертежи мини погрузчика;19;Свердловская область;05.08.2026 — 05.09.2026
вылет стрелы погрузчика;19;Свердловская область;05.08.2026 — 05.09.2026
задние фонари на погрузчик;19;Свердловская область;05.08.2026 — 05.09.2026
индикаторы погрузчика;19;Свердловская область;05.08.2026 — 05.09.2026
документы на погрузчик;19;Свердловская область;05.08.2026 — 05.09.2026
найти погрузчике экскаваторе;19;Свердловская область;05.08.2026 — 05.09.2026
что значит погрузчик;19;Свердловская область;05.08.2026 — 05.09.2026
фронтальный погрузчик xcmg lw300f;19;Свердловская область;05.08.2026 — 05.09.2026
вилочный погрузчик komatsu;19;Свердловская область;05.08.2026 — 05.09.2026
lgce погрузчик характеристики;19;Свердловская область;05.08.2026 — 05.09.2026
штабель погрузчик;19;Свердловская область;05.08.2026 — 05.09.2026
внимание погрузчик;19;Свердловская область;05.08.2026 — 05.09.2026
алиса погрузчик;19;Свердловская область;05.08.2026 — 05.09.2026
sd200 погрузчик;19;Свердловская область;05.08.2026 — 05.09.2026
погрузчик дизельный 5 тонн;19;Свердловская область;05.08.2026 — 05.09.2026
погрузчик maker 600;19;Свердловская область;05.08.2026 — 05.09.2026
экскаватор погрузчик 2026 года;19;Свердловская область;05.08.2026 — 05.09.2026
погрузчик 352;19;Свердловская область;05.08.2026 — 05.09.2026
погрузчик старый;19;Свердловская область;05.08.2026 — 05.09.2026
какой экскаватор погрузчик выбрать;19;Свердловская область;05.08.2026 — 05.09.2026
работа погрузчика jcb;19;Свердловская область;05.08.2026 — 05.09.2026
продам экскаватор погрузчик;19;Свердловская область;05.08.2026 — 05.09.2026
стартер на погрузчик тойота;19;Свердловская область;05.08.2026 — 05.09.2026
лучшие мини погрузчики;19;Свердловская область;05.08.2026 — 05.09.2026
виды вилочных погрузчиков;19;Свердловская область;05.08.2026 — 05.09.2026
погрузчик лента;19;Свердловская область;05.08.2026 — 05.09.2026
погрузчик 325j;19;Свердловская область;05.08.2026 — 05.09.2026
схема двигателя погрузчика;19;Свердловская область;05.08.2026 — 05.09.2026
как сделать мини погрузчик;19;Свердловская область;05.08.2026 — 05.09.2026
маш фронтального погрузчика;19;Свердловская область;05.08.2026 — 05.09.2026
работа маш погрузчика;19;Свердловская область;05.08.2026 — 05.09.2026
работа маш фронтального погрузчика;19;Свердловская область;05.08.2026 — 05.09.2026
фронтальный погрузчик привод;19;Свердловская область;05.08.2026 — 05.09.2026
главный тормозной цилиндр погрузчика;19;Свердловская область;05.08.2026 — 05.09.2026
либхер 550 погрузчик;19;Свердловская область;05.08.2026 — 05.09.2026
какая категория на вилочный погрузчик;19;Свердловская область;05.08.2026 — 05.09.2026
lgmg погрузчики;19;Свердловская область;05.08.2026 — 05.09.2026
смена погрузчика;19;Свердловская область;05.08.2026 — 05.09.2026
ньюхолонд экскаватор погрузчик;19;Свердловская область;05.08.2026 — 05.09.2026
профессия водитель погрузчика;19;Свердловская область;05.08.2026 — 05.09.2026
погрузчик jungheinrich;19;Свердловская область;05.08.2026 — 05.09.2026
ответственный за погрузчики;19;Свердловская область;05.08.2026 — 05.09.2026
мини погрузчик на гидроходу;19;Свердловская область;05.08.2026 — 05.09.2026
сколько получают погрузчики;19;Свердловская область;05.08.2026 — 05.09.2026
b879f экскаватор погрузчик;19;Свердловская область;05.08.2026 — 05.09.2026
экскаватор погрузчик люгонг;19;Свердловская область;05.08.2026 — 05.09.2026
мини погрузчик 4 4;19;Свердловская область;05.08.2026 — 05.09.2026
компания погрузчиков;19;Свердловская область;05.08.2026 — 05.09.2026
стрела на фронтальный погрузчик;19;Свердловская область;05.08.2026 — 05.09.2026
большой погрузчик видео;19;Свердловская область;05.08.2026 — 05.09.2026
погрузчик хитачи 310;19;Свердловская область;05.08.2026 — 05.09.2026
паллетный погрузчик;19;Свердловская область;05.08.2026 — 05.09.2026
класс погрузчика;19;Свердловская область;05.08.2026 — 05.09.2026
мини челюстной погрузчик;19;Свердловская область;05.08.2026 — 05.09.2026
погрузчик обязанности;19;Свердловская область;05.08.2026 — 05.09.2026
вакансия водитель погрузчика обл;19;Свердловская область;05.08.2026 — 05.09.2026
купить фронтальный погрузчик россии;19;Свердловская область;05.08.2026 — 05.09.2026
палец для погрузчика;19;Свердловская область;05.08.2026 — 05.09.2026
погрузчик 426;19;Свердловская область;05.08.2026 — 05.09.2026
фронтальный погрузчик sany;19;Свердловская область;05.08.2026 — 05.09.2026
диск на экскаватор погрузчик;19;Свердловская область;05.08.2026 — 05.09.2026
экскаватор погрузчик российского производства;19;Свердловская область;05.08.2026 — 05.09.2026
погрузчик лнр;19;Свердловская область;05.08.2026 — 05.09.2026
фронт лифт погрузчики;19;Свердловская область;05.08.2026 — 05.09.2026
подъем вилочного погрузчика;19;Свердловская область;05.08.2026 — 05.09.2026
бу погрузчик в россии;19;Свердловская область;05.08.2026 — 05.09.2026
экскаватор погрузчик модели;19;Свердловская область;05.08.2026 — 05.09.2026
погрузчик zl50;19;Свердловская область;05.08.2026 — 05.09.2026
фронтальный погрузчик кат;19;Свердловская область;05.08.2026 — 05.09.2026
погрузчик штиль;19;Свердловская область;05.08.2026 — 05.09.2026
погрузчик jcb 3 cx;19;Свердловская область;05.08.2026 — 05.09.2026
погрузчик jcb cx;19;Свердловская область;05.08.2026 — 05.09.2026
экскаватор погрузчик cx;19;Свердловская область;05.08.2026 — 05.09.2026
экскаватор погрузчик jcb 3 cx;19;Свердловская область;05.08.2026 — 05.09.2026
экскаватора погрузчика jcb cx;19;Свердловская область;05.08.2026 — 05.09.2026
погрузчик rippa;19;Свердловская область;05.08.2026 — 05.09.2026
мини погрузчик диктум;19;Свердловская область;05.08.2026 — 05.09.2026
крюк погрузчика;19;Свердловская область;05.08.2026 — 05.09.2026
купить погрузчик в пермском;19;Свердловская область;05.08.2026 — 05.09.2026
купить погрузчик в пермском крае;19;Свердловская область;05.08.2026 — 05.09.2026
погрузчик zauberg;19;Свердловская область;05.08.2026 — 05.09.2026
запчасти для фронтального погрузчика екатеринбург;19;Свердловская область;05.08.2026 — 05.09.2026
диск тормозной погрузчик;19;Свердловская область;05.08.2026 — 05.09.2026
львовский погрузчик 5;19;Свердловская область;05.08.2026 — 05.09.2026
сдача на погрузчик;19;Свердловская область;05.08.2026 — 05.09.2026
какая категория для погрузчика;19;Свердловская область;05.08.2026 — 05.09.2026
фронтальные погрузчики для тракторов;19;Свердловская область;05.08.2026 — 05.09.2026
купить б у шины вилочного погрузчика;18;Свердловская область;05.08.2026 — 05.09.2026
кит комплект мини погрузчика;18;Свердловская область;05.08.2026 — 05.09.2026
кит мини погрузчик;18;Свердловская область;05.08.2026 — 05.09.2026
mini погрузчик;18;Свердловская область;05.08.2026 — 05.09.2026
ширина вил погрузчика;18;Свердловская область;05.08.2026 — 05.09.2026
приборная панель погрузчика;18;Свердловская область;05.08.2026 — 05.09.2026
погрузчик на гусеницах;18;Свердловская область;05.08.2026 — 05.09.2026
погрузчик мст 542;18;Свердловская область;05.08.2026 — 05.09.2026
аренда фронтального погрузчика в екатеринбурге;18;Свердловская область;05.08.2026 — 05.09.2026
погрузчик греется;18;Свердловская область;05.08.2026 — 05.09.2026
водитель фронтального погрузчика нижний;18;Свердловская область;05.08.2026 — 05.09.2026
мини погрузчик 225;18;Свердловская область;05.08.2026 — 05.09.2026
мини погрузчик jcb 225;18;Свердловская область;05.08.2026 — 05.09.2026
погрузчик jcb 225;18;Свердловская область;05.08.2026 — 05.09.2026
выучиться на водителя погрузчика;18;Свердловская область;05.08.2026 — 05.09.2026
как получить права на фронтальный погрузчик;18;Свердловская область;05.08.2026 — 05.09.2026
билеты погрузчик категории;18;Свердловская область;05.08.2026 — 05.09.2026
нагрузка погрузчики;18;Свердловская область;05.08.2026 — 05.09.2026
погрузчик китаец;18;Свердловская область;05.08.2026 — 05.09.2026
насадка на погрузчик;18;Свердловская область;05.08.2026 — 05.09.2026
аренда погрузчика тонны;18;Свердловская область;05.08.2026 — 05.09.2026
лигонг погрузчик;18;Свердловская область;05.08.2026 — 05.09.2026
погрузчик биг бэгов;18;Свердловская область;05.08.2026 — 05.09.2026
водитель погрузчика без опыта;18;Свердловская область;05.08.2026 — 05.09.2026
погрузка разгрузка вилочным погрузчикам;18;Свердловская область;05.08.2026 — 05.09.2026
разгрузка вилочным погрузчиком;18;Свердловская область;05.08.2026 — 05.09.2026
цилиндр вилочного погрузчика;18;Свердловская область;05.08.2026 — 05.09.2026
эксплуатация вилочного погрузчика;18;Свердловская область;05.08.2026 — 05.09.2026
договор продажи погрузчика;18;Свердловская область;05.08.2026 — 05.09.2026
электросхема погрузчика;18;Свердловская область;05.08.2026 — 05.09.2026
стекла экскаватор погрузчик;18;Свердловская область;05.08.2026 — 05.09.2026
кабина фронтального погрузчика;18;Свердловская область;05.08.2026 — 05.09.2026
мини погрузчик 750;18;Свердловская область;05.08.2026 — 05.09.2026
зумлион мини погрузчик;18;Свердловская область;05.08.2026 — 05.09.2026
пробег погрузчика;18;Свердловская область;05.08.2026 — 05.09.2026
сини погрузчик;18;Свердловская область;05.08.2026 — 05.09.2026
расход топлива экскаватора погрузчика;18;Свердловская область;05.08.2026 — 05.09.2026
погрузчик jcb фото;18;Свердловская область;05.08.2026 — 05.09.2026
двигатель перкинс экскаватор погрузчик;18;Свердловская область;05.08.2026 — 05.09.2026
погрузчик зл 50;18;Свердловская область;05.08.2026 — 05.09.2026
погрузчик 42;18;Свердловская область;05.08.2026 — 05.09.2026
погрузчики киров;18;Свердловская область;05.08.2026 — 05.09.2026
погрузчики разные;18;Свердловская область;05.08.2026 — 05.09.2026
замок на погрузчик;18;Свердловская область;05.08.2026 — 05.09.2026
какие разряды водителя погрузчика;18;Свердловская область;05.08.2026 — 05.09.2026
экскаватор погрузчик 884;18;Свердловская область;05.08.2026 — 05.09.2026
мини погрузчик maker 600;18;Свердловская область;05.08.2026 — 05.09.2026
водительское на погрузчик;18;Свердловская область;05.08.2026 — 05.09.2026
купить мини погрузчик новый;18;Свердловская область;05.08.2026 — 05.09.2026
сколько грузоподъемность погрузчика;18;Свердловская область;05.08.2026 — 05.09.2026
экскаватор погрузчик 2024;18;Свердловская область;05.08.2026 — 05.09.2026
погрузчик на какое расстояние;18;Свердловская область;05.08.2026 — 05.09.2026
ковш погрузчика бу купить;18;Свердловская область;05.08.2026 — 05.09.2026
погрузчик пособие;18;Свердловская область;05.08.2026 — 05.09.2026
коробка передач на погрузчик стальная воля характеристики;18;Свердловская область;05.08.2026 — 05.09.2026
характеристики коробок передач погрузчика;18;Свердловская область;05.08.2026 — 05.09.2026
задняя навеска на мини погрузчик;18;Свердловская область;05.08.2026 — 05.09.2026
экскаватор погрузчик вес;18;Свердловская область;05.08.2026 — 05.09.2026
львовский вилочный погрузчик 5т;18;Свердловская область;05.08.2026 — 05.09.2026
jac cpcd вилочный погрузчик;18;Свердловская область;05.08.2026 — 05.09.2026
диски на вилочный погрузчик;18;Свердловская область;05.08.2026 — 05.09.2026
чехол на погрузчик вилочный;18;Свердловская область;05.08.2026 — 05.09.2026
водитель вилочного погрузчика вакансии в свердл обл;18;Свердловская область;05.08.2026 — 05.09.2026
погрузчик для снега;18;Свердловская область;05.08.2026 — 05.09.2026
масло для фронтальных погрузчиков;18;Свердловская область;05.08.2026 — 05.09.2026
какая категория нужна для погрузчика;18;Свердловская область;05.08.2026 — 05.09.2026
категории прав для погрузчика;18;Свердловская область;05.08.2026 — 05.09.2026
рулевая тяга для погрузчика nichiyu;18;Свердловская область;05.08.2026 — 05.09.2026
аккумуляторный садовый погрузчик с отвалом для коттеджа;18;Свердловская область;05.08.2026 — 05.09.2026
гбо для погрузчика;18;Свердловская область;05.08.2026 — 05.09.2026
лифт для погрузчика;18;Свердловская область;05.08.2026 — 05.09.2026
отвал для фронтального погрузчика фронт лифт;18;Свердловская область;05.08.2026 — 05.09.2026
стартер для погрузчика тойота двигатель 5к;18;Свердловская область;05.08.2026 — 05.09.2026
адаптер для погрузчиков;18;Свердловская область;05.08.2026 — 05.09.2026
навесное для вилочного погрузчика;18;Свердловская область;05.08.2026 — 05.09.2026
аренда вилочного погрузчика в екатеринбурге;17;Свердловская область;05.08.2026 — 05.09.2026
погрузчик вилочный 3 5;17;Свердловская область;05.08.2026 — 05.09.2026
вилочные погрузчики москва;17;Свердловская область;05.08.2026 — 05.09.2026
вахта вилочный погрузчик;17;Свердловская область;05.08.2026 — 05.09.2026
механизм вилочного погрузчика;17;Свердловская область;05.08.2026 — 05.09.2026
4 вилочный погрузчик;17;Свердловская область;05.08.2026 — 05.09.2026
вилочный мини погрузчик;17;Свердловская область;05.08.2026 — 05.09.2026
вилочный погрузчик 5 тонн дизельный;17;Свердловская область;05.08.2026 — 05.09.2026
карбюратор вилочного погрузчика;17;Свердловская область;05.08.2026 — 05.09.2026
масло гидравлическое для погрузчика;17;Свердловская область;05.08.2026 — 05.09.2026
тормозной для погрузчика;17;Свердловская область;05.08.2026 — 05.09.2026
зеркало для погрузчика;17;Свердловская область;05.08.2026 — 05.09.2026
диски для погрузчика;17;Свердловская область;05.08.2026 — 05.09.2026
вилмарт запчасти для погрузчиков;17;Свердловская область;05.08.2026 — 05.09.2026
купить отвал для погрузчика;17;Свердловская область;05.08.2026 — 05.09.2026
карбюратор для погрузчика;17;Свердловская область;05.08.2026 — 05.09.2026
погрузчик вилочный купить цена;16;Свердловская область;05.08.2026 — 05.09.2026
вилочные погрузчики технические характеристики;16;Свердловская область;05.08.2026 — 05.09.2026
боковой вилочный погрузчик;16;Свердловская область;05.08.2026 — 05.09.2026
каретка вилочного погрузчика;16;Свердловская область;05.08.2026 — 05.09.2026
крепление на вилочный погрузчик;16;Свердловская область;05.08.2026 — 05.09.2026
сколько стоит погрузчик вилочный;16;Свердловская область;05.08.2026 — 05.09.2026
водитель вилочного погрузчика вакансии екатеринбург;16;Свердловская область;05.08.2026 — 05.09.2026
тормозные колодки вилочного погрузчика;16;Свердловская область;05.08.2026 — 05.09.2026
руководство по эксплуатации вилочных погрузчиков;16;Свердловская область;05.08.2026 — 05.09.2026
руководство погрузчик вилочный;16;Свердловская область;05.08.2026 — 05.09.2026
погрузчик вилочный кпп;16;Свердловская область;05.08.2026 — 05.09.2026
обучение на вилочный погрузчик;16;Свердловская область;05.08.2026 — 05.09.2026
вилочный погрузчик биг бэг;16;Свердловская область;05.08.2026 — 05.09.2026
какие права нужны на вилочный погрузчик;16;Свердловская область;05.08.2026 — 05.09.2026
бензин вилочный погрузчик;16;Свердловская область;05.08.2026 — 05.09.2026
акб для погрузчика;16;Свердловская область;05.08.2026 — 05.09.2026
купить аккумулятор для погрузчика;16;Свердловская область;05.08.2026 — 05.09.2026
сиденье для погрузчика;16;Свердловская область;05.08.2026 — 05.09.2026
оборудование для вилочного погрузчика;16;Свердловская область;05.08.2026 — 05.09.2026
зарядная для погрузчиков;16;Свердловская область;05.08.2026 — 05.09.2026
балка для погрузчика;16;Свердловская область;05.08.2026 — 05.09.2026
погрузчик для дома;16;Свердловская область;05.08.2026 — 05.09.2026
какое масло для погрузчика;16;Свердловская область;05.08.2026 — 05.09.2026
колесо для вилочного погрузчика;16;Свердловская область;05.08.2026 — 05.09.2026
тяговые аккумуляторы для погрузчиков;16;Свердловская область;05.08.2026 — 05.09.2026
фара для погрузчика;16;Свердловская область;05.08.2026 — 05.09.2026
вилочные погрузчики 5т купить;15;Свердловская область;05.08.2026 — 05.09.2026
авито вилочный погрузчик б у;15;Свердловская область;05.08.2026 — 05.09.2026
вилочные погрузчики штиль;15;Свердловская область;05.08.2026 — 05.09.2026
вилочный погрузчик 25;15;Свердловская область;05.08.2026 — 05.09.2026
ручной погрузчик вилочный;15;Свердловская область;05.08.2026 — 05.09.2026
вилочный погрузчик зумлион;15;Свердловская область;05.08.2026 — 05.09.2026
вилочный погрузчик устройство;15;Свердловская область;05.08.2026 — 05.09.2026
двери для вилочных погрузчиков;15;Свердловская область;05.08.2026 — 05.09.2026
стекло на вилочный погрузчик;15;Свердловская область;05.08.2026 — 05.09.2026
фильтра на вилочный погрузчик;15;Свердловская область;05.08.2026 — 05.09.2026
завод вилочных погрузчиков;15;Свердловская область;05.08.2026 — 05.09.2026
вилочный погрузчик мзик;15;Свердловская область;05.08.2026 — 05.09.2026
ковши для погрузчиков купить;15;Свердловская область;05.08.2026 — 05.09.2026
фильтр воздушный для погрузчика;15;Свердловская область;05.08.2026 — 05.09.2026
погрузчик для бочек;15;Свердловская область;05.08.2026 — 05.09.2026
переключатель для погрузчика;15;Свердловская область;05.08.2026 — 05.09.2026
зарядное устройство для погрузчика;15;Свердловская область;05.08.2026 — 05.09.2026
смазка для погрузчика;15;Свердловская область;05.08.2026 — 05.09.2026
переходная плита для погрузчика;15;Свердловская область;05.08.2026 — 05.09.2026
запчасти для экскаваторов погрузчиков;15;Свердловская область;05.08.2026 — 05.09.2026
удлинитель для погрузчика;15;Свердловская область;05.08.2026 — 05.09.2026
обслуживание вилочного погрузчика;14;Свердловская область;05.08.2026 — 05.09.2026
бензиновый вилочный погрузчик;14;Свердловская область;05.08.2026 — 05.09.2026
погрузчик вилочный 1500;14;Свердловская область;05.08.2026 — 05.09.2026
вила для вилочного погрузчика;14;Свердловская область;05.08.2026 — 05.09.2026
вилочный погрузчик работа вакансии;14;Свердловская область;05.08.2026 — 05.09.2026
рулевой мост вилочного погрузчика;14;Свердловская область;05.08.2026 — 05.09.2026
расход вилочного погрузчика;14;Свердловская область;05.08.2026 — 05.09.2026
крепление баллона на вилочный погрузчик;14;Свердловская область;05.08.2026 — 05.09.2026
вилочный погрузчик 3 5 тонны;14;Свердловская область;05.08.2026 — 05.09.2026
водитель вилочного погрузчика вахта;14;Свердловская область;05.08.2026 — 05.09.2026
кронштейн для погрузчика;14;Свердловская область;05.08.2026 — 05.09.2026
помещение для погрузчиков;14;Свердловская область;05.08.2026 — 05.09.2026
вилы для вилочного погрузчика;14;Свердловская область;05.08.2026 — 05.09.2026
погрузчик мультик для детей;14;Свердловская область;05.08.2026 — 05.09.2026
погрузчик экскаватор мультик для детей;14;Свердловская область;05.08.2026 — 05.09.2026
экскаватор погрузчик мультик для;14;Свердловская область;05.08.2026 — 05.09.2026
колеса для погрузчика цельнолитые;14;Свердловская область;05.08.2026 — 05.09.2026
втулки для погрузчика;14;Свердловская область;05.08.2026 — 05.09.2026
погрузчик для грузов;14;Свердловская область;05.08.2026 — 05.09.2026
зарядка для погрузчика;14;Свердловская область;05.08.2026 — 05.09.2026
погрузчик для минитрактора;14;Свердловская область;05.08.2026 — 05.09.2026
права для вилочного погрузчика;14;Свердловская область;05.08.2026 — 05.09.2026
погрузчик для поддонов;14;Свердловская область;05.08.2026 — 05.09.2026
масла для экскаватора погрузчика;14;Свердловская область;05.08.2026 — 05.09.2026
тормозной цилиндр для погрузчика;14;Свердловская область;05.08.2026 — 05.09.2026
погрузчик для машин;14;Свердловская область;05.08.2026 — 05.09.2026
навесное оборудование для вилочных погрузчиков;14;Свердловская область;05.08.2026 — 05.09.2026
мини погрузчик для дома;14;Свердловская область;05.08.2026 — 05.09.2026
купить камеру для погрузчика;14;Свердловская область;05.08.2026 — 05.09.2026
вилочный погрузчик размеры;13;Свердловская область;05.08.2026 — 05.09.2026
панель вилочного погрузчика;13;Свердловская область;05.08.2026 — 05.09.2026
аккумулятор на вилочный погрузчик;13;Свердловская область;05.08.2026 — 05.09.2026
воздушный фильтр вилочного погрузчика;13;Свердловская область;05.08.2026 — 05.09.2026
система погрузчика вилочного;13;Свердловская область;05.08.2026 — 05.09.2026
использование вилочных погрузчиков;13;Свердловская область;05.08.2026 — 05.09.2026
разгрузка контейнера вилочным погрузчиком;13;Свердловская область;05.08.2026 — 05.09.2026
вилочный львовский погрузчик 5;13;Свердловская область;05.08.2026 — 05.09.2026
вилочный погрузчик 35;13;Свердловская область;05.08.2026 — 05.09.2026
как управлять вилочным погрузчиком;13;Свердловская область;05.08.2026 — 05.09.2026
двигатель вилочного погрузчика ниссан;13;Свердловская область;05.08.2026 — 05.09.2026
вилочные погрузчики geka;13;Свердловская область;05.08.2026 — 05.09.2026
аренда погрузчика тонны вилочного;13;Свердловская область;05.08.2026 — 05.09.2026
свежие вакансии вилочный погрузчик;13;Свердловская область;05.08.2026 — 05.09.2026
вилочный погрузчик двс ниссан бензин;13;Свердловская область;05.08.2026 — 05.09.2026
вилочный погрузчик балканкар;13;Свердловская область;05.08.2026 — 05.09.2026
бак для погрузчика;13;Свердловская область;05.08.2026 — 05.09.2026
купить ковш для фронтального погрузчика;13;Свердловская область;05.08.2026 — 05.09.2026
веса для погрузчика;13;Свердловская область;05.08.2026 — 05.09.2026
какие права для управления погрузчиком;13;Свердловская область;05.08.2026 — 05.09.2026
какие права нужны для управления погрузчиком;13;Свердловская область;05.08.2026 — 05.09.2026
права для управления погрузчиком;13;Свердловская область;05.08.2026 — 05.09.2026
экскаватор погрузчик видео для;13;Свердловская область;05.08.2026 — 05.09.2026
28 15 15 для погрузчика;13;Свердловская область;05.08.2026 — 05.09.2026
28 9 15 для погрузчика;13;Свердловская область;05.08.2026 — 05.09.2026
какая категория прав для погрузчика;13;Свердловская область;05.08.2026 — 05.09.2026
какая категория прав нужна для погрузчика;13;Свердловская область;05.08.2026 — 05.09.2026
задния балка для львовский погрузчик;13;Свердловская область;05.08.2026 — 05.09.2026
вилочный погрузчик lg30dt;12;Свердловская область;05.08.2026 — 05.09.2026
вилочный погрузчик lonking lg30dt;12;Свердловская область;05.08.2026 — 05.09.2026
вес вилочного погрузчика;12;Свердловская область;05.08.2026 — 05.09.2026
погрузчик вилочный датчик;12;Свердловская область;05.08.2026 — 05.09.2026
чертеж вилочного погрузчика;12;Свердловская область;05.08.2026 — 05.09.2026
вилочный погрузчик cpcd30;12;Свердловская область;05.08.2026 — 05.09.2026
шкворень вилочного погрузчика;12;Свердловская область;05.08.2026 — 05.09.2026
вилочный погрузчик габариты;12;Свердловская область;05.08.2026 — 05.09.2026
вилочный погрузчик челябинск;12;Свердловская область;05.08.2026 — 05.09.2026
погрузка биг бэгов вилочным погрузчиком;12;Свердловская область;05.08.2026 — 05.09.2026
погрузчик аккумуляторный вилочный;12;Свердловская область;05.08.2026 — 05.09.2026
какая категория нужна на вилочный погрузчик;12;Свердловская область;05.08.2026 — 05.09.2026
вилочный погрузчик 1.5 тонны;12;Свердловская область;05.08.2026 — 05.09.2026
права на вилочный погрузчик какая категория;12;Свердловская область;05.08.2026 — 05.09.2026
вилочные погрузчики далиан;12;Свердловская область;05.08.2026 — 05.09.2026
охрана труда для погрузчиков;12;Свердловская область;05.08.2026 — 05.09.2026
каретка для погрузчика;12;Свердловская область;05.08.2026 — 05.09.2026
инструкции для погрузчиков;12;Свердловская область;05.08.2026 — 05.09.2026
радиатор для погрузчиков;12;Свердловская область;05.08.2026 — 05.09.2026
моторные масла для погрузчиков;12;Свердловская область;05.08.2026 — 05.09.2026
камера для колеса погрузчика;12;Свердловская область;05.08.2026 — 05.09.2026
камера заднего колеса для погрузчика jac;12;Свердловская область;05.08.2026 — 05.09.2026
щетка для фронтального погрузчика;12;Свердловская область;05.08.2026 — 05.09.2026
фильтры для экскаваторов погрузчиков;12;Свердловская область;05.08.2026 — 05.09.2026
опора для погрузчика;12;Свердловская область;05.08.2026 — 05.09.2026
камера для погрузчика 6.00 9;12;Свердловская область;05.08.2026 — 05.09.2026
топливо для погрузчика;12;Свердловская область;05.08.2026 — 05.09.2026
купить вилочный погрузчик jac;11;Свердловская область;05.08.2026 — 05.09.2026
производители вилочных погрузчиков;11;Свердловская область;05.08.2026 — 05.09.2026
вилочный погрузчик коробка передач;11;Свердловская область;05.08.2026 — 05.09.2026
паспорт погрузчик вилочный;11;Свердловская область;05.08.2026 — 05.09.2026
дром погрузчики вилочные;11;Свердловская область;05.08.2026 — 05.09.2026
погрузчик вилочный рейтинг;11;Свердловская область;05.08.2026 — 05.09.2026
вилочный погрузчик переходная плита для карбюратора ваз;11;Свердловская область;05.08.2026 — 05.09.2026
фронтальный вилочный погрузчик;11;Свердловская область;05.08.2026 — 05.09.2026
покрышки на вилочный погрузчик;11;Свердловская область;05.08.2026 — 05.09.2026
вилочный погрузчик doosan;11;Свердловская область;05.08.2026 — 05.09.2026
вилочный погрузчик cpcd50;11;Свердловская область;05.08.2026 — 05.09.2026
погрузчик вилочный 3т;11;Свердловская область;05.08.2026 — 05.09.2026
погрузчик вилочный 1.5 т;11;Свердловская область;05.08.2026 — 05.09.2026
описание вилочного погрузчика;11;Свердловская область;05.08.2026 — 05.09.2026
тракторист вилочного погрузчика;11;Свердловская область;05.08.2026 — 05.09.2026
вилочный погрузчик 1 5 тонн;11;Свердловская область;05.08.2026 — 05.09.2026
педали вилочного погрузчика;11;Свердловская область;05.08.2026 — 05.09.2026
рычаги вилочного погрузчика;11;Свердловская область;05.08.2026 — 05.09.2026
погрузчик автомобильный вилочный;11;Свердловская область;05.08.2026 — 05.09.2026
вилочный погрузчик стоимость;11;Свердловская область;05.08.2026 — 05.09.2026
масло для моста погрузчика;11;Свердловская область;05.08.2026 — 05.09.2026
lifepo4 для погрузчика;11;Свердловская область;05.08.2026 — 05.09.2026
крепление для баллона на погрузчик;11;Свердловская область;05.08.2026 — 05.09.2026
крепление для газового баллона на погрузчик;11;Свердловская область;05.08.2026 — 05.09.2026
документ для погрузчик;11;Свердловская область;05.08.2026 — 05.09.2026
штыревой захват для погрузчика;11;Свердловская область;05.08.2026 — 05.09.2026
навесное оборудование для экскаватора погрузчика;11;Свердловская область;05.08.2026 — 05.09.2026
оборудование для экскаваторов погрузчиков;11;Свердловская область;05.08.2026 — 05.09.2026
экскаватор навесной для погрузчика;11;Свердловская область;05.08.2026 — 05.09.2026
рука для погрузчиков;11;Свердловская область;05.08.2026 — 05.09.2026
погрузчик для сена;11;Свердловская область;05.08.2026 — 05.09.2026
цепь для погрузчика;11;Свердловская область;05.08.2026 — 05.09.2026
краска для погрузчика;11;Свердловская область;05.08.2026 — 05.09.2026
электрический вилочный погрузчик купить;10;Свердловская область;05.08.2026 — 05.09.2026
купить колеса для вилочного погрузчика;10;Свердловская область;05.08.2026 — 05.09.2026
вилочный погрузчик львов;10;Свердловская область;05.08.2026 — 05.09.2026
масло в коробку вилочного погрузчика;10;Свердловская область;05.08.2026 — 05.09.2026
масляный фильтр вилочный погрузчик;10;Свердловская область;05.08.2026 — 05.09.2026
вилочный погрузчик 500 кг;10;Свердловская область;05.08.2026 — 05.09.2026
ширина погрузчика вилочного;10;Свердловская область;05.08.2026 — 05.09.2026
погрузчик комацу вилочный;10;Свердловская область;05.08.2026 — 05.09.2026
вилочный дизельный погрузчик 3;10;Свердловская область;05.08.2026 — 05.09.2026
погрузчик вилочный дизельный 3 тонны;10;Свердловская область;05.08.2026 — 05.09.2026
поменяю на вилочный погрузчик;10;Свердловская область;05.08.2026 — 05.09.2026
погрузчик вилочный 10;10;Свердловская область;05.08.2026 — 05.09.2026
кабина для вилочного погрузчика;10;Свердловская область;05.08.2026 — 05.09.2026
свежие вакансии водитель погрузчика вилочный;10;Свердловская область;05.08.2026 — 05.09.2026
вилочный погрузчик на мтз;10;Свердловская область;05.08.2026 — 05.09.2026
погрузчик вилочный гидравлический;10;Свердловская область;05.08.2026 — 05.09.2026
вилочный погрузчик tsm;10;Свердловская область;05.08.2026 — 05.09.2026
погрузчики вилочные назначение;10;Свердловская область;05.08.2026 — 05.09.2026
цилиндр наклона на вилочном погрузчике;10;Свердловская область;05.08.2026 — 05.09.2026
nissan вилочные погрузчики;10;Свердловская область;05.08.2026 — 05.09.2026
вилочные погрузчики в екатеринбурге б у;10;Свердловская область;05.08.2026 — 05.09.2026
управляемый мост вилочного погрузчика;10;Свердловская область;05.08.2026 — 05.09.2026
перевозка вилочного погрузчика;10;Свердловская область;05.08.2026 — 05.09.2026
электро вилочный погрузчик;10;Свердловская область;05.08.2026 — 05.09.2026
установка вилочного погрузчика;10;Свердловская область;05.08.2026 — 05.09.2026
погрузчик предназначен для;10;Свердловская область;05.08.2026 — 05.09.2026
вилы для фронтального погрузчика;10;Свердловская область;05.08.2026 — 05.09.2026
шины для погрузчиков 16.9 28;10;Свердловская область;05.08.2026 — 05.09.2026
резина для погрузчика;10;Свердловская область;05.08.2026 — 05.09.2026
охрана труда для водителей погрузчиков;10;Свердловская область;05.08.2026 — 05.09.2026
каретка для вилочного погрузчика;10;Свердловская область;05.08.2026 — 05.09.2026
покрышки для погрузчика 28 9 15;10;Свердловская область;05.08.2026 — 05.09.2026
погрузчик для уборки снега;10;Свердловская область;05.08.2026 — 05.09.2026
стеклоочиститель для погрузчика;10;Свердловская область;05.08.2026 — 05.09.2026
погрузчик для земли;10;Свердловская область;05.08.2026 — 05.09.2026
приспособление для погрузчиков;10;Свердловская область;05.08.2026 — 05.09.2026
купить погрузчик для трактора;10;Свердловская область;05.08.2026 — 05.09.2026
вопросы для погрузчика;10;Свердловская область;05.08.2026 — 05.09.2026
погрузчик для щебня;10;Свердловская область;05.08.2026 — 05.09.2026
срс для экскаватора погрузчика камацу 93 r;10;Свердловская область;05.08.2026 — 05.09.2026
рычаги для погрузчиков;10;Свердловская область;05.08.2026 — 05.09.2026
погрузчики для фс 17;10;Свердловская область;05.08.2026 — 05.09.2026
погрузчик для мтз;10;Свердловская область;05.08.2026 — 05.09.2026
шины для фронтальных погрузчиков 17 5;10;Свердловская область;05.08.2026 — 05.09.2026
кран для погрузчика;10;Свердловская область;05.08.2026 — 05.09.2026
машинист вилочного погрузчика;9;Свердловская область;05.08.2026 — 05.09.2026
вилочный погрузчик видео;9;Свердловская область;05.08.2026 — 05.09.2026
вилочный погрузчик зимой;9;Свердловская область;05.08.2026 — 05.09.2026
вилочный погрузчик 5 тонн jac;9;Свердловская область;05.08.2026 — 05.09.2026
вилочный погрузчик на газу;9;Свердловская область;05.08.2026 — 05.09.2026
высота подъема вилочного погрузчика;9;Свердловская область;05.08.2026 — 05.09.2026
вилочный погрузчик грузоподъемность 5;9;Свердловская область;05.08.2026 — 05.09.2026
батарея вилочного погрузчика;9;Свердловская область;05.08.2026 — 05.09.2026
стекло боковое вилочного погрузчика тсм;9;Свердловская область;05.08.2026 — 05.09.2026
оператор вилочного погрузчика;9;Свердловская область;05.08.2026 — 05.09.2026
техник вилочный погрузчик;9;Свердловская область;05.08.2026 — 05.09.2026
вакансия водитель вилочного погрузчика работа;9;Свердловская область;05.08.2026 — 05.09.2026
замена колодок вилочный погрузчик;9;Свердловская область;05.08.2026 — 05.09.2026
работа вилочный погрузчик вакансии свежие;9;Свердловская область;05.08.2026 — 05.09.2026
свежие вакансии работы водитель вилочного погрузчика;9;Свердловская область;05.08.2026 — 05.09.2026
как поменять ремень генератора на вилочном погрузчике;9;Свердловская область;05.08.2026 — 05.09.2026
вилочный погрузчик 16;9;Свердловская область;05.08.2026 — 05.09.2026
аренда вилочного погрузчика 5;9;Свердловская область;05.08.2026 — 05.09.2026
аренда вилочного погрузчика 5 тонн;9;Свердловская область;05.08.2026 — 05.09.2026
цельнолитые шины для вилочного погрузчика;9;Свердловская область;05.08.2026 — 05.09.2026
вилочный колесный погрузчик;9;Свердловская область;05.08.2026 — 05.09.2026
люлька на вилочный погрузчик;9;Свердловская область;05.08.2026 — 05.09.2026
вилочный погрузчик хустер;9;Свердловская область;05.08.2026 — 05.09.2026
кнопки на вилочном погрузчике;9;Свердловская область;05.08.2026 — 05.09.2026
вилы на вилочный погрузчик;9;Свердловская область;05.08.2026 — 05.09.2026
задний мост вилочный погрузчик;9;Свердловская область;05.08.2026 — 05.09.2026
электрический погрузчик вилочный 2.5;9;Свердловская область;05.08.2026 — 05.09.2026
вилочный погрузчик goodsense;9;Свердловская область;05.08.2026 — 05.09.2026
купить запчасти для фронтальных погрузчиков;9;Свердловская область;05.08.2026 — 05.09.2026
ковш для вилочного погрузчика;9;Свердловская область;05.08.2026 — 05.09.2026
ковш погрузчик для трактора;9;Свердловская область;05.08.2026 — 05.09.2026
насадки для погрузчика;9;Свердловская область;05.08.2026 — 05.09.2026
оборудование для фронтальных погрузчиков;9;Свердловская область;05.08.2026 — 05.09.2026
права для фронтального погрузчика;9;Свердловская область;05.08.2026 — 05.09.2026
шины для экскаватора погрузчика;9;Свердловская область;05.08.2026 — 05.09.2026
погрузчик для автомобилей;9;Свердловская область;05.08.2026 — 05.09.2026
проезд для погрузчика;9;Свердловская область;05.08.2026 — 05.09.2026
6.50 10 для погрузчиков;9;Свердловская область;05.08.2026 — 05.09.2026
рамка для погрузчика;9;Свердловская область;05.08.2026 — 05.09.2026
погрузчик для дерева;9;Свердловская область;05.08.2026 — 05.09.2026
фронтальный погрузчик для минитрактора;9;Свердловская область;05.08.2026 — 05.09.2026
купить вила для погрузчика;9;Свердловская область;05.08.2026 — 05.09.2026
купить вилы для погрузчика;9;Свердловская область;05.08.2026 — 05.09.2026
глушитель для погрузчика;9;Свердловская область;05.08.2026 — 05.09.2026
удлинитель вил для погрузчика;9;Свердловская область;05.08.2026 — 05.09.2026
инструкция для водителя погрузчика;9;Свердловская область;05.08.2026 — 05.09.2026
экскаватор погрузчик для каких работ;9;Свердловская область;05.08.2026 — 05.09.2026
коронки для погрузчиков;9;Свердловская область;05.08.2026 — 05.09.2026
прием тяговых аккумуляторов для погрузчиков;9;Свердловская область;05.08.2026 — 05.09.2026
фара для погрузчика 48 вольт;9;Свердловская область;05.08.2026 — 05.09.2026
аренда вилочного погрузчика цена;8;Свердловская область;05.08.2026 — 05.09.2026
погрузчик 5 тонны цена вилочный;8;Свердловская область;05.08.2026 — 05.09.2026
купить новый вилочный погрузчик;8;Свердловская область;05.08.2026 — 05.09.2026
запчасти для вилочного погрузчика эп2020;8;Свердловская область;05.08.2026 — 05.09.2026
ремкомплект управляемого моста вилочного погрузчика тойота;8;Свердловская область;05.08.2026 — 05.09.2026
для чего нужны вилочные погрузчики;8;Свердловская область;05.08.2026 — 05.09.2026
погрузчик дизельный вилочный новый;8;Свердловская область;05.08.2026 — 05.09.2026
модель вилочного погрузчика;8;Свердловская область;05.08.2026 — 05.09.2026
ошибки вилочных погрузчиков;8;Свердловская область;05.08.2026 — 05.09.2026
вилочный погрузчик yale;8;Свердловская область;05.08.2026 — 05.09.2026
поворотные вилочные погрузчики;8;Свердловская область;05.08.2026 — 05.09.2026
запчасти китайский вилочный погрузчик;8;Свердловская область;05.08.2026 — 05.09.2026
насос вилочного погрузчика;8;Свердловская область;05.08.2026 — 05.09.2026
реле вилочного погрузчика;8;Свердловская область;05.08.2026 — 05.09.2026
услуги вилочного погрузчика;8;Свердловская область;05.08.2026 — 05.09.2026
вилочный погрузчик 3.5;8;Свердловская область;05.08.2026 — 05.09.2026
вилочный погрузчик mitsubishi;8;Свердловская область;05.08.2026 — 05.09.2026
стекло боковое на вилочный погрузчик тсм 1.5;8;Свердловская область;05.08.2026 — 05.09.2026
тормоза на вилочном погрузчике;8;Свердловская область;05.08.2026 — 05.09.2026
вилочный погрузчик картинка;8;Свердловская область;05.08.2026 — 05.09.2026
давление шин вилочного погрузчика;8;Свердловская область;05.08.2026 — 05.09.2026
погрузчик вилочный аренда горный щит;8;Свердловская область;05.08.2026 — 05.09.2026
погрузчик вилочный грузоподъемностью 5 тонн;8;Свердловская область;05.08.2026 — 05.09.2026
какое масло заливать в вилочный погрузчик;8;Свердловская область;05.08.2026 — 05.09.2026
вилочный погрузчик зик;8;Свердловская область;05.08.2026 — 05.09.2026
код вилочного погрузчика;8;Свердловская область;05.08.2026 — 05.09.2026
вилочный погрузчик szmc5500;8;Свердловская область;05.08.2026 — 05.09.2026
вилочного погрузчика час;8;Свердловская область;05.08.2026 — 05.09.2026
водитель вилочного погрузчика категория;8;Свердловская область;05.08.2026 — 05.09.2026
вилочный погрузчик для контейнеров;8;Свердловская область;05.08.2026 — 05.09.2026
вилочный погрузчик db замена колодок стояночного тормоза;8;Свердловская область;05.08.2026 — 05.09.2026
вилочный погрузчик каталог;8;Свердловская область;05.08.2026 — 05.09.2026
шлейки для вилочного погрузчика;8;Свердловская область;05.08.2026 — 05.09.2026
радиатор охлаждения вилочный погрузчик;8;Свердловская область;05.08.2026 — 05.09.2026
отвал на вилочный погрузчик;8;Свердловская область;05.08.2026 — 05.09.2026
вилочный погрузчик jcb;8;Свердловская область;05.08.2026 — 05.09.2026
прицеп для погрузчика;8;Свердловская область;05.08.2026 — 05.09.2026
замок для погрузчика;8;Свердловская область;05.08.2026 — 05.09.2026
дизельный двигатель для погрузчика;8;Свердловская область;05.08.2026 — 05.09.2026
джойстик для погрузчика;8;Свердловская область;05.08.2026 — 05.09.2026
погрузчик видео для детей;8;Свердловская область;05.08.2026 — 05.09.2026
системы для погрузчиков;8;Свердловская область;05.08.2026 — 05.09.2026
программа для погрузчиков;8;Свердловская область;05.08.2026 — 05.09.2026
ремкомплект для погрузчика;8;Свердловская область;05.08.2026 — 05.09.2026
погрузчик для продажа;8;Свердловская область;05.08.2026 — 05.09.2026
пальцы для фронтального погрузчика;8;Свердловская область;05.08.2026 — 05.09.2026
штабелер для погрузчика;8;Свердловская область;05.08.2026 — 05.09.2026
тесты для погрузчиков;8;Свердловская область;05.08.2026 — 05.09.2026
стрела для фронтального погрузчика;8;Свердловская область;05.08.2026 — 05.09.2026
купить шины 16.9 28 для экскаватора погрузчика;8;Свердловская область;05.08.2026 — 05.09.2026
купить шины для экскаватора погрузчика;8;Свердловская область;05.08.2026 — 05.09.2026
шина 16.9 28 для экскаватора погрузчика;8;Свердловская область;05.08.2026 — 05.09.2026
масса для погрузчика;8;Свердловская область;05.08.2026 — 05.09.2026
платформа для погрузчика;8;Свердловская область;05.08.2026 — 05.09.2026
гидромолот для погрузчика;8;Свердловская область;05.08.2026 — 05.09.2026
какая категория нужна для управления погрузчиком;8;Свердловская область;05.08.2026 — 05.09.2026
категории для управления погрузчиком;8;Свердловская область;05.08.2026 — 05.09.2026
чехол для погрузчика;8;Свердловская область;05.08.2026 — 05.09.2026
какие права нужны для фронтального погрузчика;8;Свердловская область;05.08.2026 — 05.09.2026
путевой для погрузчика;8;Свердловская область;05.08.2026 — 05.09.2026
путевой лист для погрузчика;8;Свердловская область;05.08.2026 — 05.09.2026
топливный фильтр для погрузчика;8;Свердловская область;05.08.2026 — 05.09.2026
инструкция по охране труда для погрузчика;8;Свердловская область;05.08.2026 — 05.09.2026
вакансия для фронтального погрузчика;8;Свердловская область;05.08.2026 — 05.09.2026
права для экскаватора погрузчика;8;Свердловская область;05.08.2026 — 05.09.2026
запасные части для погрузчиков;8;Свердловская область;05.08.2026 — 05.09.2026
стартерная аккумуляторная батарея для погрузчика;8;Свердловская область;05.08.2026 — 05.09.2026
купить вилочный погрузчик 5 тонн б у;7;Свердловская область;05.08.2026 — 05.09.2026
вилочный погрузчик 5 тонн дизельный купить;7;Свердловская область;05.08.2026 — 05.09.2026
тормозная система вилочного погрузчика;7;Свердловская область;05.08.2026 — 05.09.2026
вилочный погрузчик какая категория прав нужна;7;Свердловская область;05.08.2026 — 05.09.2026
вилочный погрузчик тойота 8;7;Свердловская область;05.08.2026 — 05.09.2026
экзамен на вилочный погрузчик;7;Свердловская область;05.08.2026 — 05.09.2026
вилочный погрузчик штиль дизель;7;Свердловская область;05.08.2026 — 05.09.2026
вилочный погрузчик trf d70 3 проблемы;7;Свердловская область;05.08.2026 — 05.09.2026
проблемы вилочных погрузчиков;7;Свердловская область;05.08.2026 — 05.09.2026
диодный мост на хендай вилочный погрузчик;7;Свердловская область;05.08.2026 — 05.09.2026
jtc погрузчик вилочный;7;Свердловская область;05.08.2026 — 05.09.2026
пружины тормозных колодок вилочного погрузчика митсубиси;7;Свердловская область;05.08.2026 — 05.09.2026
кронштейн крепления газового баллона на вилочный погрузчик;7;Свердловская область;05.08.2026 — 05.09.2026
камера колеса вилочного погрузчика;7;Свердловская область;05.08.2026 — 05.09.2026
балка вилочного погрузчика;7;Свердловская область;05.08.2026 — 05.09.2026
погрузчик вилочный 5 тонн б у;7;Свердловская область;05.08.2026 — 05.09.2026
прокат вилочного погрузчика;7;Свердловская область;05.08.2026 — 05.09.2026
вакансии вилочного погрузчика челябинск;7;Свердловская область;05.08.2026 — 05.09.2026
вакансии водитель вилочного погрузчика челябинск;7;Свердловская область;05.08.2026 — 05.09.2026
вилочный погрузчик штабелер;7;Свердловская область;05.08.2026 — 05.09.2026
водитель вилочного погрузчика челябинск;7;Свердловская область;05.08.2026 — 05.09.2026
манипулятор вилочный погрузчик;7;Свердловская область;05.08.2026 — 05.09.2026
вилочный погрузчик 1 т;7;Свердловская область;05.08.2026 — 05.09.2026
панель приборов вилочный погрузчик;7;Свердловская область;05.08.2026 — 05.09.2026
вилочный погрузчик бу авито;7;Свердловская область;05.08.2026 — 05.09.2026
вилочный погрузчик cpcd35;7;Свердловская область;05.08.2026 — 05.09.2026
погрузчик вилочный поднимает;7;Свердловская область;05.08.2026 — 05.09.2026
камера 6.00 9 для вилочного погрузчика;7;Свердловская область;05.08.2026 — 05.09.2026
электрический вилочный погрузчик 1;7;Свердловская область;05.08.2026 — 05.09.2026
вилочный погрузчик вале;7;Свердловская область;05.08.2026 — 05.09.2026
cpcd100 погрузчик вилочный;7;Свердловская область;05.08.2026 — 05.09.2026
cpd15 вилочный погрузчик;7;Свердловская область;05.08.2026 — 05.09.2026
тнвд вилочного погрузчика;7;Свердловская область;05.08.2026 — 05.09.2026
мачта погрузчика вилочного тойота;7;Свердловская область;05.08.2026 — 05.09.2026
вилочный погрузчик пермь;7;Свердловская область;05.08.2026 — 05.09.2026
погрузчик вилочного типа;7;Свердловская область;05.08.2026 — 05.09.2026
тормозной цилиндр вилочного погрузчика;7;Свердловская область;05.08.2026 — 05.09.2026
мощность вилочного погрузчика;7;Свердловская область;05.08.2026 — 05.09.2026
управление электрическим вилочным погрузчиком;7;Свердловская область;05.08.2026 — 05.09.2026
нужны ли права на вилочный погрузчик;7;Свердловская область;05.08.2026 — 05.09.2026
вилочный погрузчик аврора;7;Свердловская область;05.08.2026 — 05.09.2026
аналог вилочного погрузчика;7;Свердловская область;05.08.2026 — 05.09.2026
вилочный погрузчик производство;7;Свердловская область;05.08.2026 — 05.09.2026
как работает вилочный погрузчик;7;Свердловская область;05.08.2026 — 05.09.2026
как управлять дизельным погрузчиком вилочным;7;Свердловская область;05.08.2026 — 05.09.2026
зарядное устройство для вилочного погрузчика;7;Свердловская область;05.08.2026 — 05.09.2026
работа на вилочный погрузчик нижний тагил;7;Свердловская область;05.08.2026 — 05.09.2026
вилочный погрузчик cpcd 35;7;Свердловская область;05.08.2026 — 05.09.2026
вилочный погрузчик jac 35;7;Свердловская область;05.08.2026 — 05.09.2026
вилочный погрузчик jac cpcd 35;7;Свердловская область;05.08.2026 — 05.09.2026
ручка для погрузчика;7;Свердловская область;05.08.2026 — 05.09.2026
ручка на рычаг для погрузчика;7;Свердловская область;05.08.2026 — 05.09.2026
фильтры для погрузчика комацу модель т025 y645;7;Свердловская область;05.08.2026 — 05.09.2026
гбо для вилочного погрузчика;7;Свердловская область;05.08.2026 — 05.09.2026
зарядка для аккумулятора погрузчика;7;Свердловская область;05.08.2026 — 05.09.2026
зарядка для погрузчика на литионном аккумуляторе;7;Свердловская область;05.08.2026 — 05.09.2026
смазка для погрузчика xcmg xc938;7;Свердловская область;05.08.2026 — 05.09.2026
стартер для погрузчика тойота двигатель 5к оригинал;7;Свердловская область;05.08.2026 — 05.09.2026
лучший герметик для поддона двигателя погрузчика;7;Свердловская область;05.08.2026 — 05.09.2026
шина 17 5 25 для фронтального погрузчика;7;Свердловская область;05.08.2026 — 05.09.2026
шины для погрузчиков 17 5 25;7;Свердловская область;05.08.2026 — 05.09.2026
игры для погрузчик;7;Свердловская область;05.08.2026 — 05.09.2026
права для работы на погрузчике;7;Свердловская область;05.08.2026 — 05.09.2026
работа для вилочного погрузчика;7;Свердловская область;05.08.2026 — 05.09.2026
нож для экскаватора погрузчика;7;Свердловская область;05.08.2026 — 05.09.2026
микскар запчасти для погрузчиков;7;Свердловская область;05.08.2026 — 05.09.2026
навесное для фронтального погрузчика;7;Свердловская область;05.08.2026 — 05.09.2026
навесное оборудование для фронтального погрузчика;7;Свердловская область;05.08.2026 — 05.09.2026
купить нож для погрузчика;7;Свердловская область;05.08.2026 — 05.09.2026
купить ножи для ковша погрузчика;7;Свердловская область;05.08.2026 — 05.09.2026
нож для ковша фронтального погрузчика купить;7;Свердловская область;05.08.2026 — 05.09.2026
нож для фронтальных погрузчиков купить;7;Свердловская область;05.08.2026 — 05.09.2026
масло для коробки погрузчика;7;Свердловская область;05.08.2026 — 05.09.2026
ковш для мини погрузчика;7;Свердловская область;05.08.2026 — 05.09.2026
погрузчик для стеллажей;7;Свердловская область;05.08.2026 — 05.09.2026
погрузчик для тюков;7;Свердловская область;05.08.2026 — 05.09.2026
кронштейн для газового баллона для погрузчика;7;Свердловская область;05.08.2026 — 05.09.2026
продажа передних гидроцилиндров для погрузчика пум 500;7;Свердловская область;05.08.2026 — 05.09.2026
погрузчик для стекла купить;7;Свердловская область;05.08.2026 — 05.09.2026
краска для экскаватора погрузчика b879f;7;Свердловская область;05.08.2026 — 05.09.2026
гидравлика для погрузчиков;7;Свердловская область;05.08.2026 — 05.09.2026
детали для погрузчика;7;Свердловская область;05.08.2026 — 05.09.2026
запчасти для погрузчика сайт;7;Свердловская область;05.08.2026 — 05.09.2026
сте деталь запчасти для погрузчика;7;Свердловская область;05.08.2026 — 05.09.2026
сте деталь запчасти для погрузчика сайт;7;Свердловская область;05.08.2026 — 05.09.2026
сте запчасти для погрузчиков;7;Свердловская область;05.08.2026 — 05.09.2026
монтажная платформа для погрузчика;7;Свердловская область;05.08.2026 — 05.09.2026
отвал для экскаватора погрузчика;7;Свердловская область;05.08.2026 — 05.09.2026
рвд для погрузчика;7;Свердловская область;05.08.2026 — 05.09.2026
погрузчик для мусора;7;Свердловская область;05.08.2026 — 05.09.2026
какая категория прав нужна для управления погрузчиком;7;Свердловская область;05.08.2026 — 05.09.2026
какие категории прав для управления погрузчиком;7;Свердловская область;05.08.2026 — 05.09.2026
категория прав для управления погрузчиком;7;Свердловская область;05.08.2026 — 05.09.2026
какая категория нужна для фронтального погрузчика;7;Свердловская область;05.08.2026 — 05.09.2026
какая категория прав для фронтального погрузчика;7;Свердловская область;05.08.2026 — 05.09.2026
какая категория прав нужна для фронтального погрузчика;7;Свердловская область;05.08.2026 — 05.09.2026
категория для фронтального погрузчика;7;Свердловская область;05.08.2026 — 05.09.2026
категория прав для фронтального погрузчика;7;Свердловская область;05.08.2026 — 05.09.2026
каток для погрузчика;7;Свердловская область;05.08.2026 — 05.09.2026
мотор для погрузчика;7;Свердловская область;05.08.2026 — 05.09.2026
масло моторное для фронтального погрузчика;7;Свердловская область;05.08.2026 — 05.09.2026
пневматические шины для погрузчика;7;Свердловская область;05.08.2026 — 05.09.2026
насосы для погрузчиков;7;Свердловская область;05.08.2026 — 05.09.2026
литые шины для погрузчиков;7;Свердловская область;05.08.2026 — 05.09.2026
погрузчики вилочные дизельные цена;6;Свердловская область;05.08.2026 — 05.09.2026
купить вилочный погрузчик бу в екатеринбурге;6;Свердловская область;05.08.2026 — 05.09.2026
купить вилочный погрузчик 3 тонны;6;Свердловская область;05.08.2026 — 05.09.2026
погрузчик вилочный купить новый дизельный;6;Свердловская область;05.08.2026 — 05.09.2026
купить вилочный погрузчик 1.5 тонн;6;Свердловская область;05.08.2026 — 05.09.2026
вилочный погрузчик 5 т купить;6;Свердловская область;05.08.2026 — 05.09.2026
купить вилочный погрузчик зумлион;6;Свердловская область;05.08.2026 — 05.09.2026
обучение на вилочный погрузчик в екатеринбурге;6;Свердловская область;05.08.2026 — 05.09.2026
вилочный погрузчик heli cpcd50;6;Свердловская область;05.08.2026 — 05.09.2026
бескамерные покрышки на вилочный погрузчик зима;6;Свердловская область;05.08.2026 — 05.09.2026
вилочный погрузчик ось;6;Свердловская область;05.08.2026 — 05.09.2026
погрузчик вилочный 5 тонн львовский;6;Свердловская область;05.08.2026 — 05.09.2026
вилочные погрузчики 2 5;6;Свердловская область;05.08.2026 — 05.09.2026
погрузчик вилочный 2 5 тонн;6;Свердловская область;05.08.2026 — 05.09.2026
вилочные погрузчики teu;6;Свердловская область;05.08.2026 — 05.09.2026
вилочный погрузчик still;6;Свердловская область;05.08.2026 — 05.09.2026
как получить права на вилочный погрузчик;6;Свердловская область;05.08.2026 — 05.09.2026
вилочный погрузчик грузоподъемность 3;6;Свердловская область;05.08.2026 — 05.09.2026
переключение передачи на погрузчике вилочном;6;Свердловская область;05.08.2026 — 05.09.2026
вилочный погрузчик тойота 1.5;6;Свердловская область;05.08.2026 — 05.09.2026
погрузчик вилочный тойота 1.5 т;6;Свердловская область;05.08.2026 — 05.09.2026
какое масло заливается в вилочный погрузчик;6;Свердловская область;05.08.2026 — 05.09.2026
масло в вилочный погрузчик тойота;6;Свердловская область;05.08.2026 — 05.09.2026
не заводится вилочный погрузчик;6;Свердловская область;05.08.2026 — 05.09.2026
вакансии вилочного погрузчика в челябинске свежие;6;Свердловская область;05.08.2026 — 05.09.2026
вилочный погрузчик работа челябинск;6;Свердловская область;05.08.2026 — 05.09.2026
водитель погрузчика вакансии в челябинске свежие вилочного;6;Свердловская область;05.08.2026 — 05.09.2026
газовый баллон для вилочного погрузчика;6;Свердловская область;05.08.2026 — 05.09.2026
крепление для газового баллона на вилочный погрузчик;6;Свердловская область;05.08.2026 — 05.09.2026
работа челябинск водитель вилочного погрузчика;6;Свердловская область;05.08.2026 — 05.09.2026
вилочный погрузчик с поворотными вилами;6;Свердловская область;05.08.2026 — 05.09.2026
вилочный погрузчик с телескопической стрелой;6;Свердловская область;05.08.2026 — 05.09.2026
рычаги управления вилочного погрузчика;6;Свердловская область;05.08.2026 — 05.09.2026
чехол на погрузчик вилочный зимний;6;Свердловская область;05.08.2026 — 05.09.2026
подшипник вилочного погрузчика;6;Свердловская область;05.08.2026 — 05.09.2026
стартер вилочный погрузчик;6;Свердловская область;05.08.2026 — 05.09.2026
хели вилочный погрузчик;6;Свердловская область;05.08.2026 — 05.09.2026
вилочные погрузчики трф;6;Свердловская область;05.08.2026 — 05.09.2026
вилочный погрузчик выучиться;6;Свердловская область;05.08.2026 — 05.09.2026
электрические вилочные погрузчики 5 тонн;6;Свердловская область;05.08.2026 — 05.09.2026
вилочный погрузчик ep;6;Свердловская область;05.08.2026 — 05.09.2026
портативный вилочный погрузчик;6;Свердловская область;05.08.2026 — 05.09.2026
погрузчик вилочный тойота дизель;6;Свердловская область;05.08.2026 — 05.09.2026
вилочные погрузчики 1 5 т;6;Свердловская область;05.08.2026 — 05.09.2026
ступица вилочного погрузчика;6;Свердловская область;05.08.2026 — 05.09.2026
вилочный погрузчик скорость;6;Свердловская область;05.08.2026 — 05.09.2026
сцепления вилочного погрузчика;6;Свердловская область;05.08.2026 — 05.09.2026
документы на вилочный погрузчик;6;Свердловская область;05.08.2026 — 05.09.2026
вилочный погрузчик liugong cpcd35;6;Свердловская область;05.08.2026 — 05.09.2026
zoomlion вилочный погрузчик;6;Свердловская область;05.08.2026 — 05.09.2026
вилочный погрузчик tfn;6;Свердловская область;05.08.2026 — 05.09.2026
знак вилочные погрузчики;6;Свердловская область;05.08.2026 — 05.09.2026
строительный вилочный погрузчик;6;Свердловская область;05.08.2026 — 05.09.2026
монтажная платформа для вилочного погрузчика;6;Свердловская область;05.08.2026 — 05.09.2026
платформа для вилочного погрузчика;6;Свердловская область;05.08.2026 — 05.09.2026
радиатор на вилочный погрузчик;6;Свердловская область;05.08.2026 — 05.09.2026
вилочный погрузчик для склада;6;Свердловская область;05.08.2026 — 05.09.2026
вилочные погрузчики 3 3 т;6;Свердловская область;05.08.2026 — 05.09.2026
водитель погрузчика вилочного елизавет;6;Свердловская область;05.08.2026 — 05.09.2026
самодельный вилочный погрузчик;6;Свердловская область;05.08.2026 — 05.09.2026
покрышка для вилочного погрузчика;6;Свердловская область;05.08.2026 — 05.09.2026
акпп для погрузчика;6;Свердловская область;05.08.2026 — 05.09.2026
переключатель для печки в погрузчик;6;Свердловская область;05.08.2026 — 05.09.2026
печка для погрузчика;6;Свердловская область;05.08.2026 — 05.09.2026
каплера для погрузчика;6;Свердловская область;05.08.2026 — 05.09.2026
квик каплер для погрузчиков;6;Свердловская область;05.08.2026 — 05.09.2026
фрез для мини погрузчика;6;Свердловская область;05.08.2026 — 05.09.2026
фреза для погрузчика;6;Свердловская область;05.08.2026 — 05.09.2026
работа для машинист погрузчика;6;Свердловская область;05.08.2026 — 05.09.2026
купить фронтальный погрузчик для трактора т 25;6;Свердловская область;05.08.2026 — 05.09.2026
погрузчики для т 25;6;Свердловская область;05.08.2026 — 05.09.2026
фронтальный погрузчик для т 25;6;Свердловская область;05.08.2026 — 05.09.2026
фронтальный погрузчик для трактора т 25;6;Свердловская область;05.08.2026 — 05.09.2026
запчасти для китайских погрузчиков в екатеринбурге;6;Свердловская область;05.08.2026 — 05.09.2026
снеговой отвал бабочка для фронтального погрузчика купить;6;Свердловская область;05.08.2026 — 05.09.2026
кун для погрузчика;6;Свердловская область;05.08.2026 — 05.09.2026
отвал для снега погрузчик;6;Свердловская область;05.08.2026 — 05.09.2026
помпа для погрузчика;6;Свердловская область;05.08.2026 — 05.09.2026
газ для погрузчиков;6;Свердловская область;05.08.2026 — 05.09.2026
зубья для погрузчика;6;Свердловская область;05.08.2026 — 05.09.2026
кран для вилочного погрузчика;6;Свердловская область;05.08.2026 — 05.09.2026
гидротрансформатор для погрузчиков;6;Свердловская область;05.08.2026 — 05.09.2026
лучшая гидродинамическая жидкость для гидротрансформаторов фронтального погрузчика;6;Свердловская область;05.08.2026 — 05.09.2026
какой погрузчик купить для работы;6;Свердловская область;05.08.2026 — 05.09.2026
какой экскаватор погрузчик купить для работы;6;Свердловская область;05.08.2026 — 05.09.2026
какой экскаватор погрузчик лучше купить для работы;6;Свердловская область;05.08.2026 — 05.09.2026
цепь для вилочного погрузчика;6;Свердловская область;05.08.2026 — 05.09.2026
направляющие для погрузчика;6;Свердловская область;05.08.2026 — 05.09.2026
стрела для экскаватора погрузчика;6;Свердловская область;05.08.2026 — 05.09.2026
погрузчик для песка;6;Свердловская область;05.08.2026 — 05.09.2026
экскаватор погрузчик видео для детей;6;Свердловская область;05.08.2026 — 05.09.2026
радиатор для вилочного погрузчика;6;Свердловская область;05.08.2026 — 05.09.2026
аккумулятор для вилочного погрузчика;6;Свердловская область;05.08.2026 — 05.09.2026
навеска для погрузчиков;6;Свердловская область;05.08.2026 — 05.09.2026
какие права нужны для экскаватора погрузчика;6;Свердловская область;05.08.2026 — 05.09.2026
экскаватор для мини погрузчика;6;Свердловская область;05.08.2026 — 05.09.2026
экзамен для погрузчик;6;Свердловская область;05.08.2026 — 05.09.2026
сиденье для погрузчика купить;6;Свердловская область;05.08.2026 — 05.09.2026
справка для погрузчика;6;Свердловская область;05.08.2026 — 05.09.2026
коробка передач для погрузчика;6;Свердловская область;05.08.2026 — 05.09.2026
кпп для погрузчика;6;Свердловская область;05.08.2026 — 05.09.2026
фонари для погрузчиков;6;Свердловская область;05.08.2026 — 05.09.2026
болт для погрузчика;6;Свердловская область;05.08.2026 — 05.09.2026
мини погрузчик для уборки;6;Свердловская область;05.08.2026 — 05.09.2026
какие права нужны для управления фронтальным погрузчиком;6;Свердловская область;05.08.2026 — 05.09.2026
права для управления фронтальным погрузчиком;6;Свердловская область;05.08.2026 — 05.09.2026
коды для погрузчиков;6;Свердловская область;05.08.2026 — 05.09.2026
палец грибок поворотная опора для львовского погрузчика;6;Свердловская область;05.08.2026 — 05.09.2026
вилы для навоза погрузчика;6;Свердловская область;05.08.2026 — 05.09.2026
погрузчик для навоза;6;Свердловская область;05.08.2026 — 05.09.2026
вилочный погрузчик 3 тонны цена;5;Свердловская область;05.08.2026 — 05.09.2026
купить ковш на вилочный погрузчик;5;Свердловская область;05.08.2026 — 05.09.2026
кабина для вилочного погрузчика купить;5;Свердловская область;05.08.2026 — 05.09.2026
купить вилочный погрузчик на авито;5;Свердловская область;05.08.2026 — 05.09.2026
запчасти для вилочных погрузчиков планка вил;5;Свердловская область;05.08.2026 — 05.09.2026
вилочный погрузчик симулятор;5;Свердловская область;05.08.2026 — 05.09.2026
вилочный погрузчик окоф;5;Свердловская область;05.08.2026 — 05.09.2026
автоматический вилочный погрузчик;5;Свердловская область;05.08.2026 — 05.09.2026
гидравлика погрузчиков вилочных;5;Свердловская область;05.08.2026 — 05.09.2026
вилочный погрузчик срок службы;5;Свердловская область;05.08.2026 — 05.09.2026
игрушечный вилочный погрузчик;5;Свердловская область;05.08.2026 — 05.09.2026
лазерный целеуказатель на вилочный погрузчик;5;Свердловская область;05.08.2026 — 05.09.2026
производство навесного оборудования для вилочных погрузчиков;5;Свердловская область;05.08.2026 — 05.09.2026
вилочный погрузчик dalian;5;Свердловская область;05.08.2026 — 05.09.2026
вилочные погрузчики 1 3;5;Свердловская область;05.08.2026 — 05.09.2026
вилочный погрузчик машина;5;Свердловская область;05.08.2026 — 05.09.2026
вилочный погрузчик xcmg;5;Свердловская область;05.08.2026 — 05.09.2026
вилочный погрузчик tcm fd30t3z;5;Свердловская область;05.08.2026 — 05.09.2026
популярные шины для вилочных погрузчиков;5;Свердловская область;05.08.2026 — 05.09.2026
вилочный погрузчик кара;5;Свердловская область;05.08.2026 — 05.09.2026
вилочный погрузчик жак;5;Свердловская область;05.08.2026 — 05.09.2026
погрузчик вилочные россия;5;Свердловская область;05.08.2026 — 05.09.2026
большой вилочный погрузчик;5;Свердловская область;05.08.2026 — 05.09.2026
погрузчик вилочный эп;5;Свердловская область;05.08.2026 — 05.09.2026
вилочный погрузчик aurora;5;Свердловская область;05.08.2026 — 05.09.2026
сиденье для вилочного погрузчика;5;Свердловская область;05.08.2026 — 05.09.2026
вилочный погрузчик маниту;5;Свердловская область;05.08.2026 — 05.09.2026
гусеничный вилочный погрузчик;5;Свердловская область;05.08.2026 — 05.09.2026
замена ремня грм на вилочном погрузчике штиль;5;Свердловская область;05.08.2026 — 05.09.2026
масло в акпп вилочный погрузчик;5;Свердловская область;05.08.2026 — 05.09.2026
вилочный погрузчик переходник для карбюратора ваз;5;Свердловская область;05.08.2026 — 05.09.2026
переходник для вилочного погрузчика;5;Свердловская область;05.08.2026 — 05.09.2026
вилочный погрузчик на пульте управления;5;Свердловская область;05.08.2026 — 05.09.2026
вилочный погрузчик на трактор;5;Свердловская область;05.08.2026 — 05.09.2026
гбо для вилочного погрузчика екатеринбург;5;Свердловская область;05.08.2026 — 05.09.2026
датчик скорости вилочного погрузчика;5;Свердловская область;05.08.2026 — 05.09.2026
дусан вилочные погрузчики;5;Свердловская область;05.08.2026 — 05.09.2026
дусан погрузчик вилочный какой антифриз;5;Свердловская область;05.08.2026 — 05.09.2026
радиатор для вилочного погрузчика джак 3т;5;Свердловская область;05.08.2026 — 05.09.2026
штабелер погрузчик электрический вилочный;5;Свердловская область;05.08.2026 — 05.09.2026
вилочный погрузчик 8 тонн;5;Свердловская область;05.08.2026 — 05.09.2026
колесо на вилочный погрузчик 7 12;5;Свердловская область;05.08.2026 — 05.09.2026
ремонт тормоза вилочного погрузчика;5;Свердловская область;05.08.2026 — 05.09.2026
цилиндр наклона на вилочный погрузчик tcm fd25t3cz;5;Свердловская область;05.08.2026 — 05.09.2026
вилочный погрузчик hyster;5;Свердловская область;05.08.2026 — 05.09.2026
вилочный погрузчик 05;5;Свердловская область;05.08.2026 — 05.09.2026
вилочный погрузчик вп 05;5;Свердловская область;05.08.2026 — 05.09.2026
вилочный погрузчик cpcd15;5;Свердловская область;05.08.2026 — 05.09.2026
погрузчик вилочный 2т;5;Свердловская область;05.08.2026 — 05.09.2026
кран на вилочный погрузчик;5;Свердловская область;05.08.2026 — 05.09.2026
сервис вилочные погрузчики;5;Свердловская область;05.08.2026 — 05.09.2026
вилочный погрузчик тракторный;5;Свердловская область;05.08.2026 — 05.09.2026
вилочный погрузчик fd15;5;Свердловская область;05.08.2026 — 05.09.2026
моточасы на вилочном погрузчике;5;Свердловская область;05.08.2026 — 05.09.2026
как называется вилочный погрузчик;5;Свердловская область;05.08.2026 — 05.09.2026
fd30t вилочный погрузчик;5;Свердловская область;05.08.2026 — 05.09.2026
вилочный погрузчик лев 4086 как расшифровать;5;Свердловская область;05.08.2026 — 05.09.2026
выучиться на права на вилочный погрузчик;5;Свердловская область;05.08.2026 — 05.09.2026
продам погрузчики вилочные;5;Свердловская область;05.08.2026 — 05.09.2026
электрический погрузчик для склада;5;Свердловская область;05.08.2026 — 05.09.2026
площадка для погрузчика;5;Свердловская область;05.08.2026 — 05.09.2026
диски для вилочных погрузчиков;5;Свердловская область;05.08.2026 — 05.09.2026
кабина для погрузчика купить;5;Свердловская область;05.08.2026 — 05.09.2026
генераторы для погрузчика;5;Свердловская область;05.08.2026 — 05.09.2026
тнвд для погрузчиков;5;Свердловская область;05.08.2026 — 05.09.2026
суперэластик для погрузчиков;5;Свердловская область;05.08.2026 — 05.09.2026
шины суперэластик для погрузчиков;5;Свердловская область;05.08.2026 — 05.09.2026
инструкция по охране труда для водителя погрузчика;5;Свердловская область;05.08.2026 — 05.09.2026
покрышки цельнолитые для погрузчика 28 9 15;5;Свердловская область;05.08.2026 — 05.09.2026
шины 8 15 15 для погрузчика;5;Свердловская область;05.08.2026 — 05.09.2026
погрузчик для грунта;5;Свердловская область;05.08.2026 — 05.09.2026
лопата для погрузчика;5;Свердловская область;05.08.2026 — 05.09.2026
батарея для вилочного погрузчика;5;Свердловская область;05.08.2026 — 05.09.2026
купить шины для фронтального погрузчика;5;Свердловская область;05.08.2026 — 05.09.2026
фильтры для вилочного погрузчика;5;Свердловская область;05.08.2026 — 05.09.2026
погрузчик для сада;5;Свердловская область;05.08.2026 — 05.09.2026
обучение для водителей погрузчиков;5;Свердловская область;05.08.2026 — 05.09.2026
программа для водителя погрузчика;5;Свердловская область;05.08.2026 — 05.09.2026
помещение для зарядки погрузчиков;5;Свердловская область;05.08.2026 — 05.09.2026
помещения для зарядки аккумуляторных погрузчиков;5;Свердловская область;05.08.2026 — 05.09.2026
вилы для погрузчика 1.5 тонны;5;Свердловская область;05.08.2026 — 05.09.2026
для погрузчика для 200 литровых бочек приспособление;5;Свердловская область;05.08.2026 — 05.09.2026
переходник для погрузчика;5;Свердловская область;05.08.2026 — 05.09.2026
сидушка для погрузчика;5;Свердловская область;05.08.2026 — 05.09.2026
зеркала заднего хода для погрузчика чсб;5;Свердловская область;05.08.2026 — 05.09.2026
аккумулятор для погрузчика восстановление;5;Свердловская область;05.08.2026 — 05.09.2026
запчасти для погрузчиков jcb;5;Свердловская область;05.08.2026 — 05.09.2026
купить запчасти для экскаватора погрузчика;5;Свердловская область;05.08.2026 — 05.09.2026
полиуретановые колеса для погрузчика;5;Свердловская область;05.08.2026 — 05.09.2026
компрессор для погрузчика;5;Свердловская область;05.08.2026 — 05.09.2026
компрессор для экскаватора погрузчика;5;Свердловская область;05.08.2026 — 05.09.2026
направляющие для выдвижной стрелы экскаватора погрузчика шамон;5;Свердловская область;05.08.2026 — 05.09.2026
нож для фронтального погрузчика sdlg;5;Свердловская область;05.08.2026 — 05.09.2026
плуг для погрузчика;5;Свердловская область;05.08.2026 — 05.09.2026
упор для отвала фронтального погрузчика;5;Свердловская область;05.08.2026 — 05.09.2026
приложения для погрузчиков;5;Свердловская область;05.08.2026 — 05.09.2026
купить камеру 6.00 9 для погрузчика;5;Свердловская область;05.08.2026 — 05.09.2026
магазин запчастей для погрузчиков спецтехники в екатеринбурге;5;Свердловская область;05.08.2026 — 05.09.2026
погрузчик для фс 22;5;Свердловская область;05.08.2026 — 05.09.2026
погрузчик для грузовика;5;Свердловская область;05.08.2026 — 05.09.2026
смазка для фронтальных погрузчиков;5;Свердловская область;05.08.2026 — 05.09.2026
манипулятор для погрузчика;5;Свердловская область;05.08.2026 — 05.09.2026
зеркало заднего вида для погрузчика;5;Свердловская область;05.08.2026 — 05.09.2026
мачта для погрузчика;5;Свердловская область;05.08.2026 — 05.09.2026
вилы для погрузчика своими руками;5;Свердловская область;05.08.2026 — 05.09.2026
пдд для погрузчика;5;Свердловская область;05.08.2026 — 05.09.2026
вилочные погрузчики jac цена;4;Свердловская область;05.08.2026 — 05.09.2026
вилочные погрузчики toyota купить;4;Свердловская область;05.08.2026 — 05.09.2026
купить вилочный погрузчик дизель;4;Свердловская область;05.08.2026 — 05.09.2026
купить вилочный погрузчик балканкар;4;Свердловская область;05.08.2026 — 05.09.2026
купить вилочный погрузчик тойота;4;Свердловская область;05.08.2026 — 05.09.2026
вилочный погрузчик купить 1;4;Свердловская область;05.08.2026 — 05.09.2026
купить погрузчик вилочный б у на авито;4;Свердловская область;05.08.2026 — 05.09.2026
вилочный погрузчик cpcd25;4;Свердловская область;05.08.2026 — 05.09.2026
траверса для вилочного погрузчика;4;Свердловская область;05.08.2026 — 05.09.2026
траверсы для погрузчика вилочного;4;Свердловская область;05.08.2026 — 05.09.2026
какие документы нужны на погрузчик вилочный;4;Свердловская область;05.08.2026 — 05.09.2026
вилочный погрузчик ниссан 1.5;4;Свердловская область;05.08.2026 — 05.09.2026
вилочный погрузчик ниссан 1.5 т;4;Свердловская область;05.08.2026 — 05.09.2026
вилочный погрузчик лиугонг;4;Свердловская область;05.08.2026 — 05.09.2026
вилка вилочного погрузчика;4;Свердловская область;05.08.2026 — 05.09.2026
погрузчик вилочный это транспортное средство;4;Свердловская область;05.08.2026 — 05.09.2026
мощность двигателя вилочного погрузчика;4;Свердловская область;05.08.2026 — 05.09.2026
ролик вилочного погрузчика;4;Свердловская область;05.08.2026 — 05.09.2026
как выглядит вилочный погрузчик;4;Свердловская область;05.08.2026 — 05.09.2026
погрузчик вилочный 7fd15;4;Свердловская область;05.08.2026 — 05.09.2026
масса погрузчика вилочного;4;Свердловская область;05.08.2026 — 05.09.2026
вилочный погрузчик тсм дизельный;4;Свердловская область;05.08.2026 — 05.09.2026
7 тонный вилочный погрузчик;4;Свердловская область;05.08.2026 — 05.09.2026
вилочный погрузчик 4wd;4;Свердловская область;05.08.2026 — 05.09.2026
вилочный погрузчик doosan d50sc 5;4;Свердловская область;05.08.2026 — 05.09.2026
вилочный погрузчик jac 25;4;Свердловская область;05.08.2026 — 05.09.2026
вилочный погрузчик liugong cpcd30;4;Свердловская область;05.08.2026 — 05.09.2026
вилочный погрузчик амортизационная группа;4;Свердловская область;05.08.2026 — 05.09.2026
вилочный погрузчик в учете;4;Свердловская область;05.08.2026 — 05.09.2026
вилочный погрузчик повышенной проходимости;4;Свердловская область;05.08.2026 — 05.09.2026
вилочный погрузчик техника безопасности;4;Свердловская область;05.08.2026 — 05.09.2026
дизельный вилочный погрузчик trf;4;Свердловская область;05.08.2026 — 05.09.2026
погрузчики вилочные дизельные jac;4;Свердловская область;05.08.2026 — 05.09.2026
смотреть вилочный погрузчик;4;Свердловская область;05.08.2026 — 05.09.2026
5.00 8 для вилочного погрузчика;4;Свердловская область;05.08.2026 — 05.09.2026
вилочный погрузчик 2000;4;Свердловская область;05.08.2026 — 05.09.2026
расход топлива вилочным погрузчиком;4;Свердловская область;05.08.2026 — 05.09.2026
погрузчик вилочный 1 8;4;Свердловская область;05.08.2026 — 05.09.2026
удлинитель для вилочного погрузчика;4;Свердловская область;05.08.2026 — 05.09.2026
вилочный погрузчик xcmg xcf30kt;4;Свердловская область;05.08.2026 — 05.09.2026
вилочный погрузчик heli cpcd100;4;Свердловская область;05.08.2026 — 05.09.2026
вилочный погрузчик митсубиси 1.5;4;Свердловская область;05.08.2026 — 05.09.2026
отвал для вилочного погрузчика снегоуборочный;4;Свердловская область;05.08.2026 — 05.09.2026
мягкая кабина для вилочного погрузчика;4;Свердловская область;05.08.2026 — 05.09.2026
накладки на вилочный погрузчик;4;Свердловская область;05.08.2026 — 05.09.2026
сходни для вилочного погрузчика;4;Свердловская область;05.08.2026 — 05.09.2026
вилочный погрузчик уссурийск;4;Свердловская область;05.08.2026 — 05.09.2026
вилочный погрузчик хайстер;4;Свердловская область;05.08.2026 — 05.09.2026
вилочный погрузчик clark;4;Свердловская область;05.08.2026 — 05.09.2026
вилочный погрузчик марки;4;Свердловская область;05.08.2026 — 05.09.2026
строповка вилочного погрузчика;4;Свердловская область;05.08.2026 — 05.09.2026
топ вилочных погрузчиков;4;Свердловская область;05.08.2026 — 05.09.2026
zauberg погрузчик вилочный;4;Свердловская область;05.08.2026 — 05.09.2026
уборка вилочного погрузчика;4;Свердловская область;05.08.2026 — 05.09.2026
уборка снега вилочным погрузчиком;4;Свердловская область;05.08.2026 — 05.09.2026
вилочный погрузчик разряды;4;Свердловская область;05.08.2026 — 05.09.2026
вилочный погрузчик тонны коматсу;4;Свердловская область;05.08.2026 — 05.09.2026
вилочный погрузчик 1 5 тонн дизельный;4;Свердловская область;05.08.2026 — 05.09.2026
погрузчик вилочный дизельный 1 5;4;Свердловская область;05.08.2026 — 05.09.2026
замена колес на погрузчике вилочном;4;Свердловская область;05.08.2026 — 05.09.2026
вилочный погрузчик jac cpcd30;4;Свердловская область;05.08.2026 — 05.09.2026
замена акпп вилочного погрузчика;4;Свердловская область;05.08.2026 — 05.09.2026
замена масла акпп вилочного погрузчика;4;Свердловская область;05.08.2026 — 05.09.2026
как поменять масло в вилочном погрузчике;4;Свердловская область;05.08.2026 — 05.09.2026
вилочный погрузчик электрический 1.5;4;Свердловская область;05.08.2026 — 05.09.2026
погрузчик вилочный электрический 1.5 тонн;4;Свердловская область;05.08.2026 — 05.09.2026
старый вилочный погрузчик;4;Свердловская область;05.08.2026 — 05.09.2026
вилочный погрузчик 5 тонн бу;4;Свердловская область;05.08.2026 — 05.09.2026
погрузчик вилочный 5 тонн двигатель;4;Свердловская область;05.08.2026 — 05.09.2026
аренда вилочного погрузчика пермь;4;Свердловская область;05.08.2026 — 05.09.2026
вилочный погрузчик желтый;4;Свердловская область;05.08.2026 — 05.09.2026
водитель дизельного вилочного погрузчика;4;Свердловская область;05.08.2026 — 05.09.2026
водитель погрузчика в нижнем вилочного;4;Свердловская область;05.08.2026 — 05.09.2026
как проверить вилочный погрузчик;4;Свердловская область;05.08.2026 — 05.09.2026
ковш на вилочный погрузчик чертеж;4;Свердловская область;05.08.2026 — 05.09.2026
программа вилочный погрузчик;4;Свердловская область;05.08.2026 — 05.09.2026
фонари вилочный погрузчик;4;Свердловская область;05.08.2026 — 05.09.2026
справка для прав на погрузчик;4;Свердловская область;05.08.2026 — 05.09.2026
домкрат для погрузчика;4;Свердловская область;05.08.2026 — 05.09.2026
скачать мод для погрузчика на;4;Свердловская область;05.08.2026 — 05.09.2026
погрузчик для леса;4;Свердловская область;05.08.2026 — 05.09.2026
гидробур для погрузчика;4;Свердловская область;05.08.2026 — 05.09.2026
траверса для погрузчика;4;Свердловская область;05.08.2026 — 05.09.2026
траверсы для погрузчиков;4;Свердловская область;05.08.2026 — 05.09.2026
защита для погрузчиков;4;Свердловская область;05.08.2026 — 05.09.2026
mixcar запчасти для погрузчиков;4;Свердловская область;05.08.2026 — 05.09.2026
ковш просеивающий для погрузчика;4;Свердловская область;05.08.2026 — 05.09.2026
просеивающий ковш для фронтального погрузчика;4;Свердловская область;05.08.2026 — 05.09.2026
ширина проездов для погрузчиков;4;Свердловская область;05.08.2026 — 05.09.2026
магазин для экскаватор погрузчик;4;Свердловская область;05.08.2026 — 05.09.2026
магазин запчастей для экскаваторов погрузчиков екатеринбург;4;Свердловская область;05.08.2026 — 05.09.2026
трал для погрузчика;4;Свердловская область;05.08.2026 — 05.09.2026
фиксатор для вил погрузчика;4;Свердловская область;05.08.2026 — 05.09.2026
культиватор для погрузчика;4;Свердловская область;05.08.2026 — 05.09.2026
для чего предназначена муфта сцепления на погрузчике;4;Свердловская область;05.08.2026 — 05.09.2026
муфты для погрузчиков;4;Свердловская область;05.08.2026 — 05.09.2026
сцепление для погрузчика;4;Свердловская область;05.08.2026 — 05.09.2026
боковое зеркало для погрузчика;4;Свердловская область;05.08.2026 — 05.09.2026
шины 16 70 16 для погрузчика;4;Свердловская область;05.08.2026 — 05.09.2026
мини погрузчик для снега;4;Свердловская область;05.08.2026 — 05.09.2026
мини погрузчик для уборки снега;4;Свердловская область;05.08.2026 — 05.09.2026
гидромолот для мини погрузчика;4;Свердловская область;05.08.2026 — 05.09.2026
быстросъемный погрузчик для;4;Свердловская область;05.08.2026 — 05.09.2026
видеорегистратор для погрузчика;4;Свердловская область;05.08.2026 — 05.09.2026
стрела для вилочного погрузчика;4;Свердловская область;05.08.2026 — 05.09.2026
нормы расхода для погрузчиков;4;Свердловская область;05.08.2026 — 05.09.2026
какая категория нужна для управления фронтальным погрузчиком;4;Свердловская область;05.08.2026 — 05.09.2026
стекла для вилочных погрузчиков;4;Свердловская область;05.08.2026 — 05.09.2026
форсунки для погрузчиков;4;Свердловская область;05.08.2026 — 05.09.2026
рамка для вил погрузчика;4;Свердловская область;05.08.2026 — 05.09.2026
генератор для вилочного погрузчика;4;Свердловская область;05.08.2026 — 05.09.2026
литиевая для погрузчика;4;Свердловская область;05.08.2026 — 05.09.2026
масло для погрузчика какое лучше;4;Свердловская область;05.08.2026 — 05.09.2026
аккумулятор для погрузчика 12в;4;Свердловская область;05.08.2026 — 05.09.2026
весы для фронтального погрузчика купить;4;Свердловская область;05.08.2026 — 05.09.2026
контейнерный мостик для погрузчика;4;Свердловская область;05.08.2026 — 05.09.2026
лебедка для погрузчика;4;Свердловская область;05.08.2026 — 05.09.2026
погрузчик для линолеума;4;Свердловская область;05.08.2026 — 05.09.2026
моточасы для погрузчика;4;Свердловская область;05.08.2026 — 05.09.2026
5.00 8 для погрузчиков;4;Свердловская область;05.08.2026 — 05.09.2026
разряды для погрузчика;4;Свердловская область;05.08.2026 — 05.09.2026
тяговая батарея для погрузчика;4;Свердловская область;05.08.2026 — 05.09.2026
отвал снегоуборочный для погрузчика;4;Свердловская область;05.08.2026 — 05.09.2026
спецмашина запчасти для погрузчиков;4;Свердловская область;05.08.2026 — 05.09.2026
фронтальный погрузчик для снега;4;Свердловская область;05.08.2026 — 05.09.2026
погрузчики для фс 19;4;Свердловская область;05.08.2026 — 05.09.2026
запчасти для погрузчиков jac;4;Свердловская область;05.08.2026 — 05.09.2026
гидравлический насос для погрузчика;4;Свердловская область;05.08.2026 — 05.09.2026
удлинитель для погрузчика купить;4;Свердловская область;05.08.2026 — 05.09.2026
колесные диски для погрузчика;4;Свердловская область;05.08.2026 — 05.09.2026
камера 15 для погрузчика;4;Свердловская область;05.08.2026 — 05.09.2026
мягкая кабина для погрузчика;4;Свердловская область;05.08.2026 — 05.09.2026
купить погрузчик для уборки снега;4;Свердловская область;05.08.2026 — 05.09.2026
погрузчик для снега купить;4;Свердловская область;05.08.2026 — 05.09.2026
фронтальный погрузчик для каких работ;4;Свердловская область;05.08.2026 — 05.09.2026
аккумулятор для погрузчика хендай;4;Свердловская область;05.08.2026 — 05.09.2026
сходни для погрузчика;4;Свердловская область;05.08.2026 — 05.09.2026
отвалы для мини погрузчиков;4;Свердловская область;05.08.2026 — 05.09.2026
траншейный ковш для экскаватора погрузчика;4;Свердловская область;05.08.2026 — 05.09.2026
измельчитель для погрузчика;4;Свердловская область;05.08.2026 — 05.09.2026
ковш дробилка для фронтального погрузчика;4;Свердловская область;05.08.2026 — 05.09.2026
фронтальные погрузчики для мтз;4;Свердловская область;05.08.2026 — 05.09.2026
разъем для погрузчика;4;Свердловская область;05.08.2026 — 05.09.2026
вилочный погрузчик для уборки снега;4;Свердловская область;05.08.2026 — 05.09.2026
колеса для фронтальных погрузчиков;4;Свердловская область;05.08.2026 — 05.09.2026
погрузчик для труб;4;Свердловская область;05.08.2026 — 05.09.2026
погрузчик вилочный электрический цена;3;Свердловская область;05.08.2026 — 05.09.2026
вилочный погрузчик тонны бу купить;3;Свердловская область;05.08.2026 — 05.09.2026
дешевый вилочный погрузчик;3;Свердловская область;05.08.2026 — 05.09.2026
купить права вилочного погрузчика;3;Свердловская область;05.08.2026 — 05.09.2026
полноприводный вилочный погрузчик купить;3;Свердловская область;05.08.2026 — 05.09.2026
сиденье вилочного погрузчика купить;3;Свердловская область;05.08.2026 — 05.09.2026
боковой вилочный погрузчик купить;3;Свердловская область;05.08.2026 — 05.09.2026
вилочный погрузчик купить китайские;3;Свердловская область;05.08.2026 — 05.09.2026
вилочные погрузчики lonking купить;3;Свердловская область;05.08.2026 — 05.09.2026
купить вилочный погрузчик hangcha;3;Свердловская область;05.08.2026 — 05.09.2026
купить погрузчик вилочный новый дизельный 5 тонн;3;Свердловская область;05.08.2026 — 05.09.2026
погрузчик вилочный 5 тонн купить новый;3;Свердловская область;05.08.2026 — 05.09.2026
купить вилочный погрузчик ниссан;3;Свердловская область;05.08.2026 — 05.09.2026
вилочный погрузчик купить диски;3;Свердловская область;05.08.2026 — 05.09.2026
отвал для вилочного погрузчика купить;3;Свердловская область;05.08.2026 — 05.09.2026
мини погрузчик вилочный купить;3;Свердловская область;05.08.2026 — 05.09.2026
вилочный погрузчик 3 тонны дизельный купить;3;Свердловская область;05.08.2026 — 05.09.2026
погрузчик вилочный электрический 1.5 тонн купить;3;Свердловская область;05.08.2026 — 05.09.2026
запчасти для вилочных погрузчиков komatsu;3;Свердловская область;05.08.2026 — 05.09.2026
захват для бочек на вилочный погрузчик;3;Свердловская область;05.08.2026 — 05.09.2026
трехопорный вилочный погрузчик;3;Свердловская область;05.08.2026 — 05.09.2026
вилочный погрузчик 1.5 т дизель;3;Свердловская область;05.08.2026 — 05.09.2026
вилочный погрузчик тойота 1.5 дизель;3;Свердловская область;05.08.2026 — 05.09.2026
вилочный погрузчик тойота 1.5 т дизель;3;Свердловская область;05.08.2026 — 05.09.2026
вилочные погрузчики русские;3;Свердловская область;05.08.2026 — 05.09.2026
вилочный погрузчик подъемный механизм;3;Свердловская область;05.08.2026 — 05.09.2026
equipment погрузчик вилочный;3;Свердловская область;05.08.2026 — 05.09.2026
вилочный погрузчик ep equipment;3;Свердловская область;05.08.2026 — 05.09.2026
восстановление аккумулятора для вилочного погрузчика в москве;3;Свердловская область;05.08.2026 — 05.09.2026
маленький вилочный погрузчик;3;Свердловская область;05.08.2026 — 05.09.2026
прицеп для вилочного погрузчика;3;Свердловская область;05.08.2026 — 05.09.2026
час работы вилочного погрузчика;3;Свердловская область;05.08.2026 — 05.09.2026
вилочные погрузчики кларк;3;Свердловская область;05.08.2026 — 05.09.2026
двигатель митсубиси на вилочный погрузчик;3;Свердловская область;05.08.2026 — 05.09.2026
задняя балка вилочного погрузчика;3;Свердловская область;05.08.2026 — 05.09.2026
помпа вилочный погрузчик;3;Свердловская область;05.08.2026 — 05.09.2026
вилочный погрузчика китай;3;Свердловская область;05.08.2026 — 05.09.2026
двигателя вилочных погрузчика бензиновые;3;Свердловская область;05.08.2026 — 05.09.2026
вилочный погрузчик значок;3;Свердловская область;05.08.2026 — 05.09.2026
вилочный погрузчик какой выбрать;3;Свердловская область;05.08.2026 — 05.09.2026
выбрать вилочный погрузчик;3;Свердловская область;05.08.2026 — 05.09.2026
управление вилочным погрузчиком видео;3;Свердловская область;05.08.2026 — 05.09.2026
управление вилочным погрузчиком обучение;3;Свердловская область;05.08.2026 — 05.09.2026
вилочный погрузчик какие бывают;3;Свердловская область;05.08.2026 — 05.09.2026
навесное на вилочный погрузчик;3;Свердловская область;05.08.2026 — 05.09.2026
навесное оборудование на вилочный погрузчик;3;Свердловская область;05.08.2026 — 05.09.2026
вилочный погрузчик грузоподъемностью 3 тонны;3;Свердловская область;05.08.2026 — 05.09.2026
стоимость аренды вилочного погрузчика;3;Свердловская область;05.08.2026 — 05.09.2026
насадки на вилочный погрузчик;3;Свердловская область;05.08.2026 — 05.09.2026
замок на вилочный погрузчик;3;Свердловская область;05.08.2026 — 05.09.2026
монтажная платформа для вилочного погрузчика км2;3;Свердловская область;05.08.2026 — 05.09.2026
погрузчик вилочный 10т;3;Свердловская область;05.08.2026 — 05.09.2026
погрузчики 3 3 5 т вилочные;3;Свердловская область;05.08.2026 — 05.09.2026
вилочный погрузчик fd30;3;Свердловская область;05.08.2026 — 05.09.2026
вилочные погрузчики официальный;3;Свердловская область;05.08.2026 — 05.09.2026
погрузчик jac 15 вилочный;3;Свердловская область;05.08.2026 — 05.09.2026
джойстик вилочного погрузчика;3;Свердловская область;05.08.2026 — 05.09.2026
какое давление в шинах вилочного погрузчика;3;Свердловская область;05.08.2026 — 05.09.2026
кресло оператора вилочного погрузчика;3;Свердловская область;05.08.2026 — 05.09.2026
подлокотник на погрузчик вилочный;3;Свердловская область;05.08.2026 — 05.09.2026
погрузчик вилочный jac cpd15;3;Свердловская область;05.08.2026 — 05.09.2026
двигатель вилочного погрузчика коматсу;3;Свердловская область;05.08.2026 — 05.09.2026
вилочный погрузчик bt;3;Свердловская область;05.08.2026 — 05.09.2026
стекло для кабины вилочного погрузчика;3;Свердловская область;05.08.2026 — 05.09.2026
полноприводный вилочный погрузчик 3 тонны;3;Свердловская область;05.08.2026 — 05.09.2026
вилочные погрузчики 3.5 тонны;3;Свердловская область;05.08.2026 — 05.09.2026
вилочный погрузчик chl;3;Свердловская область;05.08.2026 — 05.09.2026
погрузчик вилочный 4 т;3;Свердловская область;05.08.2026 — 05.09.2026
вилочные погрузчики isuzu;3;Свердловская область;05.08.2026 — 05.09.2026
вилочные погрузчики тюмень;3;Свердловская область;05.08.2026 — 05.09.2026
вилочный погрузчик xilin;3;Свердловская область;05.08.2026 — 05.09.2026
вилочный погрузчик вид сверху;3;Свердловская область;05.08.2026 — 05.09.2026
вилочный погрузчик для бездорожья;3;Свердловская область;05.08.2026 — 05.09.2026
вилочный погрузчик уровень шума;3;Свердловская область;05.08.2026 — 05.09.2026
гидронасос вилочного погрузчика;3;Свердловская область;05.08.2026 — 05.09.2026
изготовление вилочного погрузчика;3;Свердловская область;05.08.2026 — 05.09.2026
как поставить на учет вилочный погрузчик;3;Свердловская область;05.08.2026 — 05.09.2026
погрузчик вилочный 5 тн;3;Свердловская область;05.08.2026 — 05.09.2026
продажа вилочных погрузчиков;3;Свердловская область;05.08.2026 — 05.09.2026
разбор вилочных погрузчиков;3;Свердловская область;05.08.2026 — 05.09.2026
регистрация вилочного погрузчика;3;Свердловская область;05.08.2026 — 05.09.2026
регистрация вилочного погрузчика в гостехнадзоре;3;Свердловская область;05.08.2026 — 05.09.2026
ремонт обслуживание вилочных погрузчиков;3;Свердловская область;05.08.2026 — 05.09.2026
схема строповки вилочного погрузчика;3;Свердловская область;05.08.2026 — 05.09.2026
шины вилочных погрузчиков 5.00 8;3;Свердловская область;05.08.2026 — 05.09.2026
весы для вилочного погрузчика;3;Свердловская область;05.08.2026 — 05.09.2026
вилочный погрузчик тн вэд;3;Свердловская область;05.08.2026 — 05.09.2026
погрузчик электрический вилочный heli;3;Свердловская область;05.08.2026 — 05.09.2026
ростехнадзор вилочные погрузчики;3;Свердловская область;05.08.2026 — 05.09.2026
аренда вилочного погрузчика с водителем;3;Свердловская область;05.08.2026 — 05.09.2026
псм вилочный погрузчик;3;Свердловская область;05.08.2026 — 05.09.2026
аккумуляторная батарея вилочного погрузчика;3;Свердловская область;05.08.2026 — 05.09.2026
вилочный погрузчик электрический двигатель;3;Свердловская область;05.08.2026 — 05.09.2026
высота вил вилочного погрузчика;3;Свердловская область;05.08.2026 — 05.09.2026
захват крюковой для вилочных погрузчиков;3;Свердловская область;05.08.2026 — 05.09.2026
охрана труда вилочного погрузчика;3;Свердловская область;05.08.2026 — 05.09.2026
пневматические шины для вилочных погрузчиков;3;Свердловская область;05.08.2026 — 05.09.2026
погрузчики вилочные грузоподъемность 2 тонны;3;Свердловская область;05.08.2026 — 05.09.2026
фары на вилочный погрузчик;3;Свердловская область;05.08.2026 — 05.09.2026
запчасти на вилочный погрузчик heli;3;Свердловская область;05.08.2026 — 05.09.2026
погрузчик вилочный литий ионный;3;Свердловская область;05.08.2026 — 05.09.2026
какая категория водитель вилочного погрузчика;3;Свердловская область;05.08.2026 — 05.09.2026
замена масла на вилочном погрузчике;3;Свердловская область;05.08.2026 — 05.09.2026
погрузчик вилочный болгарский;3;Свердловская область;05.08.2026 — 05.09.2026
права водителя погрузчика вилочного;3;Свердловская область;05.08.2026 — 05.09.2026
вилочный погрузчик учебный;3;Свердловская область;05.08.2026 — 05.09.2026
обзор вилочных погрузчиков;3;Свердловская область;05.08.2026 — 05.09.2026
удостоверение на вилочный погрузчик;3;Свердловская область;05.08.2026 — 05.09.2026
фильтр топливный вилочного погрузчика;3;Свердловская область;05.08.2026 — 05.09.2026
jac h35 вилочный погрузчик;3;Свердловская область;05.08.2026 — 05.09.2026
аренда вилочного погрузчика в москве;3;Свердловская область;05.08.2026 — 05.09.2026
вакансии вилочного погрузчика в москве;3;Свердловская область;05.08.2026 — 05.09.2026
вилочные погрузчики грузоподъемностью 5т;3;Свердловская область;05.08.2026 — 05.09.2026
вилочный погрузчик 3 5т;3;Свердловская область;05.08.2026 — 05.09.2026
вилочный погрузчик зарплата;3;Свердловская область;05.08.2026 — 05.09.2026
водитель вилочного погрузчика вакансии в москве;3;Свердловская область;05.08.2026 — 05.09.2026
водитель вилочного погрузчика москва;3;Свердловская область;05.08.2026 — 05.09.2026
зарплата водителя вилочного погрузчика;3;Свердловская область;05.08.2026 — 05.09.2026
погрузчик вилочный краснодар;3;Свердловская область;05.08.2026 — 05.09.2026
продам вилочный погрузчик бу;3;Свердловская область;05.08.2026 — 05.09.2026
учеба на вилочный погрузчик;3;Свердловская область;05.08.2026 — 05.09.2026
электрический вилочный погрузчик 2 тонны;3;Свердловская область;05.08.2026 — 05.09.2026
отопитель для погрузчика;3;Свердловская область;05.08.2026 — 05.09.2026
захват для бочек на погрузчик;3;Свердловская область;05.08.2026 — 05.09.2026
фильтры для китайских погрузчиков;3;Свердловская область;05.08.2026 — 05.09.2026
запчасти для погрузчика sdlg;3;Свердловская область;05.08.2026 — 05.09.2026
запчасти для фронтального погрузчика sdlg;3;Свердловская область;05.08.2026 — 05.09.2026
аккумулятор для погрузчика москва;3;Свердловская область;05.08.2026 — 05.09.2026
погрузчик для сена на заднюю навеску;3;Свердловская область;05.08.2026 — 05.09.2026
мод погрузчики для фс 22;3;Свердловская область;05.08.2026 — 05.09.2026
смазка для пальцев погрузчика;3;Свердловская область;05.08.2026 — 05.09.2026
смазка для стрелы погрузчика;3;Свердловская область;05.08.2026 — 05.09.2026
шланг для погрузчика;3;Свердловская область;05.08.2026 — 05.09.2026
прицеп для мини погрузчиков;3;Свердловская область;05.08.2026 — 05.09.2026
джойстик для фронтального погрузчика;3;Свердловская область;05.08.2026 — 05.09.2026
распределитель для погрузчика;3;Свердловская область;05.08.2026 — 05.09.2026
что нужно для работы на погрузчике;3;Свердловская область;05.08.2026 — 05.09.2026
погрузчик для дорог;3;Свердловская область;05.08.2026 — 05.09.2026
подушка для погрузчика;3;Свердловская область;05.08.2026 — 05.09.2026
какая справка нужна для погрузчика;3;Свердловская область;05.08.2026 — 05.09.2026
какие права нужны для управления экскаватором погрузчиком;3;Свердловская область;05.08.2026 — 05.09.2026
права для управления экскаватором погрузчиком;3;Свердловская область;05.08.2026 — 05.09.2026
шины для погрузчика цена;3;Свердловская область;05.08.2026 — 05.09.2026
погрузчик для чистки снега;3;Свердловская область;05.08.2026 — 05.09.2026
изготовление ковшей для погрузчиков;3;Свердловская область;05.08.2026 — 05.09.2026
лобовой для погрузчика;3;Свердловская область;05.08.2026 — 05.09.2026
лобовые стекла для погрузчиков;3;Свердловская область;05.08.2026 — 05.09.2026
водительские права для погрузчика;3;Свердловская область;05.08.2026 — 05.09.2026
корпус фильтра для погрузчика;3;Свердловская область;05.08.2026 — 05.09.2026
быстросъем для погрузчика;3;Свердловская область;05.08.2026 — 05.09.2026
контакты для погрузчика;3;Свердловская область;05.08.2026 — 05.09.2026
косилка для погрузчика;3;Свердловская область;05.08.2026 — 05.09.2026
погрузчики для фс 15;3;Свердловская область;05.08.2026 — 05.09.2026
телескопические вилы для погрузчика;3;Свердловская область;05.08.2026 — 05.09.2026
шины 23.5 25 для фронтального погрузчика;3;Свердловская область;05.08.2026 — 05.09.2026
шины для погрузчика 23.5 25;3;Свердловская область;05.08.2026 — 05.09.2026
корзина для погрузчика;3;Свердловская область;05.08.2026 — 05.09.2026
16 70 24 шина для погрузчика;3;Свердловская область;05.08.2026 — 05.09.2026
ремень для погрузчика;3;Свердловская область;05.08.2026 — 05.09.2026
вилы для погрузчиков размеры;3;Свердловская область;05.08.2026 — 05.09.2026
погрузчик для ящиков;3;Свердловская область;05.08.2026 — 05.09.2026
пандус для погрузчика;3;Свердловская область;05.08.2026 — 05.09.2026
шнек для погрузчика;3;Свердловская область;05.08.2026 — 05.09.2026
6 50 10 для погрузчика;3;Свердловская область;05.08.2026 — 05.09.2026
китайский двигатель для погрузчика;3;Свердловская область;05.08.2026 — 05.09.2026
курсы для погрузчиков;3;Свердловская область;05.08.2026 — 05.09.2026
работа для водителя фронтального погрузчика;3;Свердловская область;05.08.2026 — 05.09.2026
боковое стекло для погрузчика;3;Свердловская область;05.08.2026 — 05.09.2026
купить фильтры для погрузчика;3;Свердловская область;05.08.2026 — 05.09.2026
ключ для погрузчика;3;Свердловская область;05.08.2026 — 05.09.2026
документы для регистрации погрузчика;3;Свердловская область;05.08.2026 — 05.09.2026
запчасти для погрузчиков komatsu;3;Свердловская область;05.08.2026 — 05.09.2026
люлька для погрузчика;3;Свердловская область;05.08.2026 — 05.09.2026
люлька для погрузчика вилочного;3;Свердловская область;05.08.2026 — 05.09.2026
масляный фильтр для погрузчика;3;Свердловская область;05.08.2026 — 05.09.2026
окз водитель погрузчика для сзв тд;3;Свердловская область;05.08.2026 — 05.09.2026
окз для водителя погрузчика;3;Свердловская область;05.08.2026 — 05.09.2026
программа обучения для водителя погрузчика;3;Свердловская область;05.08.2026 — 05.09.2026
противоскольжение для погрузчика;3;Свердловская область;05.08.2026 — 05.09.2026
трап для погрузчика;3;Свердловская область;05.08.2026 — 05.09.2026
цепи противоскольжения для погрузчиков;3;Свердловская область;05.08.2026 — 05.09.2026
шины ураган для фронтальных погрузчиков;3;Свердловская область;05.08.2026 — 05.09.2026
паллетные вилы для погрузчика;3;Свердловская область;05.08.2026 — 05.09.2026
пальцы и втулки для погрузчиков;3;Свердловская область;05.08.2026 — 05.09.2026
путевой лист для погрузчика образец;3;Свердловская область;05.08.2026 — 05.09.2026
чертеж вил для погрузчика;3;Свердловская область;05.08.2026 — 05.09.2026
погрузчик для металла;3;Свердловская область;05.08.2026 — 05.09.2026
покрышка 6.50 10 для погрузчика;3;Свердловская область;05.08.2026 — 05.09.2026
7.00 12 шины для погрузчика;3;Свердловская область;05.08.2026 — 05.09.2026
аккумуляторная батарея для вилочного погрузчика;3;Свердловская область;05.08.2026 — 05.09.2026
виды навесного для погрузчика;3;Свердловская область;05.08.2026 — 05.09.2026
вилы для погрузчика 2 метра;3;Свердловская область;05.08.2026 — 05.09.2026
двигатель для вилочного погрузчика;3;Свердловская область;05.08.2026 — 05.09.2026
зарядное устройство для электрического погрузчика;3;Свердловская область;05.08.2026 — 05.09.2026
крюковой захват для погрузчика;3;Свердловская область;05.08.2026 — 05.09.2026
купить навесное для погрузчика;3;Свердловская область;05.08.2026 — 05.09.2026
навесное оборудование для погрузчиков купить;3;Свердловская область;05.08.2026 — 05.09.2026
тяговые акб для погрузчиков;3;Свердловская область;05.08.2026 — 05.09.2026
тяговые аккумуляторные батареи для погрузчиков;3;Свердловская область;05.08.2026 — 05.09.2026
шина 20.5 25 для фронтального погрузчика;3;Свердловская область;05.08.2026 — 05.09.2026
шины 20.5 25 для фронтального погрузчика купить;3;Свердловская область;05.08.2026 — 05.09.2026
скачать мод погрузчик для фс 19;3;Свердловская область;05.08.2026 — 05.09.2026
скачать погрузчики для фс 19;3;Свердловская область;05.08.2026 — 05.09.2026
фильтр воздушный для вилочного погрузчика;3;Свердловская область;05.08.2026 — 05.09.2026
планировочный ковш для погрузчика;3;Свердловская область;05.08.2026 — 05.09.2026
захваты для фронтальных погрузчиков;3;Свердловская область;05.08.2026 — 05.09.2026
купить захват для погрузчика;3;Свердловская область;05.08.2026 — 05.09.2026
подшипник для погрузчика;3;Свердловская область;05.08.2026 — 05.09.2026
документы для водителя погрузчика;3;Свердловская область;05.08.2026 — 05.09.2026
навес для погрузчика;3;Свердловская область;05.08.2026 — 05.09.2026
оборудование для мини погрузчиков;3;Свердловская область;05.08.2026 — 05.09.2026
для чего нужен мини погрузчик;3;Свердловская область;05.08.2026 — 05.09.2026
челюстной ковш для погрузчика;3;Свердловская область;05.08.2026 — 05.09.2026
какая категория нужна для телескопического погрузчика;3;Свердловская область;05.08.2026 — 05.09.2026
какие документы нужны для погрузчика;3;Свердловская область;05.08.2026 — 05.09.2026
погрузчик для авто;3;Свердловская область;05.08.2026 — 05.09.2026
мини погрузчик для огорода;3;Свердловская область;05.08.2026 — 05.09.2026
кара для погрузчика;3;Свердловская область;05.08.2026 — 05.09.2026
погрузчик для рулонов;3;Свердловская область;05.08.2026 — 05.09.2026
что нужно для фронтального погрузчика;3;Свердловская область;05.08.2026 — 05.09.2026
радиатор масляный для погрузчика;3;Свердловская область;05.08.2026 — 05.09.2026
погрузчик вилочный новый цена;2;Свердловская область;05.08.2026 — 05.09.2026
аренда вилочного погрузчика с водителем цена;2;Свердловская область;05.08.2026 — 05.09.2026
вилочный погрузчик бу купить балканкар;2;Свердловская область;05.08.2026 — 05.09.2026
купить вилочный погрузчик 3 тонны бу;2;Свердловская область;05.08.2026 — 05.09.2026
дром купить вилочный погрузчик;2;Свердловская область;05.08.2026 — 05.09.2026
погрузчики вилочные дизельные б у купить;2;Свердловская область;05.08.2026 — 05.09.2026
вилочные погрузчики казань купить;2;Свердловская область;05.08.2026 — 05.09.2026
купить вилочный погрузчик 10;2;Свердловская область;05.08.2026 — 05.09.2026
мягкая кабина для вилочного погрузчика купить;2;Свердловская область;05.08.2026 — 05.09.2026
вилочный погрузчик для склада купить;2;Свердловская область;05.08.2026 — 05.09.2026
купить вилочный погрузчик хендай;2;Свердловская область;05.08.2026 — 05.09.2026
купить погрузчик вилочный 1.5 б у;2;Свердловская область;05.08.2026 — 05.09.2026
запчасти для китайских вилочных погрузчиков;2;Свердловская область;05.08.2026 — 05.09.2026
запчасти для вилочных погрузчиков jac;2;Свердловская область;05.08.2026 — 05.09.2026
вилочный погрузчик bull;2;Свердловская область;05.08.2026 — 05.09.2026
гидрораспределитель вилочный погрузчик;2;Свердловская область;05.08.2026 — 05.09.2026
работа на вилочном дизельном погрузчике;2;Свердловская область;05.08.2026 — 05.09.2026
погрузчик вилочный отучиться;2;Свердловская область;05.08.2026 — 05.09.2026
сколько стоит отучиться на вилочный погрузчик;2;Свердловская область;05.08.2026 — 05.09.2026
вилочный погрузчик jac cpcd25;2;Свердловская область;05.08.2026 — 05.09.2026
давление в шинах вилочного погрузчика 3 тонны;2;Свердловская область;05.08.2026 — 05.09.2026
ошибки вилочный погрузчик ниссан;2;Свердловская область;05.08.2026 — 05.09.2026
печка вилочного погрузчика;2;Свердловская область;05.08.2026 — 05.09.2026
электрический вилочный погрузчик hangcha;2;Свердловская область;05.08.2026 — 05.09.2026
цепь на вилочный погрузчик;2;Свердловская область;05.08.2026 — 05.09.2026
масляный фильтр на вилочный погрузчик тойота;2;Свердловская область;05.08.2026 — 05.09.2026
опорный подшипник на вилочный погрузчик;2;Свердловская область;05.08.2026 — 05.09.2026
профессия водитель вилочного погрузчика;2;Свердловская область;05.08.2026 — 05.09.2026
армянский вилочный погрузчик;2;Свердловская область;05.08.2026 — 05.09.2026
вилочный погрузчик ижевск;2;Свердловская область;05.08.2026 — 05.09.2026
день вилочного погрузчика;2;Свердловская область;05.08.2026 — 05.09.2026
домкрат для погрузчика вилочного;2;Свердловская область;05.08.2026 — 05.09.2026
конструктор вилочный погрузчик;2;Свердловская область;05.08.2026 — 05.09.2026
малый вилочный погрузчик;2;Свердловская область;05.08.2026 — 05.09.2026
погрузчик вилочный 3.5 т;2;Свердловская область;05.08.2026 — 05.09.2026
подвеска вилочного погрузчика;2;Свердловская область;05.08.2026 — 05.09.2026
приспособления для вилочного погрузчика;2;Свердловская область;05.08.2026 — 05.09.2026
ручной вилочный погрузчик для складов;2;Свердловская область;05.08.2026 — 05.09.2026
сборка вилочного погрузчика;2;Свердловская область;05.08.2026 — 05.09.2026
снеговой отвал на вилочный погрузчик;2;Свердловская область;05.08.2026 — 05.09.2026
цепь мачты для вилочного погрузчика;2;Свердловская область;05.08.2026 — 05.09.2026
ямобур на вилочный погрузчик;2;Свердловская область;05.08.2026 — 05.09.2026
неисправности вилочных погрузчиков;2;Свердловская область;05.08.2026 — 05.09.2026
погрузчик вилочный снять;2;Свердловская область;05.08.2026 — 05.09.2026
вилочный погрузчик вездеход;2;Свердловская область;05.08.2026 — 05.09.2026
вилочный погрузчик ру;2;Свердловская область;05.08.2026 — 05.09.2026
колодки на вилочный погрузчик;2;Свердловская область;05.08.2026 — 05.09.2026
погрузчик вилочный зеленый;2;Свердловская область;05.08.2026 — 05.09.2026
рулевая балка вилочный погрузчик;2;Свердловская область;05.08.2026 — 05.09.2026
чехол на сиденье вилочного погрузчика;2;Свердловская область;05.08.2026 — 05.09.2026
вилочный погрузчик fd 30;2;Свердловская область;05.08.2026 — 05.09.2026
вилочный погрузчик хелли;2;Свердловская область;05.08.2026 — 05.09.2026
контейнер под вилочный погрузчик;2;Свердловская область;05.08.2026 — 05.09.2026
вилочный погрузчик hangcha cpcd15;2;Свердловская область;05.08.2026 — 05.09.2026
гбо на вилочный погрузчик;2;Свердловская область;05.08.2026 — 05.09.2026
тяжелый вилочный погрузчик;2;Свердловская область;05.08.2026 — 05.09.2026
вилочный погрузчик требования;2;Свердловская область;05.08.2026 — 05.09.2026
вилочный погрузчик 3 5 тонны дизельный;2;Свердловская область;05.08.2026 — 05.09.2026
вилочный погрузчик jungheinrich;2;Свердловская область;05.08.2026 — 05.09.2026
вилочный погрузчик sany;2;Свердловская область;05.08.2026 — 05.09.2026
вилочный погрузчик в лизинг;2;Свердловская область;05.08.2026 — 05.09.2026
погрузчик вилочный дизельный 3 5;2;Свердловская область;05.08.2026 — 05.09.2026
права на управление вилочным погрузчиком;2;Свердловская область;05.08.2026 — 05.09.2026
двигатель тойота погрузчик вилочный;2;Свердловская область;05.08.2026 — 05.09.2026
погрузчики вилочные дизельные б у;2;Свердловская область;05.08.2026 — 05.09.2026
вилочный погрузчик тфн;2;Свердловская область;05.08.2026 — 05.09.2026
номера на вилочном погрузчике;2;Свердловская область;05.08.2026 — 05.09.2026
вилочный погрузчик 15 тонн;2;Свердловская область;05.08.2026 — 05.09.2026
японские погрузчики вилочные;2;Свердловская область;05.08.2026 — 05.09.2026
вилочный погрузчик балканкар 3.5;2;Свердловская область;05.08.2026 — 05.09.2026
вилочный погрузчик подъем человека;2;Свердловская область;05.08.2026 — 05.09.2026
вилочный погрузчик своими руками;2;Свердловская область;05.08.2026 — 05.09.2026
замок двери вилочный погрузчик;2;Свердловская область;05.08.2026 — 05.09.2026
корзина для вилочного погрузчика;2;Свердловская область;05.08.2026 — 05.09.2026
корзина для вилочного погрузчика для подъема людей;2;Свердловская область;05.08.2026 — 05.09.2026
отвал для вилочного погрузчика своими руками;2;Свердловская область;05.08.2026 — 05.09.2026
управление вилочным погрузчиком toyota;2;Свердловская область;05.08.2026 — 05.09.2026
магнитола в вилочный погрузчик;2;Свердловская область;05.08.2026 — 05.09.2026
тракторные права на вилочный погрузчик;2;Свердловская область;05.08.2026 — 05.09.2026
вилочные погрузчики дилер;2;Свердловская область;05.08.2026 — 05.09.2026
вилочные погрузчики официальные дилеры;2;Свердловская область;05.08.2026 — 05.09.2026
запчасти вилочные погрузчики toyota;2;Свердловская область;05.08.2026 — 05.09.2026
производители вилочных погрузчиков в россии;2;Свердловская область;05.08.2026 — 05.09.2026
руль вилочного погрузчика;2;Свердловская область;05.08.2026 — 05.09.2026
рамка вилочного погрузчика;2;Свердловская область;05.08.2026 — 05.09.2026
амортизация вилочного погрузчика;2;Свердловская область;05.08.2026 — 05.09.2026
главный тормозной цилиндр вилочный погрузчик;2;Свердловская область;05.08.2026 — 05.09.2026
главный цилиндр для вилочного погрузчика;2;Свердловская область;05.08.2026 — 05.09.2026
вилочный погрузчик люгонг;2;Свердловская область;05.08.2026 — 05.09.2026
ширина вил вилочного погрузчика;2;Свердловская область;05.08.2026 — 05.09.2026
кузов вилочного погрузчика;2;Свердловская область;05.08.2026 — 05.09.2026
как называется вилочный погрузчик правильно;2;Свердловская область;05.08.2026 — 05.09.2026
тяговый аккумулятор для вилочного погрузчика;2;Свердловская область;05.08.2026 — 05.09.2026
акб для вилочного погрузчика;2;Свердловская область;05.08.2026 — 05.09.2026
вилочные погрузчики казань;2;Свердловская область;05.08.2026 — 05.09.2026
вилочные погрузчики хундай;2;Свердловская область;05.08.2026 — 05.09.2026
вилочный погрузчик 40912 01;2;Свердловская область;05.08.2026 — 05.09.2026
вилочный погрузчик forklift;2;Свердловская область;05.08.2026 — 05.09.2026
вилочный погрузчик leotrack;2;Свердловская область;05.08.2026 — 05.09.2026
вилочный погрузчик toyota 8fd15;2;Свердловская область;05.08.2026 — 05.09.2026
вилочный погрузчик балканкар бу;2;Свердловская область;05.08.2026 — 05.09.2026
вилочный погрузчик чза;2;Свердловская область;05.08.2026 — 05.09.2026
вилочный погрузчик чза 40912;2;Свердловская область;05.08.2026 — 05.09.2026
вилочный погрузчик чза 40912 01;2;Свердловская область;05.08.2026 — 05.09.2026
вилочный погрузчик яле;2;Свердловская область;05.08.2026 — 05.09.2026
водитель вилочного погрузчика фото;2;Свердловская область;05.08.2026 — 05.09.2026
гидравлический фильтр вилочного погрузчика;2;Свердловская область;05.08.2026 — 05.09.2026
грузовичок лева вилочный погрузчик;2;Свердловская область;05.08.2026 — 05.09.2026
дизельный вилочный погрузчик trf d30 3x5;2;Свердловская область;05.08.2026 — 05.09.2026
нужно ли регистрировать вилочный погрузчик;2;Свердловская область;05.08.2026 — 05.09.2026
оквэд вилочный погрузчик;2;Свердловская область;05.08.2026 — 05.09.2026
передний мост вилочного погрузчика;2;Свердловская область;05.08.2026 — 05.09.2026
погрузчик вилочный красный;2;Свердловская область;05.08.2026 — 05.09.2026
погрузчик вилочный чза коробка передач;2;Свердловская область;05.08.2026 — 05.09.2026
продажа вилочного погрузчика бу;2;Свердловская область;05.08.2026 — 05.09.2026
российские вилочные погрузчики;2;Свердловская область;05.08.2026 — 05.09.2026
срок эксплуатации погрузчика вилочного;2;Свердловская область;05.08.2026 — 05.09.2026
ставим на учет погрузчик вилочный;2;Свердловская область;05.08.2026 — 05.09.2026
что значит вилочный погрузчик;2;Свердловская область;05.08.2026 — 05.09.2026
шины 5.00 8 цельнолитая для вилочных погрузчиков;2;Свердловская область;05.08.2026 — 05.09.2026
щетка на вилочный погрузчик;2;Свердловская область;05.08.2026 — 05.09.2026
электрический вилочный погрузчик trf;2;Свердловская область;05.08.2026 — 05.09.2026
электронный вилочный погрузчик;2;Свердловская область;05.08.2026 — 05.09.2026
удлинители вил для вилочного погрузчика;2;Свердловская область;05.08.2026 — 05.09.2026
вилочный погрузчик 71;2;Свердловская область;05.08.2026 — 05.09.2026
зарядка вилочного погрузчика;2;Свердловская область;05.08.2026 — 05.09.2026
мощность вилочного погрузчика квт;2;Свердловская область;05.08.2026 — 05.09.2026
погрузчик вилочный противоскольжения;2;Свердловская область;05.08.2026 — 05.09.2026
правила на вилочный погрузчик;2;Свердловская область;05.08.2026 — 05.09.2026
8 15 15 шина вилочный погрузчик;2;Свердловская область;05.08.2026 — 05.09.2026
вилочный погрузчик 6 метров;2;Свердловская область;05.08.2026 — 05.09.2026
вилочный погрузчик из японии;2;Свердловская область;05.08.2026 — 05.09.2026
вилочный погрузчик карта;2;Свердловская область;05.08.2026 — 05.09.2026
вилочный погрузчик онлайн;2;Свердловская область;05.08.2026 — 05.09.2026
задние колеса на вилочный погрузчик;2;Свердловская область;05.08.2026 — 05.09.2026
как правильно управлять вилочным погрузчиком;2;Свердловская область;05.08.2026 — 05.09.2026
ковш для вилочного погрузчика для уборки снега;2;Свердловская область;05.08.2026 — 05.09.2026
ковш для снега на вилочный погрузчик;2;Свердловская область;05.08.2026 — 05.09.2026
погрузчик вилочный 4 метра;2;Свердловская область;05.08.2026 — 05.09.2026
погрузчик вилочный электрический 2000;2;Свердловская область;05.08.2026 — 05.09.2026
шины для вилочного погрузчика 6.50 10;2;Свердловская область;05.08.2026 — 05.09.2026
экскаватор вилочный погрузчик;2;Свердловская область;05.08.2026 — 05.09.2026
вилочный погрузчик на дорогах общего пользования;2;Свердловская область;05.08.2026 — 05.09.2026
вилочный погрузчик linde;2;Свердловская область;05.08.2026 — 05.09.2026
вилочный погрузчик твэкс;2;Свердловская область;05.08.2026 — 05.09.2026
камера 28х9 15 для вилочного погрузчика;2;Свердловская область;05.08.2026 — 05.09.2026
вилочные погрузчики noblelift;2;Свердловская область;05.08.2026 — 05.09.2026
вилочный дизельный погрузчик 5т;2;Свердловская область;05.08.2026 — 05.09.2026
вилочный погрузчик параметры;2;Свердловская область;05.08.2026 — 05.09.2026
вакансия водитель погрузчика новосибирске вилочного;2;Свердловская область;05.08.2026 — 05.09.2026
вилочный погрузчик новосибирск;2;Свердловская область;05.08.2026 — 05.09.2026
водитель вилочного погрузчика новосибирск;2;Свердловская область;05.08.2026 — 05.09.2026
погрузчик вилочный вакансии новосибирск;2;Свердловская область;05.08.2026 — 05.09.2026
вилочный погрузчик 5тн;2;Свердловская область;05.08.2026 — 05.09.2026
вилочные погрузчики размер шин;2;Свердловская область;05.08.2026 — 05.09.2026
лобовое стекло вилочный погрузчик;2;Свердловская область;05.08.2026 — 05.09.2026
применение вилочного погрузчика;2;Свердловская область;05.08.2026 — 05.09.2026
товары на вилочный погрузчик;2;Свердловская область;05.08.2026 — 05.09.2026
резина для вилочных погрузчиков;2;Свердловская область;05.08.2026 — 05.09.2026
цельнолитая резина для вилочного погрузчика;2;Свердловская область;05.08.2026 — 05.09.2026
шины на вилочный погрузчик 7.00 12;2;Свердловская область;05.08.2026 — 05.09.2026
doosan вилочный погрузчик запчасти;2;Свердловская область;05.08.2026 — 05.09.2026
вилочный погрузчик луганск;2;Свердловская область;05.08.2026 — 05.09.2026
вилочный погрузчик ссср;2;Свердловская область;05.08.2026 — 05.09.2026
диск колесный для вилочного погрузчика;2;Свердловская область;05.08.2026 — 05.09.2026
кулак поворотный вилочного погрузчика;2;Свердловская область;05.08.2026 — 05.09.2026
масло для вилочного погрузчика;2;Свердловская область;05.08.2026 — 05.09.2026
сдать на вилочный погрузчик;2;Свердловская область;05.08.2026 — 05.09.2026
сдать на права вилочного погрузчика;2;Свердловская область;05.08.2026 — 05.09.2026
масло в гидравлику вилочного погрузчика;2;Свердловская область;05.08.2026 — 05.09.2026
аренда телескопического вилочного погрузчика;2;Свердловская область;05.08.2026 — 05.09.2026
вилочный погрузчик стажировка;2;Свердловская область;05.08.2026 — 05.09.2026
водитель вилочного погрузчика какая категория нужна;2;Свердловская область;05.08.2026 — 05.09.2026
водитель вилочного погрузчика какая категория прав;2;Свердловская область;05.08.2026 — 05.09.2026
водитель вилочного погрузчика какая категория прав нужна;2;Свердловская область;05.08.2026 — 05.09.2026
водитель вилочного погрузчика какие права нужны;2;Свердловская область;05.08.2026 — 05.09.2026
водитель вилочного погрузчика категория прав;2;Свердловская область;05.08.2026 — 05.09.2026
вилочный погрузчик длина;2;Свердловская область;05.08.2026 — 05.09.2026
дизельный погрузчик вилочный характеристики;2;Свердловская область;05.08.2026 — 05.09.2026
вилочный погрузчик бу 3 тонны;2;Свердловская область;05.08.2026 — 05.09.2026
лучший вилочный погрузчик;2;Свердловская область;05.08.2026 — 05.09.2026
отвал для снега для вилочного погрузчика;2;Свердловская область;05.08.2026 — 05.09.2026
отвал на вилочный погрузчик для уборки снега;2;Свердловская область;05.08.2026 — 05.09.2026
размеры колес погрузчика вилочного;2;Свердловская область;05.08.2026 — 05.09.2026
техническое обслуживание вилочного погрузчика;2;Свердловская область;05.08.2026 — 05.09.2026
вилочные погрузчики тойота краснодар;2;Свердловская область;05.08.2026 — 05.09.2026
вилочный погрузчик благовещенск;2;Свердловская область;05.08.2026 — 05.09.2026
вилочный погрузчик комацу 1.5;2;Свердловская область;05.08.2026 — 05.09.2026
вилочный погрузчик комацу 1.5 тонны;2;Свердловская область;05.08.2026 — 05.09.2026
вилочный погрузчик курсы;2;Свердловская область;05.08.2026 — 05.09.2026
вилочный погрузчик москва и московская область;2;Свердловская область;05.08.2026 — 05.09.2026
вилочный погрузчик московская область;2;Свердловская область;05.08.2026 — 05.09.2026
вилочный погрузчик на гусеничном ходу;2;Свердловская область;05.08.2026 — 05.09.2026
вилочный погрузчик пермь вакансии;2;Свердловская область;05.08.2026 — 05.09.2026
дизельный вилочный погрузчик heli;2;Свердловская область;05.08.2026 — 05.09.2026
дизельный погрузчик вилочный какое масло заливать;2;Свердловская область;05.08.2026 — 05.09.2026
колеса передние на вилочный погрузчик;2;Свердловская область;05.08.2026 — 05.09.2026
корочки на вилочный погрузчик;2;Свердловская область;05.08.2026 — 05.09.2026
курсы водителя вилочного погрузчика;2;Свердловская область;05.08.2026 — 05.09.2026
погрузчик вилочный 1.5 б у;2;Свердловская область;05.08.2026 — 05.09.2026
погрузчик вилочный 3т электрический;2;Свердловская область;05.08.2026 — 05.09.2026
погрузчик вилочный ручной гидравлический;2;Свердловская область;05.08.2026 — 05.09.2026
работа вахта вилочный погрузчик;2;Свердловская область;05.08.2026 — 05.09.2026
работа водителем вилочного погрузчика вахта;2;Свердловская область;05.08.2026 — 05.09.2026
разряды водителя вилочного погрузчика;2;Свердловская область;05.08.2026 — 05.09.2026
тормозная система на вилочном погрузчике тойота;2;Свердловская область;05.08.2026 — 05.09.2026
шпильки на вилочный погрузчик;2;Свердловская область;05.08.2026 — 05.09.2026
шпильки на вилочный погрузчик переднего колеса;2;Свердловская область;05.08.2026 — 05.09.2026
ручные погрузчики для склада;2;Свердловская область;05.08.2026 — 05.09.2026
погрузчик для склада купить;2;Свердловская область;05.08.2026 — 05.09.2026
электрическая кара погрузчик для склада;2;Свердловская область;05.08.2026 — 05.09.2026
трансмиссионное масло для погрузчика;2;Свердловская область;05.08.2026 — 05.09.2026
название для погрузчика;2;Свердловская область;05.08.2026 — 05.09.2026
для колес мини погрузчика;2;Свердловская область;05.08.2026 — 05.09.2026
предохранитель для погрузчика;2;Свердловская область;05.08.2026 — 05.09.2026
акб для погрузчика тюмень;2;Свердловская область;05.08.2026 — 05.09.2026
аккумулятор для погрузчика электрического;2;Свердловская область;05.08.2026 — 05.09.2026
коврики для погрузчиков;2;Свердловская область;05.08.2026 — 05.09.2026
мачта для вилочного погрузчика;2;Свердловская область;05.08.2026 — 05.09.2026
нож для ковша фронтального погрузчика 2500х250х25мм;2;Свердловская область;05.08.2026 — 05.09.2026
погрузчик для разгрузки;2;Свердловская область;05.08.2026 — 05.09.2026
подработка для водителя погрузчика;2;Свердловская область;05.08.2026 — 05.09.2026
ручной погрузчик для поддонов;2;Свердловская область;05.08.2026 — 05.09.2026
сиденье для экскаватора погрузчика;2;Свердловская область;05.08.2026 — 05.09.2026
экскаватор погрузчик для дома;2;Свердловская область;05.08.2026 — 05.09.2026
лизинг экскаватор погрузчик для физических;2;Свердловская область;05.08.2026 — 05.09.2026
погрузчик в лизинг для физических лиц;2;Свердловская область;05.08.2026 — 05.09.2026
экскаватор погрузчик в лизинг для физических лиц;2;Свердловская область;05.08.2026 — 05.09.2026
медкомиссия для погрузчика;2;Свердловская область;05.08.2026 — 05.09.2026
газовое оборудование для погрузчика;2;Свердловская область;05.08.2026 — 05.09.2026
гидравлические фильтры для погрузчиков;2;Свердловская область;05.08.2026 — 05.09.2026
гидравлическое масло для фронтальных погрузчиков;2;Свердловская область;05.08.2026 — 05.09.2026
запчасти для китайских фронтальных погрузчиков;2;Свердловская область;05.08.2026 — 05.09.2026
кнопка для джойстика погрузчика;2;Свердловская область;05.08.2026 — 05.09.2026
колеса для погрузчика 6.50 10;2;Свердловская область;05.08.2026 — 05.09.2026
магазин для китайских погрузчиков;2;Свердловская область;05.08.2026 — 05.09.2026
магазин запчастей для китайских погрузчика;2;Свердловская область;05.08.2026 — 05.09.2026
платы для погрузчиков;2;Свердловская область;05.08.2026 — 05.09.2026
погрузчик для мешков;2;Свердловская область;05.08.2026 — 05.09.2026
руль для погрузчика;2;Свердловская область;05.08.2026 — 05.09.2026
цельнолитые колеса для погрузчиков 8.15 15;2;Свердловская область;05.08.2026 — 05.09.2026
шины 28 9 15 для погрузчика купить;2;Свердловская область;05.08.2026 — 05.09.2026
погрузчик для улицы;2;Свердловская область;05.08.2026 — 05.09.2026
погрузчики для биг бэгов;2;Свердловская область;05.08.2026 — 05.09.2026
погрузчики для тракторов мтз;2;Свердловская область;05.08.2026 — 05.09.2026
симулятор для погрузчика;2;Свердловская область;05.08.2026 — 05.09.2026
вакансия для экскаватора погрузчика;2;Свердловская область;05.08.2026 — 05.09.2026
какие права нужны для вилочного погрузчика;2;Свердловская область;05.08.2026 — 05.09.2026
противовес для погрузчиков;2;Свердловская область;05.08.2026 — 05.09.2026
двигатели для фронтальных погрузчиков;2;Свердловская область;05.08.2026 — 05.09.2026
гсм для погрузчика;2;Свердловская область;05.08.2026 — 05.09.2026
крюк для погрузчика;2;Свердловская область;05.08.2026 — 05.09.2026
вилочный погрузчик для подъема людей;2;Свердловская область;05.08.2026 — 05.09.2026
корзина для подъема людей погрузчиком;2;Свердловская область;05.08.2026 — 05.09.2026
краска для погрузчика тойота;2;Свердловская область;05.08.2026 — 05.09.2026
найти работу для погрузчика;2;Свердловская область;05.08.2026 — 05.09.2026
осаго для погрузчика;2;Свердловская область;05.08.2026 — 05.09.2026
осаго для экскаватора погрузчика;2;Свердловская область;05.08.2026 — 05.09.2026
погрузчик для подъема людей;2;Свердловская область;05.08.2026 — 05.09.2026
мальчики сериал для мальчиков погрузчик;2;Свердловская область;05.08.2026 — 05.09.2026
машинки для мальчиков погрузчик;2;Свердловская область;05.08.2026 — 05.09.2026
машинки сериал для мальчиков погрузчик;2;Свердловская область;05.08.2026 — 05.09.2026
погрузчик для мальчиков;2;Свердловская область;05.08.2026 — 05.09.2026
гидромолот для экскаватора погрузчика;2;Свердловская область;05.08.2026 — 05.09.2026
запчасти для мини погрузчика;2;Свердловская область;05.08.2026 — 05.09.2026
купить воздушный фильтр для погрузчика;2;Свердловская область;05.08.2026 — 05.09.2026
шины 7 12 для погрузчика;2;Свердловская область;05.08.2026 — 05.09.2026
быстросъем для экскаватора погрузчика;2;Свердловская область;05.08.2026 — 05.09.2026
главный тормозной цилиндр для погрузчика;2;Свердловская область;05.08.2026 — 05.09.2026
цилиндр для вилочного погрузчика;2;Свердловская область;05.08.2026 — 05.09.2026
кресло для погрузчика;2;Свердловская область;05.08.2026 — 05.09.2026
аппарель для погрузчика;2;Свердловская область;05.08.2026 — 05.09.2026
буровая для погрузчика;2;Свердловская область;05.08.2026 — 05.09.2026
диски колес для погрузчика;2;Свердловская область;05.08.2026 — 05.09.2026
для работы на погрузчике нужны права;2;Свердловская область;05.08.2026 — 05.09.2026
заезд для погрузчика;2;Свердловская область;05.08.2026 — 05.09.2026
запчасти для погрузчиков челябинск;2;Свердловская область;05.08.2026 — 05.09.2026
знаки для погрузчиков;2;Свердловская область;05.08.2026 — 05.09.2026
кабина для фронтального погрузчика;2;Свердловская область;05.08.2026 — 05.09.2026
какие права нужны для работы на погрузчике;2;Свердловская область;05.08.2026 — 05.09.2026
колодка тормозная для погрузчика;2;Свердловская область;05.08.2026 — 05.09.2026
колодки для погрузчика;2;Свердловская область;05.08.2026 — 05.09.2026
контейнерный мостик для погрузчика z 96;2;Свердловская область;05.08.2026 — 05.09.2026
литий для погрузчика;2;Свердловская область;05.08.2026 — 05.09.2026
медицинская справка для погрузчика;2;Свердловская область;05.08.2026 — 05.09.2026
мод на погрузчик для фс 19;2;Свердловская область;05.08.2026 — 05.09.2026
насос гидравлический cb fc32 для погрузчик;2;Свердловская область;05.08.2026 — 05.09.2026
нужна работа для экскаватора погрузчика;2;Свердловская область;05.08.2026 — 05.09.2026
погрузчик для т 40;2;Свердловская область;05.08.2026 — 05.09.2026
путевой лист для фронтального погрузчика;2;Свердловская область;05.08.2026 — 05.09.2026
путевой лист для фронтального погрузчика образец;2;Свердловская область;05.08.2026 — 05.09.2026
ролик для погрузчика;2;Свердловская область;05.08.2026 — 05.09.2026
ролики для вилочных погрузчиков;2;Свердловская область;05.08.2026 — 05.09.2026
справка на погрузчик медицинская для прав;2;Свердловская область;05.08.2026 — 05.09.2026
сталь для ножей погрузчика;2;Свердловская область;05.08.2026 — 05.09.2026
тележки для погрузчиков;2;Свердловская область;05.08.2026 — 05.09.2026
тормоз для вилочного погрузчика;2;Свердловская область;05.08.2026 — 05.09.2026
тормоза для погрузчика;2;Свердловская область;05.08.2026 — 05.09.2026
удлинитель вил для погрузчика купить;2;Свердловская область;05.08.2026 — 05.09.2026
цепи на колеса для погрузчика;2;Свердловская область;05.08.2026 — 05.09.2026
чертежи для мини погрузчика;2;Свердловская область;05.08.2026 — 05.09.2026
шина 8.15 15 для погрузчика;2;Свердловская область;05.08.2026 — 05.09.2026
шина для погрузчика 5.00 8;2;Свердловская область;05.08.2026 — 05.09.2026
шиномонтаж для погрузчика;2;Свердловская область;05.08.2026 — 05.09.2026
шины 5.00 8 для вилочных погрузчиков;2;Свердловская область;05.08.2026 — 05.09.2026
штырь для погрузчика;2;Свердловская область;05.08.2026 — 05.09.2026
для погрузчиков tcm;2;Свердловская область;05.08.2026 — 05.09.2026
права для водителя погрузчика;2;Свердловская область;05.08.2026 — 05.09.2026
стартер для погрузчика балканкар;2;Свердловская область;05.08.2026 — 05.09.2026
стартер м114 для погрузчика;2;Свердловская область;05.08.2026 — 05.09.2026
стартер м114 для погрузчика балканкар;2;Свердловская область;05.08.2026 — 05.09.2026
фильтр для дизельного погрузчика;2;Свердловская область;05.08.2026 — 05.09.2026
диски для фронтальных погрузчиков;2;Свердловская область;05.08.2026 — 05.09.2026
журналы для погрузчика;2;Свердловская область;05.08.2026 — 05.09.2026
запчасти для телескопических погрузчиков;2;Свердловская область;05.08.2026 — 05.09.2026
инструкция для машиниста погрузчика;2;Свердловская область;05.08.2026 — 05.09.2026
инструкция по охране труда для машиниста погрузчика;2;Свердловская область;05.08.2026 — 05.09.2026
каретка для вил погрузчика;2;Свердловская область;05.08.2026 — 05.09.2026
клапаны для погрузчика;2;Свердловская область;05.08.2026 — 05.09.2026
сиз для водителей погрузчиков;2;Свердловская область;05.08.2026 — 05.09.2026
16 70 24 камера для погрузчика;2;Свердловская область;05.08.2026 — 05.09.2026
wilmart запчасти для погрузчиков;2;Свердловская область;05.08.2026 — 05.09.2026
вентиль для погрузчика;2;Свердловская область;05.08.2026 — 05.09.2026
вилы для ковша погрузчика;2;Свердловская область;05.08.2026 — 05.09.2026
вилы для фронтального погрузчика на ковш;2;Свердловская область;05.08.2026 — 05.09.2026
инструкция для водителя погрузчика фронтального;2;Свердловская область;05.08.2026 — 05.09.2026
инструкция для фронтального погрузчика;2;Свердловская область;05.08.2026 — 05.09.2026
ковш для вилочного погрузчика купить;2;Свердловская область;05.08.2026 — 05.09.2026
ковш для погрузчика для уборки снега;2;Свердловская область;05.08.2026 — 05.09.2026
ковш для снега на погрузчик;2;Свердловская область;05.08.2026 — 05.09.2026
код окоф для погрузчика;2;Свердловская область;05.08.2026 — 05.09.2026
купить колесо для погрузчика 18 7 8;2;Свердловская область;05.08.2026 — 05.09.2026
купить шину для вилочного погрузчика;2;Свердловская область;05.08.2026 — 05.09.2026
окоф для погрузчика;2;Свердловская область;05.08.2026 — 05.09.2026
охрана труда для фронтального погрузчика;2;Свердловская область;05.08.2026 — 05.09.2026
удлиненные вилы для погрузчика;2;Свердловская область;05.08.2026 — 05.09.2026
шины 6.50 10 для погрузчиков купить;2;Свердловская область;05.08.2026 — 05.09.2026
шины для погрузчика 6.50 10;2;Свердловская область;05.08.2026 — 05.09.2026
краска для экскаватора погрузчика lgce b879f;2;Свердловская область;05.08.2026 — 05.09.2026
медосмотр для водителей погрузчиков;2;Свердловская область;05.08.2026 — 05.09.2026
шинокомплект для погрузчика;2;Свердловская область;05.08.2026 — 05.09.2026
погрузчик для завода;2;Свердловская область;05.08.2026 — 05.09.2026
разметка для погрузчиков;2;Свердловская область;05.08.2026 — 05.09.2026
камера для погрузчика 28х9 15;2;Свердловская область;05.08.2026 — 05.09.2026
нормы расхода топлива для погрузчиков;2;Свердловская область;05.08.2026 — 05.09.2026
расход топлива для погрузчика;2;Свердловская область;05.08.2026 — 05.09.2026
ковш планировочный для экскаватора погрузчика;2;Свердловская область;05.08.2026 — 05.09.2026
шина 17.5 25 для погрузчика;2;Свердловская область;05.08.2026 — 05.09.2026
шины 17.5 25 для фронтального погрузчика;2;Свердловская область;05.08.2026 — 05.09.2026
шины 17.5 25 для фронтального погрузчика купить;2;Свердловская область;05.08.2026 — 05.09.2026
шины для погрузчика 17.5 25 купить;2;Свердловская область;05.08.2026 — 05.09.2026
купить покрышки для погрузчика;2;Свердловская область;05.08.2026 — 05.09.2026
нужен ли путевой лист для погрузчика;2;Свердловская область;05.08.2026 — 05.09.2026
расширитель вил для погрузчика;2;Свердловская область;05.08.2026 — 05.09.2026
аккумулятор для дизельного погрузчика;2;Свердловская область;05.08.2026 — 05.09.2026
запчасти для погрузчиков тсм;2;Свердловская область;05.08.2026 — 05.09.2026
купить погрузчик для сена;2;Свердловская область;05.08.2026 — 05.09.2026
фронтальный погрузчик для сена;2;Свердловская область;05.08.2026 — 05.09.2026
траншеекопатель для погрузчика;2;Свердловская область;05.08.2026 — 05.09.2026
камера 6.50 10 для погрузчика;2;Свердловская область;05.08.2026 — 05.09.2026
камера для погрузчика 6.50;2;Свердловская область;05.08.2026 — 05.09.2026
комплектующие для погрузчиков;2;Свердловская область;05.08.2026 — 05.09.2026
купить диски для погрузчика;2;Свердловская область;05.08.2026 — 05.09.2026
мини погрузчик для сборки;2;Свердловская область;05.08.2026 — 05.09.2026
нужен фронтальный погрузчик для работ;2;Свердловская область;05.08.2026 — 05.09.2026
фронтальный погрузчик для каких работ нужны;2;Свердловская область;05.08.2026 — 05.09.2026
вакансии для водителей фронтального погрузчика;2;Свердловская область;05.08.2026 — 05.09.2026
виброплита для экскаватора погрузчика;2;Свердловская область;05.08.2026 — 05.09.2026
какой насос использовать для мини погрузчика;2;Свердловская область;05.08.2026 — 05.09.2026
камера 6 50 10 для погрузчика;2;Свердловская область;05.08.2026 — 05.09.2026
ковш для телескопического погрузчика;2;Свердловская область;05.08.2026 — 05.09.2026
масло для погрузчика дизель;2;Свердловская область;05.08.2026 — 05.09.2026
насос гидравлический для мини погрузчик;2;Свердловская область;05.08.2026 — 05.09.2026
погрузчик для зерна;2;Свердловская область;05.08.2026 — 05.09.2026
погрузчик для кормов;2;Свердловская область;05.08.2026 — 05.09.2026
погрузчики для силоса;2;Свердловская область;05.08.2026 — 05.09.2026
система взвешивания для погрузчиков;2;Свердловская область;05.08.2026 — 05.09.2026
удостоверение для погрузчика;2;Свердловская область;05.08.2026 — 05.09.2026
что нужно для управления погрузчиком;2;Свердловская область;05.08.2026 — 05.09.2026
экскаватор погрузчик для чего нужен;2;Свердловская область;05.08.2026 — 05.09.2026
гидромотор для погрузчика;2;Свердловская область;05.08.2026 — 05.09.2026
ремонт аккумуляторов для погрузчика;2;Свердловская область;05.08.2026 — 05.09.2026
отвал на погрузчик для уборки снега;2;Свердловская область;05.08.2026 — 05.09.2026
что нужно для обучения на погрузчик;2;Свердловская область;05.08.2026 — 05.09.2026
гусматик шины для погрузчиков;2;Свердловская область;05.08.2026 — 05.09.2026
категории тракторных прав для погрузчика;2;Свердловская область;05.08.2026 — 05.09.2026
категория для экскаватора погрузчика;2;Свердловская область;05.08.2026 — 05.09.2026
категория прав для экскаватора погрузчика;2;Свердловская область;05.08.2026 — 05.09.2026
погрузчик для рулонов сена;2;Свердловская область;05.08.2026 — 05.09.2026
правила для погрузчика;2;Свердловская область;05.08.2026 — 05.09.2026
купить вилочный погрузчик в свердловской области;1;Свердловская область;05.08.2026 — 05.09.2026
вилочный погрузчик 3 тонны цена купить;1;Свердловская область;05.08.2026 — 05.09.2026
купить вилочный погрузчик новый цена;1;Свердловская область;05.08.2026 — 05.09.2026
вилочный погрузчик комацу 3 тонны цена;1;Свердловская область;05.08.2026 — 05.09.2026
услуги вилочного погрузчика цена за час;1;Свердловская область;05.08.2026 — 05.09.2026
услуги вилочных погрузчиков цена;1;Свердловская область;05.08.2026 — 05.09.2026
погрузчик вилочный бу дизельные купить;1;Свердловская область;05.08.2026 — 05.09.2026
купить бу вилочный погрузчик львовский;1;Свердловская область;05.08.2026 — 05.09.2026
погрузчик вилочный 5 тонн купить бу;1;Свердловская область;05.08.2026 — 05.09.2026
купить вилочный погрузчик бу на авито;1;Свердловская область;05.08.2026 — 05.09.2026
кара вилочный погрузчик бу купить;1;Свердловская область;05.08.2026 — 05.09.2026
двигатель вилочного погрузчика купить;1;Свердловская область;05.08.2026 — 05.09.2026
купить вилочный погрузчик на мтз;1;Свердловская область;05.08.2026 — 05.09.2026
вилочные погрузчики китай купить;1;Свердловская область;05.08.2026 — 05.09.2026
купить вилочный погрузчик 3 5;1;Свердловская область;05.08.2026 — 05.09.2026
купить вилочный погрузчик 3 5 тонны;1;Свердловская область;05.08.2026 — 05.09.2026
купить вилы на вилочный погрузчик;1;Свердловская область;05.08.2026 — 05.09.2026
вилочные погрузчики komatsu купить;1;Свердловская область;05.08.2026 — 05.09.2026
вилочный погрузчик 3.5 тонны купить;1;Свердловская область;05.08.2026 — 05.09.2026
вилочный погрузчик купить оренбург;1;Свердловская область;05.08.2026 — 05.09.2026
купить вилочный погрузчик heli;1;Свердловская область;05.08.2026 — 05.09.2026
купить вилочный погрузчик liugong;1;Свердловская область;05.08.2026 — 05.09.2026
купить вилочный погрузчик trf;1;Свердловская область;05.08.2026 — 05.09.2026
купить вилочный погрузчик люгонг;1;Свердловская область;05.08.2026 — 05.09.2026
купить вилочный погрузчик хели;1;Свердловская область;05.08.2026 — 05.09.2026
купить камеру на вилочный погрузчик;1;Свердловская область;05.08.2026 — 05.09.2026
купить мачту вилочного погрузчика;1;Свердловская область;05.08.2026 — 05.09.2026
погрузчик вилочный 3.5 купить;1;Свердловская область;05.08.2026 — 05.09.2026
куплю телескопический вилочный погрузчик;1;Свердловская область;05.08.2026 — 05.09.2026
купить погрузчик вилочный 1.5 т;1;Свердловская область;05.08.2026 — 05.09.2026
вилочный погрузчик 1 тонна купить;1;Свердловская область;05.08.2026 — 05.09.2026
купить вилочный погрузчик 1 5 тонны;1;Свердловская область;05.08.2026 — 05.09.2026
купить вилочный погрузчик 3т;1;Свердловская область;05.08.2026 — 05.09.2026
купить погрузчик вилочный кара;1;Свердловская область;05.08.2026 — 05.09.2026
фронтальный вилочный погрузчик купить;1;Свердловская область;05.08.2026 — 05.09.2026
вилочный погрузчик 2.5 т;1;Свердловская область;05.08.2026 — 05.09.2026
пятитонный вилочный погрузчик;1;Свердловская область;05.08.2026 — 05.09.2026
вилочный погрузчик линда;1;Свердловская область;05.08.2026 — 05.09.2026
вилочный погрузчик с грузом;1;Свердловская область;05.08.2026 — 05.09.2026
перемещение грузов на вилочном погрузчике;1;Свердловская область;05.08.2026 — 05.09.2026
погрузчик вилочный бу дизельные;1;Свердловская область;05.08.2026 — 05.09.2026
сколько стоит вилочный погрузчик новый;1;Свердловская область;05.08.2026 — 05.09.2026
является ли вилочный погрузчик транспортным средством;1;Свердловская область;05.08.2026 — 05.09.2026
вилочный львовский погрузчик бу;1;Свердловская область;05.08.2026 — 05.09.2026
особенности вилочных погрузчиков;1;Свердловская область;05.08.2026 — 05.09.2026
вилочный погрузчик goodsense fd30;1;Свердловская область;05.08.2026 — 05.09.2026
клапан вилочного погрузчика;1;Свердловская область;05.08.2026 — 05.09.2026
контейнер самоопрокидывающийся под вилочный погрузчик;1;Свердловская область;05.08.2026 — 05.09.2026
вилла вилочного погрузчика;1;Свердловская область;05.08.2026 — 05.09.2026
аренда вилочного погрузчика 10 тонн;1;Свердловская область;05.08.2026 — 05.09.2026
вилочный погрузчик 10 тонн;1;Свердловская область;05.08.2026 — 05.09.2026
вилочный погрузчик какой разряд;1;Свердловская область;05.08.2026 — 05.09.2026
вилочный погрузчик чебоксары;1;Свердловская область;05.08.2026 — 05.09.2026
водитель погрузчика вилочного на склад;1;Свердловская область;05.08.2026 — 05.09.2026
высота вилочного погрузчика 3 тонны;1;Свердловская область;05.08.2026 — 05.09.2026
замена тормозных колодок вилочного погрузчика;1;Свердловская область;05.08.2026 — 05.09.2026
захват рулонный для вилочного погрузчика;1;Свердловская область;05.08.2026 — 05.09.2026
ищу погрузчик вилочный;1;Свердловская область;05.08.2026 — 05.09.2026
как понять вилочный погрузчик;1;Свердловская область;05.08.2026 — 05.09.2026
какая грузоподъемность у вилочного погрузчика;1;Свердловская область;05.08.2026 — 05.09.2026
компактный вилочный погрузчик;1;Свердловская область;05.08.2026 — 05.09.2026
корпус вилочного погрузчика;1;Свердловская область;05.08.2026 — 05.09.2026
минитрактор вилочный погрузчик;1;Свердловская область;05.08.2026 — 05.09.2026
погрузочно разгрузочные работы вилочным погрузчиком;1;Свердловская область;05.08.2026 — 05.09.2026
погрузчики вилочные ищу работу;1;Свердловская область;05.08.2026 — 05.09.2026
прицеп для перевозки вилочного погрузчика;1;Свердловская область;05.08.2026 — 05.09.2026
самый большой вилочный погрузчик;1;Свердловская область;05.08.2026 — 05.09.2026
сколько весит львовский вилочный погрузчик;1;Свердловская область;05.08.2026 — 05.09.2026
тсм погрузчик вилочный дизельный 3 тонны;1;Свердловская область;05.08.2026 — 05.09.2026
учиться на вилочный погрузчик;1;Свердловская область;05.08.2026 — 05.09.2026
учиться на водителя вилочного погрузчика;1;Свердловская область;05.08.2026 — 05.09.2026
вилочные погрузчики закрытые;1;Свердловская область;05.08.2026 — 05.09.2026
вилочные погрузчики катерпиллер;1;Свердловская область;05.08.2026 — 05.09.2026
вилочный погрузчик 6 тонн;1;Свердловская область;05.08.2026 — 05.09.2026
вилочный погрузчик balkancar;1;Свердловская область;05.08.2026 — 05.09.2026
вилочный погрузчик balkancar record;1;Свердловская область;05.08.2026 — 05.09.2026
вилочный погрузчик balkancar record 1638.28 216;1;Свердловская область;05.08.2026 — 05.09.2026
вилочный погрузчик komatsu fd30t 17;1;Свердловская область;05.08.2026 — 05.09.2026
вин номер вилочного погрузчика;1;Свердловская область;05.08.2026 — 05.09.2026
включи вилочный погрузчик;1;Свердловская область;05.08.2026 — 05.09.2026
вод погрузчика вилочного;1;Свердловская область;05.08.2026 — 05.09.2026
замок зажигания на вилочный погрузчик;1;Свердловская область;05.08.2026 — 05.09.2026
как подвести колодки на вилочном погрузчике;1;Свердловская область;05.08.2026 — 05.09.2026
как прокачать тормоза на вилочном погрузчике;1;Свердловская область;05.08.2026 — 05.09.2026
погрузчик вилочный fd30t 17;1;Свердловская область;05.08.2026 — 05.09.2026
погрузчик вилочный komatsu fd30t;1;Свердловская область;05.08.2026 — 05.09.2026
приборная панель вилочного погрузчика;1;Свердловская область;05.08.2026 — 05.09.2026
смазка вилочного погрузчика;1;Свердловская область;05.08.2026 — 05.09.2026
универсальные вилочные погрузчики;1;Свердловская область;05.08.2026 — 05.09.2026
щуп вилочного погрузчика;1;Свердловская область;05.08.2026 — 05.09.2026
электрический погрузчик вилочный погрузчик бу;1;Свердловская область;05.08.2026 — 05.09.2026
сколько атмосфер в колесах вилочного погрузчика;1;Свердловская область;05.08.2026 — 05.09.2026
вилочный погрузчик большие колеса;1;Свердловская область;05.08.2026 — 05.09.2026
самоходный вилочный погрузчик;1;Свердловская область;05.08.2026 — 05.09.2026
аренда вилочный погрузчик оператор;1;Свердловская область;05.08.2026 — 05.09.2026
вездеходный вилочный погрузчик;1;Свердловская область;05.08.2026 — 05.09.2026
вилочные погрузчики относятся к;1;Свердловская область;05.08.2026 — 05.09.2026
вилочный погрузчик 2.5 тонны;1;Свердловская область;05.08.2026 — 05.09.2026
вилочный погрузчик sumitomo;1;Свердловская область;05.08.2026 — 05.09.2026
вилочный погрузчик высота стрелы;1;Свердловская область;05.08.2026 — 05.09.2026
вилочный погрузчик максимальная высота;1;Свердловская область;05.08.2026 — 05.09.2026
вилочный погрузчик чита;1;Свердловская область;05.08.2026 — 05.09.2026
грузоподъемность дизельного вилочного погрузчика;1;Свердловская область;05.08.2026 — 05.09.2026
погрузчик вилочный 3т дизель;1;Свердловская область;05.08.2026 — 05.09.2026
радиус разворота вилочного погрузчика;1;Свердловская область;05.08.2026 — 05.09.2026
разворот вилочного погрузчика;1;Свердловская область;05.08.2026 — 05.09.2026
распределитель вилочного погрузчика;1;Свердловская область;05.08.2026 — 05.09.2026
рейтинг вилочных погрузчиков по надежности;1;Свердловская область;05.08.2026 — 05.09.2026
рейтинг вилочных погрузчиков по надежности и качеству;1;Свердловская область;05.08.2026 — 05.09.2026
хангча вилочные погрузчики;1;Свердловская область;05.08.2026 — 05.09.2026
чем отличается вилочный погрузчик от фронтального;1;Свердловская область;05.08.2026 — 05.09.2026
вилочный погрузчик cpcd 50;1;Свердловская область;05.08.2026 — 05.09.2026
вилочный погрузчик лонкинг;1;Свердловская область;05.08.2026 — 05.09.2026
вилочными погрузчиками называют;1;Свердловская область;05.08.2026 — 05.09.2026
коленвал на вилочный погрузчик;1;Свердловская область;05.08.2026 — 05.09.2026
почему вилочный погрузчик называют кара;1;Свердловская область;05.08.2026 — 05.09.2026
вилочные погрузчики иваново;1;Свердловская область;05.08.2026 — 05.09.2026
вилочные погрузчики киров;1;Свердловская область;05.08.2026 — 05.09.2026
вилочный погрузчик hangcha cpcd15 ag2;1;Свердловская область;05.08.2026 — 05.09.2026
вилочный погрузчик hangcha отзывы;1;Свердловская область;05.08.2026 — 05.09.2026
вилочный погрузчик рязань;1;Свердловская область;05.08.2026 — 05.09.2026
вилочный погрузчик тойота 5 тонн;1;Свердловская область;05.08.2026 — 05.09.2026
инструкция вилочного погрузчика;1;Свердловская область;05.08.2026 — 05.09.2026
класс каретки вилочного погрузчика;1;Свердловская область;05.08.2026 — 05.09.2026
классы вилочных погрузчиков;1;Свердловская область;05.08.2026 — 05.09.2026
погрузчик вилочный 6 т;1;Свердловская область;05.08.2026 — 05.09.2026
ремонт вилочного погрузчика киров;1;Свердловская область;05.08.2026 — 05.09.2026
специальные вилочные погрузчики;1;Свердловская область;05.08.2026 — 05.09.2026
стрела на вилочный погрузчик;1;Свердловская область;05.08.2026 — 05.09.2026
тест вилочного погрузчика вилочный;1;Свердловская область;05.08.2026 — 05.09.2026
электрическая схема вилочного погрузчика;1;Свердловская область;05.08.2026 — 05.09.2026
hangcha cpcd вилочный погрузчик;1;Свердловская область;05.08.2026 — 05.09.2026
авито погрузчик вилочный работа;1;Свердловская область;05.08.2026 — 05.09.2026
аренда вилочного погрузчика без водителя;1;Свердловская область;05.08.2026 — 05.09.2026
аренда вилочного погрузчика на месяц;1;Свердловская область;05.08.2026 — 05.09.2026
аренда вилочного погрузчика челябинск;1;Свердловская область;05.08.2026 — 05.09.2026
аренда погрузчик вилочный авито;1;Свердловская область;05.08.2026 — 05.09.2026
вес вилочного дизельного погрузчика;1;Свердловская область;05.08.2026 — 05.09.2026
взять в аренду погрузчик вилочный;1;Свердловская область;05.08.2026 — 05.09.2026
вилочные погрузчики kalmar;1;Свердловская область;05.08.2026 — 05.09.2026
вилочные погрузчики сайт;1;Свердловская область;05.08.2026 — 05.09.2026
вилочные погрузчики сургут;1;Свердловская область;05.08.2026 — 05.09.2026
вилочные погрузчики уфа;1;Свердловская область;05.08.2026 — 05.09.2026
вилочные погрузчики хабаровск;1;Свердловская область;05.08.2026 — 05.09.2026
вилочный дизельный погрузчик cpcd30;1;Свердловская область;05.08.2026 — 05.09.2026
вилочный погрузчик 30de 7;1;Свердловская область;05.08.2026 — 05.09.2026
вилочный погрузчик 5 тонн габариты;1;Свердловская область;05.08.2026 — 05.09.2026
вилочный погрузчик 7 т;1;Свердловская область;05.08.2026 — 05.09.2026
вилочный погрузчик 7т;1;Свердловская область;05.08.2026 — 05.09.2026
вилочный погрузчик aurora forklift;1;Свердловская область;05.08.2026 — 05.09.2026
вилочный погрузчик grace;1;Свердловская область;05.08.2026 — 05.09.2026
вилочный погрузчик heli cpcd;1;Свердловская область;05.08.2026 — 05.09.2026
вилочный погрузчик leotrack hd50в;1;Свердловская область;05.08.2026 — 05.09.2026
вилочный погрузчик liugong cpcd50;1;Свердловская область;05.08.2026 — 05.09.2026
вилочный погрузчик toyota 62 8fd15;1;Свердловская область;05.08.2026 — 05.09.2026
вилочный погрузчик un;1;Свердловская область;05.08.2026 — 05.09.2026
вилочный погрузчик yett;1;Свердловская область;05.08.2026 — 05.09.2026
вилочный погрузчик в наличии;1;Свердловская область;05.08.2026 — 05.09.2026
вилочный погрузчик грузоподъемность 1 тонна;1;Свердловская область;05.08.2026 — 05.09.2026
вилочный погрузчик жак 3.5 тонн;1;Свердловская область;05.08.2026 — 05.09.2026
вилочный погрузчик замена роликов;1;Свердловская область;05.08.2026 — 05.09.2026
вилочный погрузчик коды ошибок;1;Свердловская область;05.08.2026 — 05.09.2026
вилочный погрузчик мультик;1;Свердловская область;05.08.2026 — 05.09.2026
вилочный погрузчик на гусеницах;1;Свердловская область;05.08.2026 — 05.09.2026
вилочный погрузчик оренбург;1;Свердловская область;05.08.2026 — 05.09.2026
вилочный погрузчик раскраска;1;Свердловская область;05.08.2026 — 05.09.2026
вилочный погрузчик рф;1;Свердловская область;05.08.2026 — 05.09.2026
вилочный погрузчик свободный ход;1;Свердловская область;05.08.2026 — 05.09.2026
вилочный погрузчик сыктывкар;1;Свердловская область;05.08.2026 — 05.09.2026
вилочный погрузчик части;1;Свердловская область;05.08.2026 — 05.09.2026
внедорожные вилочные погрузчики;1;Свердловская область;05.08.2026 — 05.09.2026
где поставить на учет вилочный погрузчик;1;Свердловская область;05.08.2026 — 05.09.2026
гидроцилиндр вилочного погрузчика;1;Свердловская область;05.08.2026 — 05.09.2026
дизельные двигатели на вилочный погрузчик;1;Свердловская область;05.08.2026 — 05.09.2026
длина вил вилочного погрузчика;1;Свердловская область;05.08.2026 — 05.09.2026
дорн для вилочного погрузчика;1;Свердловская область;05.08.2026 — 05.09.2026
заказывайте вилочный погрузчик;1;Свердловская область;05.08.2026 — 05.09.2026
запасные части вилочных погрузчиков;1;Свердловская область;05.08.2026 — 05.09.2026
запчасти на вилочный погрузчик komatsu;1;Свердловская область;05.08.2026 — 05.09.2026
каталог запчастей на вилочный погрузчик;1;Свердловская область;05.08.2026 — 05.09.2026
код окоф погрузчик вилочный;1;Свердловская область;05.08.2026 — 05.09.2026
компания вилочного погрузчика;1;Свердловская область;05.08.2026 — 05.09.2026
можно ли на вилочном погрузчике ездить;1;Свердловская область;05.08.2026 — 05.09.2026
налог на погрузчик вилочный;1;Свердловская область;05.08.2026 — 05.09.2026
небольшой вилочный погрузчик;1;Свердловская область;05.08.2026 — 05.09.2026
нужна работа на вилочный погрузчик;1;Свердловская область;05.08.2026 — 05.09.2026
нужно ли ставить на учет вилочный погрузчик;1;Свердловская область;05.08.2026 — 05.09.2026
объем бака вилочного погрузчика;1;Свердловская область;05.08.2026 — 05.09.2026
объем двигателя вилочного погрузчика;1;Свердловская область;05.08.2026 — 05.09.2026
ооо вилочный погрузчик;1;Свердловская область;05.08.2026 — 05.09.2026
отопитель вилочного погрузчика;1;Свердловская область;05.08.2026 — 05.09.2026
погрузчик вилочный cpcd35 m1k2c;1;Свердловская область;05.08.2026 — 05.09.2026
погрузчик вилочный hangcha cpcd30;1;Свердловская область;05.08.2026 — 05.09.2026
погрузчик вилочный дизельный фото;1;Свердловская область;05.08.2026 — 05.09.2026
погрузчик вилочный электрический дизельный;1;Свердловская область;05.08.2026 — 05.09.2026
погрузчик электрический вилочный jac;1;Свердловская область;05.08.2026 — 05.09.2026
постановка на учет вилочного погрузчика;1;Свердловская область;05.08.2026 — 05.09.2026
предприятие вилочных погрузчиков;1;Свердловская область;05.08.2026 — 05.09.2026
путевой лист вилочного погрузчика;1;Свердловская область;05.08.2026 — 05.09.2026
ролик мачты вилочного погрузчика;1;Свердловская область;05.08.2026 — 05.09.2026
сколько весит погрузчик вилочный 1.5;1;Свердловская область;05.08.2026 — 05.09.2026
сколько весит погрузчик вилочный 1.5 тонн;1;Свердловская область;05.08.2026 — 05.09.2026
сравнение вилочных погрузчиков;1;Свердловская область;05.08.2026 — 05.09.2026
транспортный налог на вилочный погрузчик;1;Свердловская область;05.08.2026 — 05.09.2026
требуются вилочные погрузчики;1;Свердловская область;05.08.2026 — 05.09.2026
устройство мачты вилочного погрузчика;1;Свердловская область;05.08.2026 — 05.09.2026
характеристики вилочного погрузчика комацу;1;Свердловская область;05.08.2026 — 05.09.2026
цепи противоскольжения для вилочных погрузчиков;1;Свердловская область;05.08.2026 — 05.09.2026
цилиндр подъема вилочного погрузчика;1;Свердловская область;05.08.2026 — 05.09.2026
шиномонтаж для вилочных погрузчиков;1;Свердловская область;05.08.2026 — 05.09.2026
электрический вилочный погрузчик trf e15 3i4;1;Свердловская область;05.08.2026 — 05.09.2026
вилочный телескопический погрузчик jcb;1;Свердловская область;05.08.2026 — 05.09.2026
вилочный погрузчик 20 тонн;1;Свердловская область;05.08.2026 — 05.09.2026
вилочный погрузчик 20 тонн аренда;1;Свердловская область;05.08.2026 — 05.09.2026
вилочный погрузчик 20т;1;Свердловская область;05.08.2026 — 05.09.2026
вилочный погрузчик 4 квт;1;Свердловская область;05.08.2026 — 05.09.2026
вилочный погрузчик jac 3 тонны;1;Свердловская область;05.08.2026 — 05.09.2026
вилочный погрузчик код тн вэд;1;Свердловская область;05.08.2026 — 05.09.2026
вилочный погрузчик код тнвэд;1;Свердловская область;05.08.2026 — 05.09.2026
вилочный погрузчик твэкс вп 05;1;Свердловская область;05.08.2026 — 05.09.2026
вилочный погрузчик телескоп;1;Свердловская область;05.08.2026 — 05.09.2026
вилочный погрузчик тнвэд;1;Свердловская область;05.08.2026 — 05.09.2026
вилочный погрузчик тойота 15;1;Свердловская область;05.08.2026 — 05.09.2026
вилочный погрузчик тойота характеристики;1;Свердловская область;05.08.2026 — 05.09.2026
гидравлическое масло в вилочный погрузчик;1;Свердловская область;05.08.2026 — 05.09.2026
диск сцепления вилочного погрузчика;1;Свердловская область;05.08.2026 — 05.09.2026
игры вилочные погрузчики;1;Свердловская область;05.08.2026 — 05.09.2026
какая модель погрузчика вилочного;1;Свердловская область;05.08.2026 — 05.09.2026
какие права нужны на вилочный погрузчик дизельный;1;Свердловская область;05.08.2026 — 05.09.2026
кран балка на вилочный погрузчик;1;Свердловская область;05.08.2026 — 05.09.2026
кран насадка на вилочный погрузчик;1;Свердловская область;05.08.2026 — 05.09.2026
кресло для вилочного погрузчика;1;Свердловская область;05.08.2026 — 05.09.2026
крюк для вилочного погрузчика;1;Свердловская область;05.08.2026 — 05.09.2026
лучшие вилочные погрузчики рейтинг;1;Свердловская область;05.08.2026 — 05.09.2026
объем масла в вилочном погрузчике;1;Свердловская область;05.08.2026 — 05.09.2026
права на погрузчик вилочный дизельный;1;Свердловская область;05.08.2026 — 05.09.2026
правила эксплуатации вилочного погрузчика;1;Свердловская область;05.08.2026 — 05.09.2026
роторный снегоуборщик для вилочного погрузчика;1;Свердловская область;05.08.2026 — 05.09.2026
сиденье для вилочного погрузчика yy51;1;Свердловская область;05.08.2026 — 05.09.2026
снегоуборщик для вилочного погрузчика;1;Свердловская область;05.08.2026 — 05.09.2026
транспортировка вилочного погрузчика;1;Свердловская область;05.08.2026 — 05.09.2026
ханча погрузчик вилочный 3 тонны;1;Свердловская область;05.08.2026 — 05.09.2026
вилочные погрузчики cat;1;Свердловская область;05.08.2026 — 05.09.2026
вилочный погрузчик вп 03;1;Свердловская область;05.08.2026 — 05.09.2026
билеты вилочный погрузчик;1;Свердловская область;05.08.2026 — 05.09.2026
водитель вилочного погрузчика обучение;1;Свердловская область;05.08.2026 — 05.09.2026
аренда вилочного погрузчика в нижнем;1;Свердловская область;05.08.2026 — 05.09.2026
вилочный погрузчик 3 тонны габариты;1;Свердловская область;05.08.2026 — 05.09.2026
вилочный погрузчик гост;1;Свердловская область;05.08.2026 — 05.09.2026
водитель вилочного погрузчика без опыта;1;Свердловская область;05.08.2026 — 05.09.2026
чехол на погрузчик вилочный 3 5 тонны;1;Свердловская область;05.08.2026 — 05.09.2026
heli погрузчик вилочный характеристики;1;Свердловская область;05.08.2026 — 05.09.2026
аренда вилочного погрузчика aurora rus;1;Свердловская область;05.08.2026 — 05.09.2026
аренда вилочного погрузчика в самаре;1;Свердловская область;05.08.2026 — 05.09.2026
аренда вилочного погрузчика в твери;1;Свердловская область;05.08.2026 — 05.09.2026
аренда вилочного погрузчика в туле;1;Свердловская область;05.08.2026 — 05.09.2026
аренда вилочный погрузчик краснодар;1;Свердловская область;05.08.2026 — 05.09.2026
вакансии пермь водитель погрузчика вилочного;1;Свердловская область;05.08.2026 — 05.09.2026
вес погрузчика вилочного 3т;1;Свердловская область;05.08.2026 — 05.09.2026
вилочные погрузчики daewoo;1;Свердловская область;05.08.2026 — 05.09.2026
вилочные погрузчики китайски дизельные;1;Свердловская область;05.08.2026 — 05.09.2026
вилочные погрузчики самара;1;Свердловская область;05.08.2026 — 05.09.2026
вилочный погрузчик 4х4;1;Свердловская область;05.08.2026 — 05.09.2026
вилочный погрузчик 5 тонн характеристики;1;Свердловская область;05.08.2026 — 05.09.2026
вилочный погрузчик as hangha запчасти;1;Свердловская область;05.08.2026 — 05.09.2026
вилочный погрузчик cpd30;1;Свердловская область;05.08.2026 — 05.09.2026
вилочный погрузчик амкодор;1;Свердловская область;05.08.2026 — 05.09.2026
вилочный погрузчик владивосток;1;Свердловская область;05.08.2026 — 05.09.2026
вилочный погрузчик дэу;1;Свердловская область;05.08.2026 — 05.09.2026
вилочный погрузчик кара бу;1;Свердловская область;05.08.2026 — 05.09.2026
вилочный погрузчик комацу 3 тонны;1;Свердловская область;05.08.2026 — 05.09.2026
вилочный погрузчик перевозит груз;1;Свердловская область;05.08.2026 — 05.09.2026
вилочный погрузчик расход топлива в час;1;Свердловская область;05.08.2026 — 05.09.2026
вилочный погрузчик тула;1;Свердловская область;05.08.2026 — 05.09.2026
водитель вилочного погрузчика 5 разряда;1;Свердловская область;05.08.2026 — 05.09.2026
водитель вилочного погрузчика пермь;1;Свердловская область;05.08.2026 — 05.09.2026
давление в колесах вилочного погрузчика;1;Свердловская область;05.08.2026 — 05.09.2026
замена масла в коробке погрузчика вилочного;1;Свердловская область;05.08.2026 — 05.09.2026
замена топливного фильтра вилочного погрузчика;1;Свердловская область;05.08.2026 — 05.09.2026
как перевезти вилочный погрузчик;1;Свердловская область;05.08.2026 — 05.09.2026
как перевозить вилочный погрузчик;1;Свердловская область;05.08.2026 — 05.09.2026
как сделать вилочный погрузчик;1;Свердловская область;05.08.2026 — 05.09.2026
комацу погрузчик вилочный 5 тонн;1;Свердловская область;05.08.2026 — 05.09.2026
легкий вилочный погрузчик;1;Свердловская область;05.08.2026 — 05.09.2026
найти работу вилочного погрузчика;1;Свердловская область;05.08.2026 — 05.09.2026
погрузчик вилочный heli 15;1;Свердловская область;05.08.2026 — 05.09.2026
погрузчик вилочный тверь;1;Свердловская область;05.08.2026 — 05.09.2026
погрузчики вилочные беларусь;1;Свердловская область;05.08.2026 — 05.09.2026
проверка вилочных погрузчиков;1;Свердловская область;05.08.2026 — 05.09.2026
продам погрузчик вилочный б у;1;Свердловская область;05.08.2026 — 05.09.2026
сколько качать колеса на вилочном погрузчике;1;Свердловская область;05.08.2026 — 05.09.2026
сколько масла в вилочном погрузчике;1;Свердловская область;05.08.2026 — 05.09.2026
стоимость обучения на вилочный погрузчик;1;Свердловская область;05.08.2026 — 05.09.2026
что делает вилочный погрузчик;1;Свердловская область;05.08.2026 — 05.09.2026
штабелер и вилочный погрузчик разница;1;Свердловская область;05.08.2026 — 05.09.2026
какие права нужны для погрузчика на складе;1;Свердловская область;05.08.2026 — 05.09.2026
техника для склада погрузчик;1;Свердловская область;05.08.2026 — 05.09.2026
виды погрузчиков для склада;1;Свердловская область;05.08.2026 — 05.09.2026
погрузчик для минитрактора купить;1;Свердловская область;05.08.2026 — 05.09.2026
фронтальный погрузчик для минитрактора купить;1;Свердловская область;05.08.2026 — 05.09.2026
вакансии для машиниста погрузчика;1;Свердловская область;05.08.2026 — 05.09.2026
зубы для ковша погрузчика;1;Свердловская область;05.08.2026 — 05.09.2026
какая категория для вилочного погрузчика;1;Свердловская область;05.08.2026 — 05.09.2026
какая категория нужна для вилочного погрузчика;1;Свердловская область;05.08.2026 — 05.09.2026
какая категория прав для вилочного погрузчика;1;Свердловская область;05.08.2026 — 05.09.2026
какая категория прав нужна для вилочного погрузчика;1;Свердловская область;05.08.2026 — 05.09.2026
категория для вилочного погрузчика;1;Свердловская область;05.08.2026 — 05.09.2026
категория прав для вилочного погрузчика;1;Свердловская область;05.08.2026 — 05.09.2026
купить мини погрузчик для уборки;1;Свердловская область;05.08.2026 — 05.09.2026
купить мини погрузчик для уборки снега;1;Свердловская область;05.08.2026 — 05.09.2026
мини погрузчик для снега купить;1;Свердловская область;05.08.2026 — 05.09.2026
мини погрузчик для частного дома;1;Свердловская область;05.08.2026 — 05.09.2026
приспособления для погрузки погрузчиком;1;Свердловская область;05.08.2026 — 05.09.2026
прицеп для перевозки погрузчика;1;Свердловская область;05.08.2026 — 05.09.2026
рулонный захват для погрузчика;1;Свердловская область;05.08.2026 — 05.09.2026
телега для погрузчика;1;Свердловская область;05.08.2026 — 05.09.2026
фронтальный погрузчик предназначен для;1;Свердловская область;05.08.2026 — 05.09.2026
шины 6 50 10 для погрузчика;1;Свердловская область;05.08.2026 — 05.09.2026
водитель погрузчика вахта для;1;Свердловская область;05.08.2026 — 05.09.2026
ворота для погрузчиков;1;Свердловская область;05.08.2026 — 05.09.2026
захват биг бэгов для погрузчиков;1;Свердловская область;05.08.2026 — 05.09.2026
захваты для мини погрузчиков;1;Свердловская область;05.08.2026 — 05.09.2026
ковш бетоносмесительный для погрузчика;1;Свердловская область;05.08.2026 — 05.09.2026
крюк для погрузчика биг бэгов;1;Свердловская область;05.08.2026 — 05.09.2026
погрузчик для поддонов как называется;1;Свердловская область;05.08.2026 — 05.09.2026
свежие вакансии для водителя фронтального погрузчика;1;Свердловская область;05.08.2026 — 05.09.2026
шины 20 5 25 для фронтального погрузчика;1;Свердловская область;05.08.2026 — 05.09.2026
запчасти для погрузчика амкодор;1;Свердловская область;05.08.2026 — 05.09.2026
козырек для погрузчика;1;Свердловская область;05.08.2026 — 05.09.2026
корчеватель для погрузчика;1;Свердловская область;05.08.2026 — 05.09.2026
корчеватель для фронтального погрузчика;1;Свердловская область;05.08.2026 — 05.09.2026
16 70 20 шина для погрузчика;1;Свердловская область;05.08.2026 — 05.09.2026
билеты для водителя погрузчика;1;Свердловская область;05.08.2026 — 05.09.2026
билеты для погрузчиков;1;Свердловская область;05.08.2026 — 05.09.2026
камера 7.00 12 для погрузчика;1;Свердловская область;05.08.2026 — 05.09.2026
категории для водителя погрузчика;1;Свердловская область;05.08.2026 — 05.09.2026
категория для погрузчика билеты;1;Свердловская область;05.08.2026 — 05.09.2026
шины для погрузчиков с отверстиями;1;Свердловская область;05.08.2026 — 05.09.2026
ключ для погрузчика резидент;1;Свердловская область;05.08.2026 — 05.09.2026
насадки для мини погрузчика;1;Свердловская область;05.08.2026 — 05.09.2026
насадки для фронтального погрузчика;1;Свердловская область;05.08.2026 — 05.09.2026
погрузчик для дачи;1;Свердловская область;05.08.2026 — 05.09.2026
погрузчик для квадроцикла;1;Свердловская область;05.08.2026 — 05.09.2026
права для трактора погрузчика;1;Свердловская область;05.08.2026 — 05.09.2026
оквэд для погрузчика;1;Свердловская область;05.08.2026 — 05.09.2026
белые шины для погрузчика;1;Свердловская область;05.08.2026 — 05.09.2026
ковш для погрузчика своими руками;1;Свердловская область;05.08.2026 — 05.09.2026
кун погрузчик для трактора;1;Свердловская область;05.08.2026 — 05.09.2026
купить гидромолот для экскаватора погрузчика;1;Свердловская область;05.08.2026 — 05.09.2026
вилочный погрузчик для биг бэгов;1;Свердловская область;05.08.2026 — 05.09.2026
гидромотор для мини погрузчик;1;Свердловская область;05.08.2026 — 05.09.2026
кресло для погрузчика фронтального;1;Свердловская область;05.08.2026 — 05.09.2026
литиевые аккумуляторы для погрузчиков;1;Свердловская область;05.08.2026 — 05.09.2026
реле для погрузчика;1;Свердловская область;05.08.2026 — 05.09.2026
скачать погрузчик для фс 22;1;Свердловская область;05.08.2026 — 05.09.2026
уклон для погрузчика;1;Свердловская область;05.08.2026 — 05.09.2026
акб литий для погрузчика;1;Свердловская область;05.08.2026 — 05.09.2026
аккумулятор для погрузчика литий;1;Свердловская область;05.08.2026 — 05.09.2026
бандажные шины для погрузчиков;1;Свердловская область;05.08.2026 — 05.09.2026
бортовые весы для фронтального погрузчика;1;Свердловская область;05.08.2026 — 05.09.2026
вала для погрузчика;1;Свердловская область;05.08.2026 — 05.09.2026
видео для детей про погрузчик;1;Свердловская область;05.08.2026 — 05.09.2026
водяной насос для погрузчика;1;Свердловская область;05.08.2026 — 05.09.2026
гайка для колеса погрузчика;1;Свердловская область;05.08.2026 — 05.09.2026
гидронасос для погрузчика;1;Свердловская область;05.08.2026 — 05.09.2026
гидрораспределитель для погрузчика;1;Свердловская область;05.08.2026 — 05.09.2026
диски для экскаватор погрузчик;1;Свердловская область;05.08.2026 — 05.09.2026
для погрузчиков dalian;1;Свердловская область;05.08.2026 — 05.09.2026
домкрат для фронтального погрузчика;1;Свердловская область;05.08.2026 — 05.09.2026
дорн для погрузчика;1;Свердловская область;05.08.2026 — 05.09.2026
заказы для экскаватора погрузчика;1;Свердловская область;05.08.2026 — 05.09.2026
зарядная станция для погрузчика;1;Свердловская область;05.08.2026 — 05.09.2026
зарядное устройство епк для погрузчика 80в;1;Свердловская область;05.08.2026 — 05.09.2026
как называется погрузчик для контейнеров;1;Свердловская область;05.08.2026 — 05.09.2026
карданный вал для погрузчика;1;Свердловская область;05.08.2026 — 05.09.2026
карьерные шины для погрузчика;1;Свердловская область;05.08.2026 — 05.09.2026
ковш челюстной для фронтального погрузчика;1;Свердловская область;05.08.2026 — 05.09.2026
колеса для экскаваторов погрузчиков;1;Свердловская область;05.08.2026 — 05.09.2026
колеса металлические для погрузчика;1;Свердловская область;05.08.2026 — 05.09.2026
контроллеры для погрузчика;1;Свердловская область;05.08.2026 — 05.09.2026
кпп для фронтальных погрузчиков;1;Свердловская область;05.08.2026 — 05.09.2026
л с для погрузчиков;1;Свердловская область;05.08.2026 — 05.09.2026
лампы для погрузчиков;1;Свердловская область;05.08.2026 — 05.09.2026
литиевые батареи для погрузчиков;1;Свердловская область;05.08.2026 — 05.09.2026
литий ионный аккумулятор для погрузчика;1;Свердловская область;05.08.2026 — 05.09.2026
литые колеса для погрузчика;1;Свердловская область;05.08.2026 — 05.09.2026
мини погрузчик для домашнего хозяйства;1;Свердловская область;05.08.2026 — 05.09.2026
мини погрузчик для домашнего хозяйства цена;1;Свердловская область;05.08.2026 — 05.09.2026
навесное для телескопического погрузчика;1;Свердловская область;05.08.2026 — 05.09.2026
навесное оборудование для телескопического погрузчика;1;Свердловская область;05.08.2026 — 05.09.2026
оборудование для телескопических погрузчиков;1;Свердловская область;05.08.2026 — 05.09.2026
пгу для погрузчика;1;Свердловская область;05.08.2026 — 05.09.2026
планировочная рамка для погрузчика;1;Свердловская область;05.08.2026 — 05.09.2026
планшет для погрузчика;1;Свердловская область;05.08.2026 — 05.09.2026
погрузчик для карьера;1;Свердловская область;05.08.2026 — 05.09.2026
погрузчик для контейнеров 40;1;Свердловская область;05.08.2026 — 05.09.2026
погрузчик для контейнеров 40 футов;1;Свердловская область;05.08.2026 — 05.09.2026
погрузчик для предприятий;1;Свердловская область;05.08.2026 — 05.09.2026
погрузчик для сыпучих материалов;1;Свердловская область;05.08.2026 — 05.09.2026
погрузчики для бревен;1;Свердловская область;05.08.2026 — 05.09.2026
погрузчики для карьеров;1;Свердловская область;05.08.2026 — 05.09.2026
пресс шиномонтажный для цельнолитых шин погрузчика;1;Свердловская область;05.08.2026 — 05.09.2026
размеры для вилочного погрузчика;1;Свердловская область;05.08.2026 — 05.09.2026
рампа для погрузчика;1;Свердловская область;05.08.2026 — 05.09.2026
рампа мобильная для погрузчика;1;Свердловская область;05.08.2026 — 05.09.2026
раскраска погрузчик для детей;1;Свердловская область;05.08.2026 — 05.09.2026
ротор для погрузчика;1;Свердловская область;05.08.2026 — 05.09.2026
рулевая колонка для погрузчика;1;Свердловская область;05.08.2026 — 05.09.2026
сайдшифт для погрузчика что это;1;Свердловская область;05.08.2026 — 05.09.2026
самоопрокидывающийся контейнер для погрузчика;1;Свердловская область;05.08.2026 — 05.09.2026
сидение для фронтального погрузчика;1;Свердловская область;05.08.2026 — 05.09.2026
стартер для вилочного погрузчика;1;Свердловская область;05.08.2026 — 05.09.2026
стекло для экскаватора погрузчика;1;Свердловская область;05.08.2026 — 05.09.2026
ступица для колес погрузчика;1;Свердловская область;05.08.2026 — 05.09.2026
ступица для погрузчика;1;Свердловская область;05.08.2026 — 05.09.2026
тент для погрузчика;1;Свердловская область;05.08.2026 — 05.09.2026
тесты для водителей погрузчиков;1;Свердловская область;05.08.2026 — 05.09.2026
угол наклона пандуса для погрузчика;1;Свердловская область;05.08.2026 — 05.09.2026
угол пандуса для погрузчика;1;Свердловская область;05.08.2026 — 05.09.2026
фронтальный погрузчик для бревен;1;Свердловская область;05.08.2026 — 05.09.2026
характеристики для шин для погрузчиков;1;Свердловская область;05.08.2026 — 05.09.2026
чертеж ковша для погрузчика;1;Свердловская область;05.08.2026 — 05.09.2026
шины 8 15 15 для погрузчика цена;1;Свердловская область;05.08.2026 — 05.09.2026
шины диски для погрузчиков;1;Свердловская область;05.08.2026 — 05.09.2026
шины для погрузчика 6.00 9;1;Свердловская область;05.08.2026 — 05.09.2026
рамка для номера погрузчика;1;Свердловская область;05.08.2026 — 05.09.2026
blue spot для погрузчиков;1;Свердловская область;05.08.2026 — 05.09.2026
погрузчик для мотоблока;1;Свердловская область;05.08.2026 — 05.09.2026
светодиодные фары для погрузчиков;1;Свердловская область;05.08.2026 — 05.09.2026
28х9 15 шина для погрузчика;1;Свердловская область;05.08.2026 — 05.09.2026
7.00 12 шины для погрузчика цельнолитые;1;Свердловская область;05.08.2026 — 05.09.2026
автошины для погрузчика;1;Свердловская область;05.08.2026 — 05.09.2026
вилы для мини погрузчиков;1;Свердловская область;05.08.2026 — 05.09.2026
вилы для погрузчика защита;1;Свердловская область;05.08.2026 — 05.09.2026
вилы паллетные для погрузчика защита;1;Свердловская область;05.08.2026 — 05.09.2026
для выгрузки погрузчиком;1;Свердловская область;05.08.2026 — 05.09.2026
запчасти для львовского погрузчика;1;Свердловская область;05.08.2026 — 05.09.2026
запчасти для погрузчиков hyundai;1;Свердловская область;05.08.2026 — 05.09.2026
запчасти для фронтального погрузчика hyundai;1;Свердловская область;05.08.2026 — 05.09.2026
ип для экскаватора погрузчика;1;Свердловская область;05.08.2026 — 05.09.2026
камера 16 70 20 для погрузчика;1;Свердловская область;05.08.2026 — 05.09.2026
клык вил для погрузчика;1;Свердловская область;05.08.2026 — 05.09.2026
клыки для погрузчика;1;Свердловская область;05.08.2026 — 05.09.2026
код тн вэд для погрузчика;1;Свердловская область;05.08.2026 — 05.09.2026
моды для фс 25 погрузчики;1;Свердловская область;05.08.2026 — 05.09.2026
навесное для мини погрузчика;1;Свердловская область;05.08.2026 — 05.09.2026
навесное оборудование для мини погрузчика;1;Свердловская область;05.08.2026 — 05.09.2026
насадка для вилочного погрузчика;1;Свердловская область;05.08.2026 — 05.09.2026
ниппель для погрузчика;1;Свердловская область;05.08.2026 — 05.09.2026
нормы сиз для водителя погрузчика;1;Свердловская область;05.08.2026 — 05.09.2026
погрузчик для колец;1;Свердловская область;05.08.2026 — 05.09.2026
погрузчики для бетона;1;Свердловская область;05.08.2026 — 05.09.2026
погрузчики для фс 25;1;Свердловская область;05.08.2026 — 05.09.2026
путевой лист для экскаватора погрузчика образец;1;Свердловская область;05.08.2026 — 05.09.2026
путевые листы для экскаватора погрузчика;1;Свердловская область;05.08.2026 — 05.09.2026
румакс запчасти для погрузчиков;1;Свердловская область;05.08.2026 — 05.09.2026
снегоуборщик для погрузчика;1;Свердловская область;05.08.2026 — 05.09.2026
сталь для ковша погрузчика;1;Свердловская область;05.08.2026 — 05.09.2026
установка для фронтального погрузчика;1;Свердловская область;05.08.2026 — 05.09.2026
чехол для вилочного погрузчика;1;Свердловская область;05.08.2026 — 05.09.2026
шина для вилочного погрузчика 7.00 12;1;Свердловская область;05.08.2026 — 05.09.2026
масло для дизельного погрузчика;1;Свердловская область;05.08.2026 — 05.09.2026
моторное масло для дизельного погрузчика;1;Свердловская область;05.08.2026 — 05.09.2026
электродвигатель для погрузчика;1;Свердловская область;05.08.2026 — 05.09.2026
ковши для погрузчика мтз;1;Свердловская область;05.08.2026 — 05.09.2026
погрузчик мультик для мальчиков;1;Свердловская область;05.08.2026 — 05.09.2026
погрузчик пку для мтз;1;Свердловская область;05.08.2026 — 05.09.2026
погрузчики для мтз кун;1;Свердловская область;05.08.2026 — 05.09.2026
гост для погрузчиков;1;Свердловская область;05.08.2026 — 05.09.2026
камера для шины погрузчика;1;Свердловская область;05.08.2026 — 05.09.2026
смазка для экскаватора погрузчика;1;Свердловская область;05.08.2026 — 05.09.2026
купить щетку для погрузчика;1;Свердловская область;05.08.2026 — 05.09.2026
сигнал для погрузчика;1;Свердловская область;05.08.2026 — 05.09.2026
скачать моды для фс 19 вольво погрузчик;1;Свердловская область;05.08.2026 — 05.09.2026
щетка для вилочного погрузчика;1;Свердловская область;05.08.2026 — 05.09.2026
погрузчик для дров;1;Свердловская область;05.08.2026 — 05.09.2026
погрузчик для поленьев;1;Свердловская область;05.08.2026 — 05.09.2026
вакансии для водителей вилочного погрузчика;1;Свердловская область;05.08.2026 — 05.09.2026
водительское удостоверение для погрузчика;1;Свердловская область;05.08.2026 — 05.09.2026
гараж для погрузчика;1;Свердловская область;05.08.2026 — 05.09.2026
гидроаккумуляторы для погрузчика;1;Свердловская область;05.08.2026 — 05.09.2026
документы для работы на погрузчике;1;Свердловская область;05.08.2026 — 05.09.2026
документы для работы на погрузчике какие;1;Свердловская область;05.08.2026 — 05.09.2026
какая категория нужна для работы на погрузчике;1;Свердловская область;05.08.2026 — 05.09.2026
какие документы нужны для работы на погрузчике;1;Свердловская область;05.08.2026 — 05.09.2026
какие нужны документы для водителя погрузчика;1;Свердловская область;05.08.2026 — 05.09.2026
категория для работы на погрузчике;1;Свердловская область;05.08.2026 — 05.09.2026
колеса для кары погрузчика;1;Свердловская область;05.08.2026 — 05.09.2026
купить отвал для снега на погрузчик;1;Свердловская область;05.08.2026 — 05.09.2026
мини погрузчик для сена;1;Свердловская область;05.08.2026 — 05.09.2026
погрузчик для цеха;1;Свердловская область;05.08.2026 — 05.09.2026
программа стажировки для водителя погрузчика;1;Свердловская область;05.08.2026 — 05.09.2026
работа для мини погрузчика;1;Свердловская область;05.08.2026 — 05.09.2026
ремонт тяговых аккумуляторов для погрузчиков;1;Свердловская область;05.08.2026 — 05.09.2026
самодельный погрузчик для сена;1;Свердловская область;05.08.2026 — 05.09.2026
свежие вакансии для водителя вилочного погрузчика;1;Свердловская область;05.08.2026 — 05.09.2026
стажировка для водителя погрузчика;1;Свердловская область;05.08.2026 — 05.09.2026
что нужно для водителя погрузчика;1;Свердловская область;05.08.2026 — 05.09.2026
что нужно для обучения на водителя погрузчика;1;Свердловская область;05.08.2026 — 05.09.2026
что нужно для управления экскаватором погрузчиком;1;Свердловская область;05.08.2026 — 05.09.2026
